Gene	featureScore	Group	prob
ENSG00000000938	0.0692659250376506	1	0.47612104300178
ENSG00000000971	0.127733720879476	1	0.568091858888174
ENSG00000001617	0.0841129816329427	1	0.539058515146002
ENSG00000001626	0.0504126955658586	2	0.47588542785301
ENSG00000002745	0.0666084275094277	3	0.499964959879878
ENSG00000002933	0.0129019118221216	2	0.396111930562291
ENSG00000003137	0.0406008665249813	3	0.473182037786101
ENSG00000003400	0.0207346037939947	1	0.395948152025938
ENSG00000003402	0.0332812376654259	1	0.402425258170253
ENSG00000003436	0.0419277844899378	1	0.4706463795447
ENSG00000003989	0.0368481635239983	1	0.458821412752638
ENSG00000004468	0.0686025373109339	2	0.482247693408162
ENSG00000004776	0.00198817528098028	1	0.352023786975208
ENSG00000004777	0.0162508968708436	1	0.422429069580364
ENSG00000004779	0.104902214695883	3	0.543790259318682
ENSG00000004799	0.0462201307961931	2	0.457593518708015
ENSG00000004864	0.0553860608141451	2	0.478023902260771
ENSG00000005059	0.0286375293682267	2	0.409857486063499
ENSG00000005381	0.023067980406261	3	0.44168218035285
ENSG00000005513	0.0520170350155432	2	0.496070439399354
ENSG00000005844	0.0692280355674408	2	0.510803518194493
ENSG00000006016	0.0467322942730624	1	0.440637446476686
ENSG00000006042	0.122771214390504	2	0.584232955831422
ENSG00000006062	0.00660773330864461	1	0.388984186608739
ENSG00000006128	0.218547959218902	3	0.644867864631344
ENSG00000006283	0.0613119871467726	1	0.419298598802465
ENSG00000006327	0.00519062362282829	2	0.362497480333016
ENSG00000006468	0.0740554029903571	3	0.515782675530213
ENSG00000006534	0.0211387828795268	2	0.435363829747414
ENSG00000006611	0.0562769243109713	2	0.500753849729803
ENSG00000006747	0.131696921148341	2	0.583794827101455
ENSG00000006831	0.0461598346152192	2	0.487069800914927
ENSG00000007038	0.00648756236873571	3	0.390248681954767
ENSG00000007062	0.00162339056112681	1	0.348111387869609
ENSG00000007171	0.0550637850925965	3	0.491214548836783
ENSG00000007372	0.00971205527637398	1	0.399110035799138
ENSG00000007516	0.0383703245724371	3	0.411982934793963
ENSG00000007866	0.0300137006799376	1	0.451618048039698
ENSG00000007908	0.00292560205756365	1	0.370484797194621
ENSG00000007968	0.000144872342349056	2	0.341713934643591
ENSG00000008394	0.00386054931436519	2	0.376100406044773
ENSG00000008441	0.00306783407753086	1	0.360346653156502
ENSG00000008517	0.00767647934396642	1	0.395225463571107
ENSG00000009709	0.0596140559636327	3	0.504217753626264
ENSG00000009950	0.0492416494680723	1	0.466274820011417
ENSG00000010278	0.117959019447435	2	0.560014480321386
ENSG00000010282	0.0614954225768898	2	0.496503490340129
ENSG00000010310	0.0245712008932578	2	0.44358619214032
ENSG00000010319	0.0155390992852456	1	0.421735096726923
ENSG00000010327	0.0904580034493494	1	0.441993099663492
ENSG00000010379	0.0697512046316111	1	0.52304806128146
ENSG00000010438	0.0776700813441344	3	0.53466672223591
ENSG00000010610	0.0272275086214724	2	0.44288620005741
ENSG00000010704	0.00726245690118932	2	0.379525154078219
ENSG00000011028	0.050697027802613	2	0.48241878001531
ENSG00000011304	0.0372245529459746	1	0.434859571639476
ENSG00000011422	0.0236185999062208	1	0.397828990613932
ENSG00000011426	0.187039278255136	2	0.63139798914271
ENSG00000011451	0.0557997561906669	1	0.500487359381675
ENSG00000011465	0.0234727101872836	1	0.442542194562479
ENSG00000011600	0.0624610493621106	2	0.513505876682436
ENSG00000012124	0.138682985601989	2	0.594004706438898
ENSG00000012171	0.112043538852049	2	0.575082375429751
ENSG00000012223	0.105359329468222	2	0.566394428335133
ENSG00000012504	0.00911599060985291	3	0.401036089039322
ENSG00000012779	0.0345550048165937	2	0.462163652985668
ENSG00000013297	0.241718251640487	2	0.666882524388906
ENSG00000013364	0.0561934035286029	2	0.477332610483343
ENSG00000013573	0.0033612866789795	1	0.364175785087696
ENSG00000013588	0.0698796064155901	1	0.498026045985636
ENSG00000013810	0.0277211799604826	1	0.452435329184936
ENSG00000014257	0.0136057680832951	2	0.405384391020446
ENSG00000014641	0.192604453456391	3	0.620446859674291
ENSG00000015520	0.0403435008144845	1	0.477520182653116
ENSG00000016391	0.040587786723779	1	0.464198163221501
ENSG00000016402	0.000295885084024228	1	0.340928167928596
ENSG00000016602	0.0901875245069651	2	0.541243258589536
ENSG00000018280	0.109326147354267	2	0.524986275672573
ENSG00000018408	0.108946460926081	2	0.441245958904754
ENSG00000019102	0.00581199197821258	1	0.383957815793432
ENSG00000019144	0.0686220898420754	2	0.520581011059117
ENSG00000019169	0.00304337951685141	3	0.363942185066596
ENSG00000019186	0.0231979216284687	3	0.441001005615
ENSG00000019582	0.0889411721047696	2	0.545057045228676
ENSG00000019991	0.0154333081790834	1	0.389856927370844
ENSG00000020181	0.0393131576728978	1	0.469353613788592
ENSG00000020577	0.0286382537465774	2	0.402353952295117
ENSG00000021300	0.0307559871255926	2	0.456481558605537
ENSG00000021355	0.0295388329310744	2	0.456337665465183
ENSG00000022355	0.244705356292065	3	0.679648334709139
ENSG00000022556	0.0410422230688102	3	0.475704796389024
ENSG00000023445	0.0162288550343724	2	0.405030235301119
ENSG00000024422	0.0801217358923273	1	0.521846031311085
ENSG00000025708	0.0284948892501138	2	0.448121077451402
ENSG00000025772	0.0753956825994345	3	0.530891582222049
ENSG00000026025	0.08805220817812	1	0.431746865380544
ENSG00000026036	0.0321158369708292	1	0.458576763917633
ENSG00000026103	0.00371413332887927	2	0.357953723632892
ENSG00000026508	0.272712770429743	2	0.694199451642053
ENSG00000026559	0.059775828827878	3	0.427264835269135
ENSG00000027075	0.0558396287331913	1	0.477713432500681
ENSG00000028116	0.106485524699418	2	0.56973517435258
ENSG00000028137	0.0705322096204207	2	0.444604757005038
ENSG00000029534	0.0455417872935758	3	0.454271416511416
ENSG00000030419	0.0152742935912216	2	0.420735202669289
ENSG00000033327	0.0236671910498762	2	0.442171797140674
ENSG00000034239	0.0185946621110353	3	0.422351423514296
ENSG00000035403	0.0229529173044427	1	0.439223148547035
ENSG00000035664	0.0337689567030518	2	0.464684607079981
ENSG00000037280	0.0464328686400928	1	0.487928114524533
ENSG00000038002	0.0969336582464615	2	0.449814785361649
ENSG00000038427	0.0234235304568832	2	0.436883598687683
ENSG00000038945	0.0939747889875666	2	0.54729367330443
ENSG00000039068	0.0496809301987127	2	0.468612172892245
ENSG00000039523	0.0633164292498841	1	0.47869560457671
ENSG00000039560	0.0354736357685435	2	0.457766910946294
ENSG00000040531	0.0243832329526371	2	0.417926545314068
ENSG00000040608	0.0553342977980361	3	0.469500312523501
ENSG00000041353	0.283670891139124	3	0.700345581900326
ENSG00000041982	0.19590421302916	2	0.654028473785059
ENSG00000042062	0.0690534165385601	1	0.511738423897624
ENSG00000042493	0.0947224136720428	2	0.530996220263032
ENSG00000042753	0.0691312257988259	3	0.511270002502878
ENSG00000042980	0.0633875692005417	2	0.490301630597978
ENSG00000043355	0.0699217792434756	1	0.524089625900322
ENSG00000043462	0.00555227706117634	2	0.373104654726611
ENSG00000044524	0.0472521457131259	3	0.485135216874169
ENSG00000044574	0.00273740679627232	3	0.369831212298217
ENSG00000046604	0.0223633325202343	3	0.430887577175772
ENSG00000047457	0.269784928007621	2	0.567989913027183
ENSG00000047617	0.0970177611619518	1	0.551115967500475
ENSG00000047936	0.0918868592980208	3	0.514744818421655
ENSG00000049089	0.0794270316786715	2	0.534938445769289
ENSG00000049130	0.107316557556075	3	0.567058663179426
ENSG00000049239	0.0167706593071762	2	0.388290041043927
ENSG00000049283	0.0513755829856142	3	0.439787738997529
ENSG00000049323	0.0333874926766705	2	0.426158779475155
ENSG00000049540	0.0215229792717949	1	0.406965017833201
ENSG00000050327	0.0109287532848489	2	0.371534355444883
ENSG00000050555	0.00662562928542798	1	0.37959257784231
ENSG00000050628	0.0853501568998278	3	0.543340619744709
ENSG00000051523	0.046544071549823	2	0.468452270688196
ENSG00000051620	0.0349917163139944	1	0.440603808557443
ENSG00000052802	0.0746118378952176	3	0.50675137528414
ENSG00000053108	0.0791637825527556	3	0.508433259279351
ENSG00000053438	0.0818216997411859	3	0.53910174865003
ENSG00000053702	0.00555038200330471	2	0.361475067808333
ENSG00000053747	0.054782674593439	1	0.498711756067865
ENSG00000054179	0.0162666118929691	1	0.389923286575551
ENSG00000054598	0.130339937768005	1	0.590997118633856
ENSG00000054654	0.0649773768919293	1	0.490503490605084
ENSG00000054690	0.111748901223773	2	0.570212339717228
ENSG00000054803	0.146326391716151	3	0.600080665042676
ENSG00000055732	0.0109557872069379	3	0.371175885687774
ENSG00000056558	0.0148591230179239	2	0.403815021486331
ENSG00000056736	0.0207631491986645	1	0.436139749141179
ENSG00000057294	0.0550935803270582	3	0.441651045828904
ENSG00000057468	0.00569320694902475	1	0.359447797500243
ENSG00000057704	0.103294057440477	2	0.560899144324112
ENSG00000058453	0.0428423947917413	1	0.47807740062678
ENSG00000059377	0.035802398003398	2	0.467113867499827
ENSG00000059378	0.0291298905966707	2	0.410314144728861
ENSG00000059588	0.034623023194171	3	0.466629608424796
ENSG00000060138	0.0990140466610235	1	0.501031636218131
ENSG00000060140	0.137797310155147	3	0.602115348319608
ENSG00000060558	0.0160958443560371	3	0.418169897725517
ENSG00000060982	0.128107515892916	3	0.548231581541877
ENSG00000061273	0.0408848611538812	1	0.469377004347403
ENSG00000061656	0.00897210151668237	1	0.369774597925458
ENSG00000061918	0.152708190902182	3	0.605690086313964
ENSG00000061938	0.0305799380790227	1	0.440704860628328
ENSG00000062524	0.06543691579116	1	0.428786566282099
ENSG00000062822	0.013496655277635	2	0.376211974044325
ENSG00000063169	0.0736464834730922	1	0.525283635383815
ENSG00000064201	0.00303416538165635	2	0.371696274576033
ENSG00000064300	0.0630114482516119	2	0.512239370749307
ENSG00000064393	0.0602774577257177	2	0.478247842040724
ENSG00000064666	0.0207969458913224	2	0.395753036142311
ENSG00000064687	0.0436007502985634	1	0.469184856769198
ENSG00000064787	0.0885150728220255	2	0.54736175279903
ENSG00000064886	0.235645001197646	2	0.685780867270722
ENSG00000064932	0.0645816555181458	1	0.452238768133314
ENSG00000064961	0.0351436432426391	2	0.432906022432623
ENSG00000064989	0.000946999657179592	2	0.352267813596158
ENSG00000065154	0.117696108245621	3	0.542792093503596
ENSG00000065320	0.0440161555760145	1	0.422213324791092
ENSG00000065325	0.0717601364804739	3	0.4975290584446
ENSG00000065361	0.13991512278766	2	0.594480172324299
ENSG00000065371	0.00748445740069736	3	0.393564411222725
ENSG00000065600	0.0822182698585869	2	0.505597127049587
ENSG00000065675	0.084901922898851	2	0.464779621143887
ENSG00000065809	0.147912877258309	2	0.601357007821543
ENSG00000065911	0.0107730119102659	2	0.406758638786443
ENSG00000065989	0.0350320866368472	3	0.434207128064747
ENSG00000066056	0.0624600246147183	1	0.504562229056307
ENSG00000066294	0.116657365694251	2	0.580103229730997
ENSG00000066322	0.118040125780901	2	0.559766607661444
ENSG00000066336	0.0317895333457108	2	0.445722850536108
ENSG00000066468	0.0322194829615647	2	0.460364154726675
ENSG00000067064	0.0621598523967544	3	0.488936449996273
ENSG00000067066	0.0503455090751905	2	0.438598573454573
ENSG00000067182	0.0560675127599737	1	0.460268871946364
ENSG00000068001	0.0229981896151155	1	0.440241708688291
ENSG00000068024	0.0240365789664881	1	0.440602204943748
ENSG00000068078	0.0117021831760171	1	0.407925897183616
ENSG00000068079	0.00888603852624514	2	0.388181528909536
ENSG00000068650	0.0324465043356956	2	0.44532837522788
ENSG00000068724	0.029960686416741	2	0.420238615741477
ENSG00000068976	0.00950675256268085	1	0.390283579999154
ENSG00000069122	0.0273299255863084	1	0.438362792998492
ENSG00000069188	0.00388548755174778	1	0.376367679507134
ENSG00000069399	0.0241655347744104	1	0.443006363883137
ENSG00000069431	0.00665604882716364	2	0.38869225927378
ENSG00000069696	0.00958091041071096	1	0.401868860595103
ENSG00000069702	0.0186705345332147	1	0.426348284614042
ENSG00000069869	0.0208548756624737	1	0.394788344303945
ENSG00000069974	0.00766129614371203	1	0.367061366614219
ENSG00000070159	0.0932438274198868	3	0.553382330603728
ENSG00000070190	0.0254316805511497	2	0.434804160845596
ENSG00000070214	0.0759460167042375	2	0.504915700221442
ENSG00000070526	0.008889456453957	1	0.400102816354841
ENSG00000070729	0.136582127771113	3	0.489367934884045
ENSG00000070759	0.0290159651138656	2	0.452528347875246
ENSG00000071054	0.0321182452166763	2	0.459316595771062
ENSG00000071205	0.0116353834202899	3	0.381429898826968
ENSG00000071246	0.0184635650191157	2	0.403964240610071
ENSG00000071282	0.00198373323903045	2	0.363059614237819
ENSG00000071967	0.00585696306773253	2	0.37850462666353
ENSG00000071991	0.170418902030993	2	0.608216232272833
ENSG00000072163	0.0567230559538665	1	0.487885943341176
ENSG00000072195	0.0396740349484698	1	0.464541375189454
ENSG00000072274	0.0187852433483556	3	0.430890543699648
ENSG00000072310	0.0190438693179418	2	0.430400770852571
ENSG00000072657	0.10561702920875	3	0.568515475063869
ENSG00000072694	0.00956129019094853	2	0.394311450922279
ENSG00000072786	0.0318311217563626	2	0.405051666966102
ENSG00000072864	0.0914421850343944	2	0.546108953908396
ENSG00000072952	0.034971883541228	1	0.427151578328123
ENSG00000073060	0.0246548213265931	1	0.427192265919087
ENSG00000073150	0.0536697707008694	1	0.427349007915291
ENSG00000073331	0.0386726771897521	2	0.467679367936898
ENSG00000073350	0.0347236463642021	2	0.461035850284556
ENSG00000073417	0.0578323583304408	2	0.500193797757854
ENSG00000073605	0.0491368784783773	1	0.484162671661875
ENSG00000073737	0.0379441305514825	2	0.423470880655344
ENSG00000073792	0.0201806148600702	1	0.414191619823892
ENSG00000073849	0.0197737732339457	2	0.431426253762069
ENSG00000074047	0.0449072173937864	1	0.484624582609966
ENSG00000074181	0.111793575902282	1	0.56120188390298
ENSG00000074219	0.050412072444497	1	0.494751816327024
ENSG00000074276	0.0370546336092102	1	0.409558287193912
ENSG00000074370	0.00786147361458367	1	0.380213489293682
ENSG00000074706	0.165198389265848	3	0.62081307165073
ENSG00000074855	0.0201227518319171	1	0.434074064134021
ENSG00000075213	0.106887848365434	3	0.541892115011057
ENSG00000075223	0.0569897651830129	3	0.45486199177517
ENSG00000075234	0.032525304336375	1	0.393969214582644
ENSG00000075290	0.00394761473564964	3	0.376782772254589
ENSG00000075426	0.0614073267556751	1	0.495277162839423
ENSG00000075461	0.00749571750624001	1	0.3941347426852
ENSG00000075651	0.108386583949702	2	0.561150081711243
ENSG00000075884	0.0161101427949637	2	0.421921765980117
ENSG00000076067	0.085543751680458	1	0.52987056454946
ENSG00000076382	0.044681715955613	1	0.454444491146269
ENSG00000076706	0.0158179535316049	2	0.422074244985613
ENSG00000076826	0.0532949148216455	1	0.410596712252362
ENSG00000076928	0.047394596560665	1	0.412507160731598
ENSG00000076944	0.0114756499456597	2	0.38545815217653
ENSG00000077150	0.0606859154875222	1	0.463991651595348
ENSG00000077238	0.107230555925116	1	0.486639424329812
ENSG00000077327	0.043004697497601	3	0.465283048864278
ENSG00000077420	0.092452873153911	2	0.548665451969829
ENSG00000077942	0.0336696210562242	1	0.464714610803606
ENSG00000077943	0.0225334339984561	1	0.415112409987599
ENSG00000078177	0.0127900473237472	3	0.382213959939671
ENSG00000078269	0.0383105163059571	2	0.456656229384223
ENSG00000078401	0.018288340963915	1	0.428227007793237
ENSG00000078804	0.0989298248055768	2	0.543069188163438
ENSG00000078814	0.00271798764370257	2	0.368122612047326
ENSG00000079101	0.0375058930557023	3	0.463774052605148
ENSG00000079308	0.087773742395876	2	0.430820991740235
ENSG00000079335	0.0199510322108482	1	0.429949313364815
ENSG00000079337	0.0176964669180731	1	0.389769312962657
ENSG00000079432	0.0319887878974335	1	0.461443478357834
ENSG00000079435	0.0696480770426459	2	0.522224245878877
ENSG00000079931	0.051655931186627	3	0.487661753039807
ENSG00000080031	0.116695298289803	2	0.566120070334959
ENSG00000080200	0.0376170924757909	2	0.472414089161013
ENSG00000080224	0.0814340287718135	3	0.515033580217005
ENSG00000080493	0.0116758415504633	3	0.386067850645926
ENSG00000080573	0.0494967302041956	1	0.487080249149871
ENSG00000080603	0.0101320054287064	1	0.404695071077267
ENSG00000080822	0.146651217269275	2	0.579653993737776
ENSG00000080845	0.0609017744863617	1	0.435219207538355
ENSG00000080854	0.0749716420300031	1	0.515681252286658
ENSG00000080986	0.00527598447877653	3	0.372747273121575
ENSG00000081052	0.0294884885142878	1	0.448166112730305
ENSG00000081237	0.0710837737887035	2	0.525746159668418
ENSG00000081277	0.0233524349453168	3	0.396373031651321
ENSG00000081320	0.0177259130214498	1	0.415626567538314
ENSG00000081479	0.236365100252385	2	0.685420718340462
ENSG00000082074	0.100251413157296	2	0.562595980463052
ENSG00000082175	0.020413649591724	1	0.422037639366196
ENSG00000082438	0.0250790340456419	1	0.440171325375329
ENSG00000082497	0.0697863059054497	3	0.508321481766428
ENSG00000082556	0.0540070168062519	3	0.500416807769329
ENSG00000082781	0.0500251337453663	1	0.430566096896218
ENSG00000083444	0.0253917567961938	1	0.42900983471057
ENSG00000084093	0.0455712876690225	2	0.465744981361417
ENSG00000084110	7.25634378710982e-05	1	0.338092735032088
ENSG00000084453	0.147494754154884	2	0.601072246528216
ENSG00000084636	0.0115536603356301	2	0.391681074899289
ENSG00000084674	0.018877784941518	2	0.398688631779445
ENSG00000085117	0.0421947464787626	2	0.479869734555303
ENSG00000085265	0.00974086707077981	1	0.402406411305139
ENSG00000085276	0.100895426106064	1	0.543459839126299
ENSG00000085465	0.0207897545763072	3	0.410393066465477
ENSG00000085514	0.0122859917781388	1	0.373263461876919
ENSG00000085563	0.0316975179908483	1	0.459544762581665
ENSG00000085872	0.0241459186605635	1	0.427190051066417
ENSG00000085999	0.00946856896703829	1	0.402001657359927
ENSG00000086062	0.0382497048012223	1	0.422216845511332
ENSG00000086205	0.25960786952186	2	0.656871694476177
ENSG00000086288	0.0093864693543596	2	0.38665309435692
ENSG00000086289	0.136645850582593	3	0.590972739677965
ENSG00000086300	0.2251937068943	3	0.654832329458869
ENSG00000086544	0.0146070708606155	1	0.41382479916182
ENSG00000086570	0.00364225723101685	3	0.37425791225264
ENSG00000086730	0.0550646021295917	2	0.489686665598199
ENSG00000087077	0.0198440696195865	2	0.386261498776018
ENSG00000087086	0.0266578308882512	2	0.432505477766237
ENSG00000087116	0.069396956309802	1	0.510092349547081
ENSG00000087237	0.000101845160754621	1	0.340042165737848
ENSG00000087245	0.0323898452637541	2	0.437980440056798
ENSG00000087253	0.103875635919857	2	0.5234906766727
ENSG00000087266	0.0380478870165498	1	0.431820897006412
ENSG00000087303	0.00752168124376917	2	0.384957062786774
ENSG00000087903	0.041520262835779	1	0.472276478836997
ENSG00000088038	0.0396728621537359	1	0.472903937315076
ENSG00000088053	0.0363139637869848	1	0.45915347813726
ENSG00000088320	0.00129607193917414	3	0.355018184206931
ENSG00000088340	0.0546375447661019	1	0.485829263263852
ENSG00000088827	0.0330930715630997	2	0.406358184940388
ENSG00000088836	0.0268155418889647	1	0.439701976648157
ENSG00000088881	0.0191529032479575	1	0.395970019437447
ENSG00000088882	0.00550990866809531	1	0.384802889103947
ENSG00000089012	0.00305741539060134	3	0.367549819706274
ENSG00000089041	0.0366038613349514	2	0.450219119649153
ENSG00000089127	0.0250532345080267	2	0.446444041241372
ENSG00000089159	0.099220798653214	1	0.493205038116524
ENSG00000089169	0.0827136107488449	3	0.527710896988775
ENSG00000089225	0.00459619022102042	3	0.379606716207181
ENSG00000089280	0.000163736115164959	1	0.340386988755451
ENSG00000089327	0.033249086104256	1	0.3969913074217
ENSG00000089558	0.0491014009332315	3	0.412441793428503
ENSG00000089847	0.0447549555621022	1	0.406482099070839
ENSG00000090006	0.0164841216849222	1	0.423660332657716
ENSG00000090104	0.116788104973899	2	0.56968310855591
ENSG00000090339	0.0402138560651071	1	0.413675703737904
ENSG00000090376	0.0595444593066745	1	0.482588525894154
ENSG00000090382	0.00870260346337748	2	0.39650552482937
ENSG00000090402	0.01357101322064	3	0.415978792516575
ENSG00000090924	0.0403010588078406	1	0.450476565799491
ENSG00000090975	0.0776249112799621	1	0.478006703900375
ENSG00000091137	0.0706509141194233	3	0.521306511920493
ENSG00000091409	0.0159342153688272	2	0.37846708878998
ENSG00000091436	0.0167861858797475	1	0.40993861596509
ENSG00000091513	0.203919568879458	2	0.624492616452171
ENSG00000091592	0.000338699065966952	1	0.341494349834952
ENSG00000091656	0.0170319823943366	2	0.412575707429641
ENSG00000091664	0.2194837039162	3	0.667857279439838
ENSG00000091879	0.0719365631602122	1	0.501976157492439
ENSG00000091986	0.0388545818930252	2	0.474257455544648
ENSG00000092421	0.0492694206751414	2	0.480646944224735
ENSG00000092529	0.126009620719909	2	0.577132823839572
ENSG00000092607	0.0452344812042366	1	0.485756523716419
ENSG00000092621	0.0225900308838023	2	0.44029928514721
ENSG00000092758	0.0855840023293276	2	0.544165476705336
ENSG00000092820	0.00592308210787296	1	0.383772961366525
ENSG00000092871	0.0514403732323945	2	0.492164220176369
ENSG00000092929	0.0523066628906886	2	0.422466059627376
ENSG00000092969	0.00724660129141586	1	0.393339612651601
ENSG00000093009	0.000326582072620707	1	0.342862835014298
ENSG00000093072	0.0343160444895533	2	0.46550479158667
ENSG00000094796	0.0247446003598896	3	0.416904880660745
ENSG00000094963	0.0113481310547174	1	0.408626742164241
ENSG00000095066	0.0363737328298176	1	0.458646099110313
ENSG00000095303	0.0595677287295517	2	0.497984013605273
ENSG00000095383	0.0408275465621027	2	0.462167154099567
ENSG00000095397	0.0712491413341727	2	0.5016247987507
ENSG00000095585	0.0185467967631756	2	0.410061756113137
ENSG00000095627	0.0186706439044494	3	0.421360295678787
ENSG00000095739	0.0249419761039888	2	0.442642415185707
ENSG00000095917	0.0054712361896051	3	0.380284501939373
ENSG00000095932	0.0400938212032856	3	0.476951333424041
ENSG00000095970	0.125299558130831	2	0.589836196529552
ENSG00000096060	0.0223822784736945	1	0.419458809642093
ENSG00000096088	0.00982300306026385	3	0.393672057410459
ENSG00000096092	0.119929295560642	3	0.55864143688368
ENSG00000096433	0.0712824006442064	1	0.512898611330442
ENSG00000096696	0.173689588102761	1	0.636141920400042
ENSG00000099194	0.0663999593958906	2	0.497350967280663
ENSG00000099260	0.0288536528504865	1	0.453885197297209
ENSG00000099282	0.123735414697853	2	0.575053585349372
ENSG00000099331	0.0536482059728579	2	0.451740118537872
ENSG00000099338	0.012583399957753	2	0.375329018656248
ENSG00000099377	0.00603447089572418	1	0.361171169357373
ENSG00000099381	0.0480325017360901	1	0.490868905806371
ENSG00000099622	0.0292784126494597	3	0.403164385771031
ENSG00000099822	0.0116855832330023	1	0.393287131784866
ENSG00000099860	0.0102201404959206	1	0.401475615667374
ENSG00000099875	0.0784028970053071	1	0.529074503037535
ENSG00000099954	0.0473553745938813	2	0.467721987448528
ENSG00000099985	0.00441073629770217	2	0.379540201124934
ENSG00000099994	0.0542442988733481	1	0.47604079099553
ENSG00000099998	0.0654290514242831	1	0.469223394085064
ENSG00000100033	0.0138407207943648	1	0.414490119370262
ENSG00000100055	0.0349839435237229	2	0.466082850681693
ENSG00000100060	0.0414458785853213	2	0.408088696722448
ENSG00000100065	0.0181095085140396	1	0.428245260580257
ENSG00000100106	0.0379573731210576	1	0.427703753420443
ENSG00000100139	0.0481560920887625	2	0.483926617206257
ENSG00000100146	0.10352401377656	2	0.564056551575229
ENSG00000100156	0.0296002091669242	2	0.452410445798486
ENSG00000100181	0.042834763657253	2	0.481982638989298
ENSG00000100191	0.0113272021179284	1	0.39207833450963
ENSG00000100197	0.0232291217076992	1	0.440057978061558
ENSG00000100234	0.00279251395325086	1	0.368358076575866
ENSG00000100242	0.0300222115902959	2	0.456287634189935
ENSG00000100285	0.133843507309366	3	0.598812263002509
ENSG00000100292	0.0725732570926773	2	0.508750854743524
ENSG00000100297	0.0422527846893356	2	0.477425225811334
ENSG00000100300	0.0323073089633938	2	0.456150285325808
ENSG00000100302	0.0623566463307522	3	0.439016935873824
ENSG00000100336	0.0309241436061923	1	0.424620577425775
ENSG00000100342	0.0238126381921649	1	0.443135229092135
ENSG00000100345	0.0269694100034484	1	0.439022888824938
ENSG00000100346	0.0656398464386749	1	0.448358990903867
ENSG00000100362	0.213423598943925	3	0.641944101473357
ENSG00000100365	0.0166063268680225	2	0.418704698395609
ENSG00000100368	0.0319750732105488	2	0.419814355817629
ENSG00000100376	0.0158673034527359	1	0.421292691839146
ENSG00000100385	0.000763573525016659	3	0.352635682379256
ENSG00000100399	0.0879071838956423	2	0.545805887673999
ENSG00000100439	0.0290107553837393	2	0.399539869621798
ENSG00000100504	0.0228935250952061	1	0.399914494059241
ENSG00000100558	0.000492791250681801	3	0.343446899347004
ENSG00000100599	0.0530996035902954	1	0.43053440068054
ENSG00000100604	0.0577836265404442	3	0.500742618241634
ENSG00000100625	0.0257391299021137	3	0.403002529019659
ENSG00000100767	0.0447457682376183	1	0.485222794549488
ENSG00000100842	0.0600845592690588	2	0.508952291303824
ENSG00000100906	0.0187608426272045	1	0.417828851308921
ENSG00000100968	0.0422145990853289	1	0.480350916554238
ENSG00000100979	0.0110163977109691	1	0.387505042727543
ENSG00000101049	0.136378239107666	2	0.569632884569478
ENSG00000101096	0.0362565339173087	2	0.418532602587134
ENSG00000101144	0.00615918045159514	2	0.364812837245205
ENSG00000101180	0.0487234180090524	1	0.414850489001528
ENSG00000101187	0.169077399268827	1	0.63164620939647
ENSG00000101194	0.0138511105057439	1	0.386693983838003
ENSG00000101198	0.0270401663091216	2	0.439855101056676
ENSG00000101203	0.0191482423268794	1	0.380934807276499
ENSG00000101204	0.0215029557004166	1	0.403241750587805
ENSG00000101222	0.0356596874803168	3	0.466120559610059
ENSG00000101265	0.10477232150803	2	0.563501103500996
ENSG00000101276	0.101166382384366	1	0.560287577804921
ENSG00000101292	0.0512506321286663	3	0.495183230347573
ENSG00000101307	0.000526598533072797	3	0.3485710342903
ENSG00000101311	0.00498637454878326	1	0.363686396677059
ENSG00000101335	0.10777695021812	1	0.568369546748472
ENSG00000101336	0.0458199770390892	2	0.485811438496039
ENSG00000101384	0.0346008917018304	1	0.465705310073371
ENSG00000101608	0.00824226000250294	2	0.385293437585749
ENSG00000101670	0.0042261171718142	2	0.366852418615258
ENSG00000101680	0.0176049026171858	2	0.411485123149918
ENSG00000101695	0.0809197984441843	2	0.505218328778258
ENSG00000102468	0.166842761707992	3	0.62858868503312
ENSG00000102554	0.0558105196337612	3	0.460512885679858
ENSG00000102575	0.0173366084660982	2	0.425355041325988
ENSG00000102678	0.107830178614101	3	0.570941491804433
ENSG00000102699	0.0493867754467979	2	0.489647872998683
ENSG00000102755	0.0727317372912388	1	0.523896331313738
ENSG00000102760	0.0114826116086749	2	0.408289987725381
ENSG00000102802	0.0100883582218426	3	0.378550521263447
ENSG00000102854	0.00924851621546097	2	0.398740983121589
ENSG00000102934	0.132412450085788	2	0.562465716508383
ENSG00000103005	0.0127139307397597	1	0.392223498004236
ENSG00000103089	0.190209889863565	2	0.637614884490277
ENSG00000103148	0.0296600522164701	1	0.456283150173846
ENSG00000103150	0.0161742785236543	1	0.409701827648224
ENSG00000103154	0.0700644576620187	3	0.48138005014184
ENSG00000103196	0.0319701906636481	1	0.438302067914889
ENSG00000103226	0.0198762309231161	3	0.433770428168432
ENSG00000103227	0.0109669279777798	1	0.40696428792387
ENSG00000103241	0.0483386745855811	1	0.490280291554013
ENSG00000103257	0.0458001599715462	1	0.485312271701146
ENSG00000103260	0.020731650644665	1	0.395442900325526
ENSG00000103316	0.218008778430149	3	0.664651251035098
ENSG00000103326	0.0520038410576033	1	0.494456694328071
ENSG00000103335	0.0612015132110348	1	0.474128112068926
ENSG00000103449	0.0532991427813823	2	0.48493681387291
ENSG00000103528	0.0188731550554185	1	0.39296475517753
ENSG00000103710	0.0890410540190846	2	0.508262550751281
ENSG00000103742	0.0389182421056086	2	0.40548084101589
ENSG00000103811	0.0054409667765235	2	0.372523500589341
ENSG00000103888	0.0799521920468084	1	0.480924838646252
ENSG00000103995	0.0232805071293787	1	0.438684678995023
ENSG00000104043	0.019913307710727	2	0.393926562093946
ENSG00000104267	0.040986567838156	2	0.471617349137613
ENSG00000104313	0.00635665696387966	1	0.378893312423717
ENSG00000104327	0.16024117316389	3	0.622616035348222
ENSG00000104332	0.0628234414888623	2	0.480682469549822
ENSG00000104361	0.0907065890040782	3	0.545763930005263
ENSG00000104365	0.0247161218476447	1	0.421562159394946
ENSG00000104368	0.00834925050760604	1	0.388191595751099
ENSG00000104419	0.0367361781507989	2	0.469037660205362
ENSG00000104435	0.249499383023544	3	0.677796748139816
ENSG00000104490	0.213353268601933	3	0.658549780455075
ENSG00000104518	0.0589936368491684	1	0.454069091080762
ENSG00000104549	0.0573125993745591	3	0.456668200260196
ENSG00000104635	0.00251104872761632	3	0.367651029617783
ENSG00000104689	0.0235737527946996	1	0.426102747934279
ENSG00000104722	0.135717285649651	3	0.59680251335468
ENSG00000104728	0.0270243939826541	2	0.426007509898915
ENSG00000104760	0.00100478097194301	1	0.355592635168557
ENSG00000104774	0.0225672443393342	2	0.409447101339325
ENSG00000104833	0.0482404777488419	3	0.415270096527828
ENSG00000104859	0.0107683010524794	1	0.379985680917118
ENSG00000104870	0.0573416735122665	1	0.418063194901745
ENSG00000104881	0.0424754579914308	1	0.440484580354329
ENSG00000104885	0.0511390668830751	1	0.470754434177968
ENSG00000104894	0.0466090821711329	2	0.474083003321398
ENSG00000104899	0.0335556208891469	1	0.461405918372363
ENSG00000104903	0.0203076910790365	2	0.409966482453199
ENSG00000104936	0.0455895348767452	1	0.483821591476105
ENSG00000104938	0.0361806466316248	3	0.467323246739541
ENSG00000104941	0.00137024117142581	1	0.348196570462026
ENSG00000104967	0.0396262964855348	3	0.413729521841517
ENSG00000104972	0.0602888987288187	2	0.495835622811412
ENSG00000104974	0.0241810713174095	2	0.439376975112534
ENSG00000104983	0.0150475614042067	1	0.420297796263332
ENSG00000105088	0.0262189501832486	1	0.421401514921125
ENSG00000105122	0.0243800899202976	2	0.43873388348904
ENSG00000105137	0.0510883104917046	1	0.46726016100444
ENSG00000105227	0.0956150440355592	1	0.5489688737218
ENSG00000105251	0.0407617272263127	3	0.453438206706527
ENSG00000105281	0.0228033334415426	2	0.423529768859542
ENSG00000105287	0.0414803318505502	1	0.468249639958927
ENSG00000105289	0.0120585711113403	3	0.382127283636037
ENSG00000105329	0.0556895227244273	2	0.420691317872199
ENSG00000105355	0.0777763658911521	2	0.534802154596198
ENSG00000105357	0.010321513624713	2	0.397242383947369
ENSG00000105366	0.0679585739995943	2	0.517879365922691
ENSG00000105383	0.0226069335530504	2	0.438500726541962
ENSG00000105419	0.0336098560598639	3	0.42478191349323
ENSG00000105467	0.0120634012315762	3	0.408881900191921
ENSG00000105483	0.0307871589431268	2	0.41495379116556
ENSG00000105519	0.0291531734715523	2	0.415560397471311
ENSG00000105523	0.00239113470444308	3	0.355060292396916
ENSG00000105559	0.0427605472905848	2	0.40460328352698
ENSG00000105609	0.000906135022192722	1	0.354286104791684
ENSG00000105613	0.0685672831097556	1	0.42382190156212
ENSG00000105639	0.000260556311466376	1	0.33920319630715
ENSG00000105641	0.0547979358422688	1	0.490058488668042
ENSG00000105643	0.0512045147447902	2	0.480490990410659
ENSG00000105655	0.038345345460294	1	0.471640777903299
ENSG00000105662	0.0899023464644954	1	0.491774805274738
ENSG00000105695	0.280376045837479	2	0.683020161478437
ENSG00000105697	0.0268756569239136	2	0.444362879459516
ENSG00000105707	0.0531691246985938	2	0.498586278649383
ENSG00000105711	0.0536992169192453	3	0.496691286356987
ENSG00000105737	0.0694388198631787	1	0.483270729226646
ENSG00000105738	0.0382278813903882	1	0.469379617915965
ENSG00000105835	0.0063771008457697	2	0.365508351854568
ENSG00000105851	0.0134989297595307	2	0.397694294976337
ENSG00000105877	0.0620363989333622	1	0.502192456030216
ENSG00000105939	0.0301623995859478	1	0.411048594088626
ENSG00000105967	0.0536734477265057	2	0.494802322289279
ENSG00000105971	0.00149869609587572	2	0.351743351519197
ENSG00000105974	0.0234713037542463	2	0.395708991489308
ENSG00000105976	0.052712271101314	3	0.497796801141431
ENSG00000106003	0.0160028497013627	1	0.422941262303855
ENSG00000106018	0.0214502685335896	3	0.403557425066017
ENSG00000106034	0.00577898677473676	2	0.367865462928749
ENSG00000106066	0.0285039698101446	2	0.453101456521548
ENSG00000106089	0.0630378087560888	3	0.513011840095585
ENSG00000106113	0.0552566694389819	1	0.425540264221908
ENSG00000106211	0.126114993656536	1	0.563396287063621
ENSG00000106236	0.0265127791058758	3	0.442354904757533
ENSG00000106366	0.0303084963552372	1	0.42449979955995
ENSG00000106397	0.0436985444613989	2	0.454722865898006
ENSG00000106404	0.0230132853465732	2	0.395149161040024
ENSG00000106524	0.0821495065298274	3	0.529801822724293
ENSG00000106565	0.0181414189201238	2	0.428553400297178
ENSG00000106571	0.0186019289988654	1	0.430559507851303
ENSG00000106624	0.0869106132722238	1	0.517500785859897
ENSG00000106631	0.0029111753813994	3	0.36576301065886
ENSG00000106689	0.0408251794363862	1	0.46153918992996
ENSG00000106733	0.0361658010483497	3	0.462835171965821
ENSG00000106785	0.021762929387689	1	0.427920619663543
ENSG00000106799	0.0580136703490367	2	0.494595671639799
ENSG00000106809	0.00973888008069645	1	0.395424706382563
ENSG00000106823	0.0060377512730273	2	0.378027811878257
ENSG00000106852	0.0610116406867367	3	0.510902514707322
ENSG00000106952	0.0107385342373232	2	0.402787675604247
ENSG00000106991	0.0841903624197472	1	0.52234070476322
ENSG00000107099	0.0759202376622858	2	0.531609192867023
ENSG00000107105	0.14963595680223	3	0.606040897036101
ENSG00000107147	0.0776758623447732	1	0.47966698346405
ENSG00000107165	0.0791675028162292	3	0.525265433710202
ENSG00000107249	0.0335820594837138	1	0.424828161292659
ENSG00000107317	0.0233698115801704	2	0.435420420679735
ENSG00000107331	0.035241326314125	2	0.465502468587746
ENSG00000107338	0.0309110560052015	2	0.455897852852634
ENSG00000107438	0.0212311416045299	1	0.434447535739729
ENSG00000107562	0.00859283419708179	1	0.397363694265668
ENSG00000107593	0.0284437915476191	3	0.449997180564096
ENSG00000107719	0.0300494332529018	2	0.416104099589578
ENSG00000107731	0.0359722660282159	2	0.459677377135431
ENSG00000107736	0.0765822877936286	1	0.489120992144914
ENSG00000107738	0.0718624009285218	1	0.507340887736486
ENSG00000107796	0.0741574124890765	1	0.51116863586694
ENSG00000107798	0.140783757956393	2	0.538022266521328
ENSG00000107902	0.0368173529747425	2	0.469792606978952
ENSG00000107968	0.0106437282220327	1	0.403532176168594
ENSG00000108001	0.00587607218103192	3	0.383341761225636
ENSG00000108175	0.0331360317558191	1	0.460066335896439
ENSG00000108239	0.0610514061260685	2	0.4912931328034
ENSG00000108242	0.00621365254366968	3	0.387247916478971
ENSG00000108342	0.00391845482296893	1	0.377507366991031
ENSG00000108381	0.152828666236169	2	0.61401877771142
ENSG00000108387	0.0592134032007157	2	0.504141863388029
ENSG00000108405	0.00510548398424249	1	0.363298567994967
ENSG00000108557	0.0469447380938204	1	0.474076967228446
ENSG00000108622	0.0226137580445366	1	0.44069844040532
ENSG00000108639	0.0588266575520995	2	0.506617728602599
ENSG00000108679	0.0778769717630134	2	0.534817499963035
ENSG00000108691	0.040767545796303	2	0.478173546081578
ENSG00000108785	0.00985554454639093	1	0.382993324117062
ENSG00000108798	0.0403919061714233	2	0.472257857675738
ENSG00000108813	0.009550183317665	3	0.4006914277208
ENSG00000108821	0.0778202719840955	1	0.52744533145454
ENSG00000108823	0.0107537423051675	1	0.406636251034369
ENSG00000108846	0.00931899388469837	1	0.372639249553189
ENSG00000108878	0.00950537173861588	3	0.402490631310453
ENSG00000108932	0.0387701708802536	3	0.469519757561692
ENSG00000108950	0.0124714641967542	1	0.401374362598405
ENSG00000108960	0.0587195461624315	3	0.494693284586514
ENSG00000109047	0.00365898647582019	1	0.360779542984464
ENSG00000109062	0.00397523164880154	2	0.372022636988161
ENSG00000109089	0.0311260500694225	2	0.458826980102422
ENSG00000109099	0.0793258123834755	2	0.523215170427554
ENSG00000109113	0.00687704763807173	1	0.387755695604445
ENSG00000109610	0.0157343251205834	1	0.420906880712754
ENSG00000109674	0.00307435873655704	3	0.357394977580877
ENSG00000109738	0.171227241394196	3	0.627714228720838
ENSG00000109758	0.0805100770497441	1	0.53293444404714
ENSG00000109846	0.0836890323226713	2	0.542458981677327
ENSG00000109861	0.0122745395191896	2	0.401208683866671
ENSG00000110077	0.0649950464182709	2	0.471246493451888
ENSG00000110079	0.00684863905649691	2	0.388511257714337
ENSG00000110092	0.016603245939984	2	0.423298097071152
ENSG00000110172	0.0032914076785423	3	0.367479259252703
ENSG00000110218	0.0981145404211664	3	0.537829733258907
ENSG00000110324	0.0390373397517675	2	0.433726006247424
ENSG00000110446	0.0446864278537704	2	0.449657750329578
ENSG00000110455	0.00210345999762906	1	0.363515617364788
ENSG00000110628	0.00996361436023885	3	0.40244288620231
ENSG00000110719	0.0650217407990065	1	0.433170269461525
ENSG00000110799	0.0944895970523839	1	0.545077062288471
ENSG00000110811	0.0537733019430362	1	0.481337817806481
ENSG00000110848	0.024652601949925	2	0.416813424561799
ENSG00000110852	0.0388080933386954	1	0.454441774051768
ENSG00000110876	0.118911678530004	2	0.537865899219876
ENSG00000110887	0.0151194957968073	2	0.399423237662446
ENSG00000110900	0.013414100038831	1	0.394620115990241
ENSG00000110934	0.0360837699679766	2	0.46954361325461
ENSG00000110955	0.0959811110174746	3	0.538656709546953
ENSG00000110975	0.0950137698961326	3	0.55099697795155
ENSG00000111057	0.0137403244047208	1	0.413841572978457
ENSG00000111058	0.00239675862242061	1	0.365180422138329
ENSG00000111077	0.0462610650071532	1	0.417202379095142
ENSG00000111087	0.0366184818660522	1	0.452521096436819
ENSG00000111145	0.0103616682481492	2	0.389637342822866
ENSG00000111181	0.0614783298461636	1	0.484901596167937
ENSG00000111249	0.148175396189577	3	0.478417421831259
ENSG00000111262	0.104147827117232	3	0.566746484803034
ENSG00000111319	0.00132427383319522	3	0.357893968540544
ENSG00000111321	0.0462810911675413	1	0.429624441136173
ENSG00000111331	0.0342710175116969	2	0.404699704813811
ENSG00000111335	0.0299277853812991	2	0.437324421745471
ENSG00000111341	0.0422457726459484	1	0.480768061580568
ENSG00000111344	0.0230443622983133	2	0.392028430247177
ENSG00000111348	0.0308251262835391	2	0.45506215686174
ENSG00000111404	0.000320394082704345	1	0.340052189743858
ENSG00000111452	0.0222855680781987	1	0.424429488187315
ENSG00000111602	0.0121804115265277	2	0.394549209434542
ENSG00000111664	0.0517513064917479	1	0.483649587645851
ENSG00000111669	0.0854119845597773	3	0.530022514145232
ENSG00000111676	0.082969262499089	1	0.541544845605411
ENSG00000111679	0.0296580459247561	2	0.45220032759769
ENSG00000111696	0.0673313598426346	3	0.501528872955105
ENSG00000111783	0.0181670344926166	1	0.392072733459119
ENSG00000111788	0.030628735739216	1	0.457191586797687
ENSG00000111817	0.014524882755503	1	0.41264761158437
ENSG00000111859	0.0204652341221233	1	0.428877420428105
ENSG00000111863	0.0458466042279174	3	0.469357863957259
ENSG00000111907	0.0173013837352128	1	0.4270489474895
ENSG00000112038	0.0956625493134304	3	0.555327676988463
ENSG00000112139	0.0328412887788234	1	0.462042292266328
ENSG00000112175	0.00679390837173433	1	0.380154607804282
ENSG00000112214	0.103894989358668	1	0.565696079973625
ENSG00000112276	0.06782733241838	2	0.515546473919672
ENSG00000112299	0.00303816216924646	1	0.354045027869009
ENSG00000112303	0.00905646630863077	1	0.388997117145087
ENSG00000112309	0.0271876491448285	2	0.434487621529304
ENSG00000112333	0.0282874915442166	1	0.437230449182112
ENSG00000112343	0.0452631938798311	2	0.425931983623128
ENSG00000112378	0.0221305326430342	1	0.435362039857322
ENSG00000112414	0.00442993582357132	1	0.379080751528235
ENSG00000112486	0.0071277516818794	3	0.39182245999915
ENSG00000112559	0.0117055014165286	2	0.37130842681488
ENSG00000112561	0.0542307120486405	2	0.484843876909489
ENSG00000112562	0.0171916353173396	1	0.425351375285523
ENSG00000112619	0.0301951454060942	3	0.45744246236704
ENSG00000112695	0.122306235852218	3	0.543100365199453
ENSG00000112715	0.0165303736657951	1	0.422088772902147
ENSG00000112773	0.0208103391553301	1	0.421680973455631
ENSG00000112787	0.0647665372550668	1	0.514931335665582
ENSG00000112796	0.110356650468877	3	0.564771498013606
ENSG00000112799	0.0313492709258671	2	0.446987431056786
ENSG00000112837	0.059918750017689	1	0.507679630747962
ENSG00000112851	0.0329651469480249	2	0.461328390002471
ENSG00000112893	0.0445450400760239	2	0.480756799589708
ENSG00000112936	0.027712748217806	1	0.436380598222639
ENSG00000112972	0.129879382840155	3	0.570556254118393
ENSG00000113070	0.0205047539338841	2	0.434945352197036
ENSG00000113100	0.0875716261203526	3	0.545849642875823
ENSG00000113140	0.0262633461958691	2	0.44802007389078
ENSG00000113161	0.116970571350787	3	0.569813971768428
ENSG00000113303	0.00407951199679712	1	0.368742755142014
ENSG00000113369	0.0166474654808105	2	0.419265311511938
ENSG00000113389	0.0409843003036142	3	0.463806728626533
ENSG00000113396	0.0388499771788479	2	0.460535021815307
ENSG00000113494	0.00599189002922063	3	0.381234082514996
ENSG00000113504	0.0956897927920974	1	0.523932393280926
ENSG00000113578	0.0845302254851911	2	0.54351572900123
ENSG00000113721	0.0547199175372997	1	0.50174715844527
ENSG00000113905	0.0104126902659024	3	0.40517542066533
ENSG00000113916	0.033027676050127	1	0.441605773373128
ENSG00000113966	0.105169064808306	3	0.555123533082762
ENSG00000114013	0.0364052915032443	2	0.46597042229921
ENSG00000114270	0.0297649217706374	1	0.456646025944362
ENSG00000114315	0.00036955313224929	1	0.346493207722484
ENSG00000114349	0.000522259379210133	3	0.34928693751134
ENSG00000114450	0.0325107352547315	2	0.428841819970108
ENSG00000114541	0.126773726032723	2	0.587822217688294
ENSG00000114626	0.0306031106424421	1	0.427263408185166
ENSG00000114698	0.0211471076714933	1	0.391996384099068
ENSG00000114737	0.000129252128026502	2	0.337989516748435
ENSG00000114805	0.0897466030849492	3	0.549315945869107
ENSG00000114993	0.103921443849198	2	0.565506406569259
ENSG00000115107	0.0249485802862718	2	0.398091840600518
ENSG00000115112	0.0188387538467656	1	0.43118822136597
ENSG00000115165	0.0095065133255865	2	0.398389708168524
ENSG00000115183	0.0397548717362277	2	0.457937137241305
ENSG00000115194	0.103762400186325	3	0.541698005172624
ENSG00000115266	0.024571453199294	1	0.445268393585148
ENSG00000115267	0.00943114587463345	2	0.388418652232618
ENSG00000115297	0.00838277208506044	3	0.386654562606675
ENSG00000115361	0.00571757637285175	3	0.368075424825617
ENSG00000115363	0.00516059290440196	3	0.35883694396582
ENSG00000115380	0.0114269609497972	2	0.408590813069211
ENSG00000115414	0.0483470833758169	1	0.475261043040852
ENSG00000115457	0.0273343766769517	3	0.447510358540504
ENSG00000115461	0.0359964471574789	2	0.452209651947905
ENSG00000115468	0.0815422361231374	2	0.538556806453993
ENSG00000115523	0.010299555046004	2	0.394412450037949
ENSG00000115590	0.0440424052457116	1	0.477481691512534
ENSG00000115594	0.0941678831316795	1	0.525552020843236
ENSG00000115602	0.120634736696945	1	0.564885244434692
ENSG00000115604	0.0677329545762915	1	0.513428349631497
ENSG00000115607	0.00966696358140928	1	0.393400956227039
ENSG00000115648	0.0321260050015418	1	0.450414942072684
ENSG00000115687	0.0382609464239292	1	0.446893871089397
ENSG00000115705	0.00433708160639257	3	0.36726942340559
ENSG00000115828	0.0836652820645273	3	0.541294057672065
ENSG00000115850	0.00336671601858995	3	0.374024444294357
ENSG00000115919	0.00423755580490626	2	0.356776431732014
ENSG00000115935	0.110167146924126	2	0.570608493528681
ENSG00000115956	0.041102073381341	2	0.478787062430994
ENSG00000115963	0.0227110180037702	3	0.440873658662078
ENSG00000116016	0.0505822339294039	1	0.494139508892718
ENSG00000116031	0.00992281881585044	3	0.403842904805199
ENSG00000116039	0.00373992122024935	3	0.369536682863979
ENSG00000116117	0.034425320713598	1	0.40345441228115
ENSG00000116132	0.0142002628898139	2	0.412851220298968
ENSG00000116525	0.0156744196782641	2	0.415712675468194
ENSG00000116544	0.0852249864378329	1	0.452593048523162
ENSG00000116574	0.099360098463757	2	0.536845208714272
ENSG00000116678	0.00534990243311806	3	0.377658024798737
ENSG00000116701	0.0384189076753262	2	0.472731736096044
ENSG00000116711	0.00666622730556055	3	0.387752714282643
ENSG00000116717	0.0102828881376179	2	0.401883151223665
ENSG00000116745	0.0226448453567119	2	0.387903319351545
ENSG00000116774	0.0610327329649607	2	0.506812230140591
ENSG00000116819	0.0080426611264679	1	0.396291671967135
ENSG00000116824	0.00195101989008561	2	0.352392413472977
ENSG00000116852	0.0314242950073723	1	0.421762381200317
ENSG00000116962	0.0584552623827407	1	0.50246491201797
ENSG00000116983	0.0647909020186508	3	0.508995077775868
ENSG00000117069	0.128687124696871	3	0.579694413637656
ENSG00000117115	0.0657865828834371	2	0.518076913722045
ENSG00000117148	0.0100003398820001	3	0.403113767874954
ENSG00000117152	0.244383980060671	3	0.681699920348705
ENSG00000117226	0.0123799494712974	2	0.407988449594326
ENSG00000117228	0.0266360728878334	2	0.435237751063013
ENSG00000117266	0.0867618170093115	2	0.539496610662058
ENSG00000117280	0.00255282912983612	2	0.367781043757264
ENSG00000117298	0.0385873640439647	1	0.456277111290303
ENSG00000117318	0.0943317230926676	1	0.460964634209902
ENSG00000117394	0.0202973380682985	1	0.427698365731117
ENSG00000117425	0.0547194587862077	1	0.476597449215671
ENSG00000117519	0.00650342893086564	2	0.39037925314853
ENSG00000117525	0.00437896367220902	3	0.359798280772283
ENSG00000117594	0.107055246172522	3	0.453328131486505
ENSG00000117595	0.017594333746349	1	0.42255953803277
ENSG00000117600	0.111294052365325	3	0.574878098129233
ENSG00000117601	0.000125961925784845	3	0.339859781744332
ENSG00000117676	0.0525906304671034	2	0.497943976974243
ENSG00000117724	0.0477274922920958	3	0.464506755206361
ENSG00000117834	0.00654159708771451	2	0.390430208954954
ENSG00000117983	0.0114127163452941	1	0.376045018894854
ENSG00000118004	0.0126907095004337	1	0.380487478411298
ENSG00000118194	0.0634610744355075	3	0.424186449075378
ENSG00000118257	0.0152371232496711	1	0.4185147442039
ENSG00000118271	0.0135778084037801	1	0.412790451838848
ENSG00000118276	0.133863001009297	3	0.596291672745105
ENSG00000118292	0.000832061548638796	3	0.347956059253198
ENSG00000118298	0.092525838764459	2	0.508486788400866
ENSG00000118322	0.0929784590858616	2	0.54792540843865
ENSG00000118402	0.144826537066005	3	0.605923478712473
ENSG00000118407	0.0183793479151131	3	0.404507395794065
ENSG00000118432	0.0889198231345266	3	0.547427368066705
ENSG00000118503	0.0262744007475449	1	0.403200333596821
ENSG00000118515	0.0574477484683962	2	0.502334377704561
ENSG00000118523	0.00936615416443476	1	0.387255906282669
ENSG00000118640	0.0149404278822654	2	0.420290556847919
ENSG00000118729	0.009387820565674	1	0.389424351543083
ENSG00000118733	0.262688829106074	3	0.690447018142291
ENSG00000118777	0.00524356709704854	1	0.384519846862559
ENSG00000118785	0.285908954304552	2	0.716784513558213
ENSG00000118946	0.0344446501783101	3	0.437713826937009
ENSG00000119121	0.0795912495230505	2	0.535042933980467
ENSG00000119125	0.197099569152436	3	0.641557697633184
ENSG00000119139	0.0283328012736059	2	0.453692650448472
ENSG00000119280	0.0448326983699071	2	0.484847788257963
ENSG00000119403	0.0331287991614135	2	0.410586147016547
ENSG00000119408	0.0219003365678572	1	0.432048005650985
ENSG00000119535	0.0745561864127681	2	0.488225779036482
ENSG00000119547	0.102123930058638	3	0.515099595313531
ENSG00000119630	0.0285852818137503	1	0.444812538825692
ENSG00000119655	0.0526700956839817	2	0.49826396345948
ENSG00000119681	0.0448986055918714	1	0.459045772158444
ENSG00000119688	0.017129854377037	1	0.415737095350395
ENSG00000119698	0.095306950153325	3	0.556327157085736
ENSG00000119699	0.0654812415189133	2	0.473089929259567
ENSG00000119771	0.0608948044088	1	0.444682386719512
ENSG00000119913	0.00421433900743373	3	0.376872309374718
ENSG00000119922	0.0544763516694305	2	0.484541315800167
ENSG00000119938	0.00240845446390947	3	0.358725895809225
ENSG00000120053	0.161475292264106	3	0.613156016520351
ENSG00000120129	0.0338158811346919	1	0.456135382778459
ENSG00000120149	0.00785176579973679	3	0.386035800915357
ENSG00000120278	0.0243738460962816	2	0.40226023279996
ENSG00000120279	0.0295068399585958	1	0.454504511509038
ENSG00000120318	0.0288548589819695	1	0.452716840278611
ENSG00000120437	0.110438790638958	3	0.528592216347684
ENSG00000120457	0.0529905675044533	2	0.497577116975627
ENSG00000120594	0.0374389845159319	2	0.444712033174253
ENSG00000120645	0.0600816294704405	1	0.415196061333221
ENSG00000120664	0.00252891794415866	3	0.364038712522015
ENSG00000120690	0.0389150227596128	2	0.454537645641965
ENSG00000120708	0.0237124389799254	1	0.442926627031675
ENSG00000120738	0.04616155614733	3	0.485399186212129
ENSG00000120875	0.0444037729090541	3	0.478923122198241
ENSG00000120889	0.049604383032499	1	0.459400369171759
ENSG00000120896	0.0425707295249533	1	0.444970435053255
ENSG00000120949	0.000524202144283836	2	0.346938716067011
ENSG00000121005	0.0528628990764849	2	0.43763642244774
ENSG00000121039	0.00736316232372647	1	0.386529956905767
ENSG00000121068	0.0463564241968013	1	0.48008890325794
ENSG00000121207	0.00633756783692097	2	0.38933574367528
ENSG00000121281	0.00989477497674629	2	0.393834867378301
ENSG00000121690	0.0408766170350848	2	0.452692773760041
ENSG00000121716	0.050065034619876	1	0.491261703277944
ENSG00000121742	0.0573263501212311	1	0.42715131315113
ENSG00000121764	0.0149855257206739	3	0.419543737795505
ENSG00000121797	0.00560614786535729	2	0.380192722020781
ENSG00000121858	0.00475948824277761	2	0.381766875932079
ENSG00000121898	0.0382887822101997	2	0.471286967374262
ENSG00000121905	0.102513776464827	3	0.560089794077966
ENSG00000121933	0.0757747629267455	2	0.522710446719277
ENSG00000121966	0.00785129744746493	2	0.389027712604477
ENSG00000122012	0.190254155791753	3	0.650256995493117
ENSG00000122025	0.0698611640708529	3	0.51060333208919
ENSG00000122176	0.0179984910156379	1	0.414979997437777
ENSG00000122188	0.0023796030648755	3	0.359186779792868
ENSG00000122367	0.160151175959692	2	0.604432201250084
ENSG00000122375	0.0132875958399943	3	0.408595414251439
ENSG00000122584	0.0889160979780679	3	0.54217592962087
ENSG00000122585	0.0964229464001811	2	0.437176997871196
ENSG00000122644	0.0525272074395551	3	0.494611192076284
ENSG00000122679	0.00764495640873053	2	0.376582273826726
ENSG00000122694	0.0771457765184689	2	0.520483704636855
ENSG00000122756	0.0316517930444349	1	0.457926296940129
ENSG00000122786	0.0402330541542404	1	0.443342890002167
ENSG00000122861	0.0109975855883694	2	0.40210653802206
ENSG00000122862	0.0408933506510741	1	0.432846026774462
ENSG00000122863	0.0793296987449609	2	0.475722989447356
ENSG00000122884	0.00525320623048853	2	0.361665643719856
ENSG00000122986	0.0218406265806245	1	0.383904389152521
ENSG00000123096	0.0102533039389515	2	0.390978978724061
ENSG00000123146	0.0328272122667828	2	0.461777196197092
ENSG00000123243	0.0447627689601672	1	0.485316077619169
ENSG00000123338	0.0661428156872728	2	0.518040589463697
ENSG00000123342	0.00357430318488405	1	0.366787905727323
ENSG00000123358	0.0180512015167058	1	0.402249546457077
ENSG00000123374	0.0185032789852144	1	0.4049751083757
ENSG00000123411	0.0045863146411842	1	0.381005690886994
ENSG00000123416	0.0801475990246615	3	0.513767564021597
ENSG00000123485	0.00627569016400342	3	0.364951392928143
ENSG00000123545	0.129305106023271	3	0.578918486931757
ENSG00000123609	0.00487508124324509	2	0.379274585722759
ENSG00000123610	0.0230076046347625	2	0.41893038393067
ENSG00000123700	0.0474789076088585	2	0.488626139747373
ENSG00000123901	0.110836825996759	3	0.505300957864462
ENSG00000123965	0.0082942704960064	3	0.395301439589248
ENSG00000123977	0.0520036926006805	3	0.496545675521169
ENSG00000124107	0.0101666984660688	1	0.404069481112979
ENSG00000124126	0.0372600920390911	2	0.467559404323714
ENSG00000124134	0.12019648274085	3	0.545472249994654
ENSG00000124145	0.0102662112493278	1	0.39730376794435
ENSG00000124203	0.0608084799261369	1	0.437979898881689
ENSG00000124205	0.0154115222300528	3	0.402121314345019
ENSG00000124212	0.0536397755710959	1	0.439452290363653
ENSG00000124222	0.00305107388719117	2	0.35311064491518
ENSG00000124253	0.0685495901807436	1	0.520619869008949
ENSG00000124256	0.00182966133783535	2	0.353341766810091
ENSG00000124302	0.0102399625760596	3	0.39887340794721
ENSG00000124374	0.0733882234508693	2	0.519345090634993
ENSG00000124440	0.134251178402814	1	0.596316369645976
ENSG00000124491	0.00190832142994024	1	0.355705891914863
ENSG00000124493	0.0254495215063779	1	0.396715072262543
ENSG00000124575	0.000191795216244017	1	0.339662228049785
ENSG00000124762	0.0797082206136913	1	0.476590155172542
ENSG00000124782	0.0683147061669257	1	0.476148314248227
ENSG00000124785	0.163541345878461	3	0.623252565692417
ENSG00000124818	0.0137261794513106	3	0.413734498418125
ENSG00000124920	0.165715190126205	2	0.626772234420889
ENSG00000124942	0.0356369844959674	1	0.423855105871069
ENSG00000125089	0.0308065710269672	2	0.425555954503407
ENSG00000125144	0.030322848063736	1	0.442352335920756
ENSG00000125148	0.0344258994737165	1	0.446543514597415
ENSG00000125246	0.0252766748087978	1	0.398372576053522
ENSG00000125247	0.158269748866611	2	0.539599945843842
ENSG00000125257	0.0118127990918542	2	0.410457845246884
ENSG00000125337	0.00178849027055039	2	0.361897287061046
ENSG00000125378	0.0167012014365496	3	0.398966080695865
ENSG00000125398	0.0277852389589024	1	0.44885630249608
ENSG00000125430	0.0465318606876618	1	0.48365694543352
ENSG00000125522	0.0206366460755232	3	0.434473960991196
ENSG00000125534	0.00848847677342102	2	0.39584085035279
ENSG00000125538	0.0193508354372676	2	0.392109911828333
ENSG00000125618	0.00611975286726052	3	0.380852334778153
ENSG00000125730	0.165736625942185	2	0.625301620565677
ENSG00000125733	0.0981601316505528	1	0.525723528425527
ENSG00000125753	0.0264612012749627	1	0.41996454494739
ENSG00000125772	0.0614317990097515	3	0.483624819361704
ENSG00000125787	0.00657130832895958	1	0.380289532799047
ENSG00000125804	0.00111987423535032	1	0.356819528437545
ENSG00000125810	0.0658066487494205	1	0.473316134186871
ENSG00000125820	0.0345970184891107	2	0.462225271932091
ENSG00000125826	0.016961028390324	1	0.395559047455713
ENSG00000125844	0.0358315996576046	2	0.452290355591861
ENSG00000125869	0.129261436337486	3	0.581782763373902
ENSG00000125968	0.011389786515822	1	0.387810981290968
ENSG00000126243	0.0244630059101218	1	0.412486583371749
ENSG00000126247	0.0565714725402183	3	0.483436344635575
ENSG00000126262	0.00148450639391984	1	0.359321280306998
ENSG00000126266	0.0288931568761467	2	0.453243879888146
ENSG00000126368	0.0412041128488109	1	0.417289710739647
ENSG00000126461	0.0256817760660585	1	0.434255119373897
ENSG00000126464	0.0639765083421959	1	0.509202018768865
ENSG00000126500	0.000913128333179691	3	0.346849205798844
ENSG00000126545	0.03000396248515	3	0.440098221682235
ENSG00000126561	0.0440941135330079	2	0.464299390875316
ENSG00000126583	0.0895332278966547	3	0.53485658649536
ENSG00000126603	0.0428848249655663	1	0.478865603637667
ENSG00000126705	0.063495252547832	1	0.501944573466783
ENSG00000126778	0.00729324123790787	1	0.392202132643564
ENSG00000126803	0.136195859035915	2	0.586117747811552
ENSG00000126822	0.0621809386648551	2	0.512867823976933
ENSG00000126860	0.183649777142635	2	0.582042493119355
ENSG00000126878	0.0752075456753655	2	0.529872516550709
ENSG00000127083	0.0121399001607702	1	0.391574916118988
ENSG00000127084	0.0125405602660198	2	0.399231682020266
ENSG00000127124	0.0562389322935529	1	0.498021017577381
ENSG00000127241	0.0205066931190301	2	0.434538474747662
ENSG00000127324	0.0556963903561101	2	0.475996964628207
ENSG00000127325	0.0211409562181943	2	0.423957320739332
ENSG00000127329	0.0337308820466603	1	0.46414695927183
ENSG00000127412	0.0558580046029966	2	0.503524401939288
ENSG00000127418	0.0582685416774956	1	0.477391141387204
ENSG00000127472	0.00284235601401817	1	0.366922285201422
ENSG00000127507	0.0373246789677917	2	0.46603382488414
ENSG00000127528	0.0406613538558008	1	0.477682745728173
ENSG00000127533	0.0034281896438757	1	0.37156816581258
ENSG00000127578	0.0787319843585498	1	0.536051348108313
ENSG00000127780	0.000801925468669085	3	0.353042726385942
ENSG00000127824	0.160663921571662	3	0.617395948247188
ENSG00000127920	0.0279027154528965	1	0.448129822735944
ENSG00000127946	0.0513403585431993	2	0.493059491438655
ENSG00000127951	0.024139345759139	2	0.436569280152847
ENSG00000127954	0.00807621040267248	1	0.388481168186807
ENSG00000128011	0.0907045368297659	1	0.471220268523283
ENSG00000128016	0.0379855782882349	2	0.411502530499884
ENSG00000128052	0.0469597996729194	1	0.448015488547274
ENSG00000128242	0.0719304725569471	2	0.524456147535681
ENSG00000128250	0.00808548492931394	3	0.396258414410295
ENSG00000128253	0.0578473788844448	3	0.440328407975634
ENSG00000128254	0.0367520526024157	1	0.408083589643686
ENSG00000128262	0.0109876553979987	2	0.400258176086974
ENSG00000128271	0.0574205181230929	1	0.505941470383929
ENSG00000128274	0.0783832293730129	1	0.506805159077608
ENSG00000128283	0.170445669369614	2	0.622418268836073
ENSG00000128284	0.0364464440373374	1	0.448629390867
ENSG00000128285	0.0975309492496695	3	0.559386016997628
ENSG00000128309	0.0321617015120634	2	0.430673210522533
ENSG00000128311	0.00831762138578052	2	0.397964727239705
ENSG00000128313	0.0167565584052201	3	0.425379711049192
ENSG00000128340	0.0092516290249457	2	0.395591610537554
ENSG00000128342	0.0129791608749001	2	0.408889239834854
ENSG00000128383	0.00300141463762515	1	0.369860058094786
ENSG00000128422	0.0370899692944251	3	0.431421370940269
ENSG00000128564	0.138539944789714	3	0.60338334149746
ENSG00000128567	0.0581572444077733	1	0.506985285997096
ENSG00000128591	0.0905058772901266	2	0.548455928540496
ENSG00000128602	0.063619720548645	1	0.491713319070387
ENSG00000128604	0.020875652795925	2	0.435992472611115
ENSG00000128609	0.126941356635016	3	0.563213117133677
ENSG00000128645	0.0473825181014264	2	0.468768460889212
ENSG00000128652	0.0171604806026051	2	0.414841029693519
ENSG00000128683	0.172879359932952	3	0.627491343942815
ENSG00000128805	0.0367093518898479	2	0.470653359353809
ENSG00000128815	0.0804984164850678	2	0.530388567794874
ENSG00000128833	0.0124978941568222	1	0.409403226741833
ENSG00000128849	0.0624604111750491	1	0.50036102549323
ENSG00000128917	0.0977825626059105	1	0.553064164975329
ENSG00000129116	0.0419994726542506	1	0.436150396973096
ENSG00000129151	0.00158225928356781	2	0.360936018668579
ENSG00000129152	0.00436712973516418	3	0.375202899223622
ENSG00000129167	0.0215218115660514	3	0.400976092904282
ENSG00000129195	0.000569859666648909	3	0.349359666150698
ENSG00000129219	0.0192292032423854	2	0.387654928290273
ENSG00000129244	0.00819386878053885	1	0.394922511959453
ENSG00000129250	0.0489997889912179	2	0.428473089546754
ENSG00000129354	0.012846145792007	3	0.413758973034428
ENSG00000129422	0.0372380685126129	2	0.471667524591704
ENSG00000129450	0.0369523164096095	2	0.467976945914012
ENSG00000129465	0.00885632868287356	2	0.395854617212712
ENSG00000129467	0.061676223350572	1	0.503555313135094
ENSG00000129474	0.0222422707457984	1	0.436550641173409
ENSG00000129538	0.174875246860234	2	0.589424022029381
ENSG00000129566	0.0534471322288853	1	0.431338884738293
ENSG00000129636	0.161644686452523	3	0.591460861279497
ENSG00000129646	0.0442971597269963	1	0.483852132801852
ENSG00000129654	0.0566016514082952	1	0.470736391119508
ENSG00000129667	0.0595445360801587	2	0.463636985781082
ENSG00000129673	0.00550844972906261	3	0.383588449586529
ENSG00000129757	0.12135784506105	2	0.577566806575152
ENSG00000129810	0.00171546778772269	3	0.348194114747596
ENSG00000129910	0.00187029495007773	3	0.36348077882799
ENSG00000129951	0.0459927518329517	3	0.44703630219617
ENSG00000129993	0.0847419220266329	1	0.495036624761619
ENSG00000130147	0.0440438558797902	2	0.46315818203882
ENSG00000130158	0.0982070926959419	1	0.529297788879584
ENSG00000130164	0.00648477606086584	1	0.390312778689043
ENSG00000130176	0.0566705686539479	1	0.436771044207305
ENSG00000130202	0.0359674238783619	1	0.464299580091893
ENSG00000130203	0.0157322062344297	2	0.422537606141304
ENSG00000130208	0.0924174861876588	2	0.552813887164711
ENSG00000130222	0.0108337030338804	1	0.403872118578233
ENSG00000130300	0.0214226494083122	2	0.410549177586861
ENSG00000130303	0.0323632281366807	1	0.412170792402446
ENSG00000130304	0.0153710845531203	1	0.376010282271455
ENSG00000130307	0.0202344678869553	1	0.434774275747617
ENSG00000130368	0.124025966839809	3	0.58769424542442
ENSG00000130475	0.0111499211715267	2	0.405854446618378
ENSG00000130479	0.0338849301731917	1	0.414460664597023
ENSG00000130487	0.00478326673194718	3	0.374756598145622
ENSG00000130508	0.0142438490973593	1	0.407330044674347
ENSG00000130518	0.0158536034324334	1	0.422501817887959
ENSG00000130589	0.0607041867740731	1	0.462926310983675
ENSG00000130592	0.0287478753760169	2	0.448566837056924
ENSG00000130600	0.00670345793696692	1	0.390119326806849
ENSG00000130635	0.137823410335542	1	0.593434695171296
ENSG00000130653	0.0444502738335297	1	0.484655143531893
ENSG00000130669	0.0305969371338544	1	0.431312898923733
ENSG00000130701	0.0231218351830516	3	0.441768019447565
ENSG00000130702	0.14086651035238	1	0.605768747622956
ENSG00000130707	0.0224968443096001	3	0.44035431159129
ENSG00000130720	0.0355185361627358	2	0.452405259848681
ENSG00000130748	0.035011594325896	3	0.467472948260973
ENSG00000130749	0.0173395239378826	1	0.420986026833028
ENSG00000130762	0.00903178084909684	1	0.379807231751847
ENSG00000130775	0.0381938808897418	2	0.472244127358483
ENSG00000130787	0.010867865172219	2	0.381712865892908
ENSG00000130943	0.00245685310258592	3	0.35312339941671
ENSG00000130948	0.0133187732333956	2	0.408771719314625
ENSG00000130958	0.0587838737721462	2	0.507101622523509
ENSG00000130997	0.0333820319336176	1	0.454394876751028
ENSG00000131095	0.0601042579354433	2	0.472976137292854
ENSG00000131196	0.0595327939352812	1	0.424071521107888
ENSG00000131386	0.105106143050184	2	0.56062099331229
ENSG00000131389	0.000223008805043556	1	0.343694785686152
ENSG00000131398	0.079111508616886	3	0.455239401739312
ENSG00000131401	0.0154728335626663	2	0.414282854581324
ENSG00000131435	0.0164301884068557	1	0.37917280064189
ENSG00000131471	0.0684782389466259	1	0.521762840473306
ENSG00000131477	0.00395211111742222	1	0.37689779702309
ENSG00000131634	0.0498840709042433	1	0.492216219841509
ENSG00000131650	0.0123891184675555	3	0.407878683987217
ENSG00000131747	0.0106443069804405	2	0.403309347830765
ENSG00000131885	0.0194223189219878	3	0.426349642407436
ENSG00000131899	0.0310784378106208	2	0.457330592115123
ENSG00000131941	0.00499252882639356	1	0.382740990708526
ENSG00000131981	0.0151492622714555	1	0.400950597866423
ENSG00000132005	0.0398257706570457	1	0.475257473615581
ENSG00000132031	0.0116505647636076	1	0.409903700987326
ENSG00000132185	0.0101861320708378	2	0.39506050802656
ENSG00000132199	0.073068851823278	2	0.526450621758257
ENSG00000132205	0.0328939739056869	2	0.447177455940387
ENSG00000132256	0.0381279573882929	1	0.432105827509598
ENSG00000132274	0.0368890323254526	2	0.450338188932885
ENSG00000132326	0.00848855913538704	3	0.394253279816439
ENSG00000132357	0.0307649950868635	1	0.428933818429601
ENSG00000132437	0.00869513326328863	3	0.394633892472787
ENSG00000132470	0.0870274042922428	2	0.441204142940515
ENSG00000132481	0.0249514777482854	2	0.390716310790785
ENSG00000132510	0.0861613281968976	1	0.545578946524161
ENSG00000132514	0.00543565559493719	1	0.365377235925004
ENSG00000132517	0.00503461014005546	1	0.369618861517132
ENSG00000132530	0.0313899014391695	1	0.43625579409411
ENSG00000132561	0.0218271948869796	2	0.437831519293133
ENSG00000132613	0.0422250215576265	1	0.449275591721276
ENSG00000132622	0.0152662262612158	1	0.414501684153911
ENSG00000132681	0.0127055221896685	1	0.407281396820749
ENSG00000132688	0.0304711838303233	1	0.402787834973877
ENSG00000132702	0.12069737643925	2	0.581178221173478
ENSG00000132744	0.0369014488846376	3	0.446442582697927
ENSG00000132793	0.0403375154771221	1	0.465055038820136
ENSG00000132846	0.0315621310862557	2	0.458695000641296
ENSG00000132854	0.0533175786543423	2	0.482287950729367
ENSG00000132872	0.225696954615125	3	0.663340642167576
ENSG00000132911	0.00553954200536033	3	0.364144035559087
ENSG00000132965	0.0523247005154215	2	0.497688095846403
ENSG00000132972	0.00909100952375452	3	0.384623220779506
ENSG00000133020	0.0106380375073649	3	0.405155845375901
ENSG00000133048	0.0631695326651749	2	0.452881574855486
ENSG00000133055	0.0061212539327884	1	0.386232100675313
ENSG00000133067	0.00286057302918208	1	0.364803720043072
ENSG00000133105	0.00716767472346813	3	0.388210063558048
ENSG00000133106	0.0158593629963126	2	0.421632931119101
ENSG00000133110	0.0187687127503295	3	0.425788204428834
ENSG00000133246	0.0372192149650977	2	0.44983251424318
ENSG00000133256	0.0434436026852878	2	0.480974748967621
ENSG00000133321	0.0437867352067639	2	0.476715636226905
ENSG00000133392	0.17960169067273	1	0.640064748438442
ENSG00000133433	0.0146371923781307	3	0.416959408799496
ENSG00000133561	0.0464610952556469	1	0.4544481153019
ENSG00000133574	0.0168305617367362	2	0.395450944137499
ENSG00000133639	0.00745922945404898	1	0.375863246030225
ENSG00000133640	0.00476284703369456	1	0.371629928172462
ENSG00000133789	0.0121721005294224	2	0.37708615762434
ENSG00000133800	0.0103110341432434	1	0.4009659283125
ENSG00000133805	0.0325595370538183	2	0.461264988292228
ENSG00000134042	0.00529346882837289	1	0.382336468652245
ENSG00000134061	0.0465527234506107	2	0.477061769758301
ENSG00000134115	0.131807254737472	3	0.57634955673103
ENSG00000134146	0.0362245769412165	3	0.412143366210493
ENSG00000134160	0.0074166027057806	3	0.376067886988703
ENSG00000134184	0.00836107980037482	3	0.366539112147371
ENSG00000134198	0.0325745876024689	3	0.450680326054736
ENSG00000134201	0.00778693380499274	1	0.384134948297713
ENSG00000134202	0.0191977278861666	3	0.429543685395323
ENSG00000134207	0.0315260652930638	3	0.399229170463221
ENSG00000134215	0.0171156448870828	3	0.418837452122406
ENSG00000134285	0.0377425685448912	3	0.414058451835258
ENSG00000134343	0.156509551104016	3	0.619784613754069
ENSG00000134365	0.0169495707231569	3	0.417207403114648
ENSG00000134375	0.112959329927483	3	0.555834305649559
ENSG00000134398	0.00533824081272882	3	0.367419426701329
ENSG00000134508	0.0559245826199366	1	0.476497846691633
ENSG00000134516	0.0754999383727888	2	0.522414375695224
ENSG00000134531	0.0779312295166146	2	0.43496718822695
ENSG00000134539	0.0107652757377786	1	0.406882283885925
ENSG00000134545	0.00928044383443016	3	0.388691773707899
ENSG00000134548	0.0230190989156686	2	0.4386988382622
ENSG00000134612	0.0241533638523783	2	0.391730324553238
ENSG00000134716	0.0277656565185473	2	0.452490033143002
ENSG00000134755	0.00246015103876374	2	0.363438072956766
ENSG00000134760	0.0195737756180923	3	0.418168106285948
ENSG00000134765	0.0164315882161742	3	0.418794861676799
ENSG00000134802	0.0192326512074339	2	0.380422566109743
ENSG00000134815	0.0295470763514062	1	0.454471137280426
ENSG00000134817	0.173225605557498	2	0.624541479384674
ENSG00000134824	0.0135845301013975	2	0.404543094240579
ENSG00000134851	0.0622387592567769	2	0.506676352265751
ENSG00000134853	0.00183266951685324	2	0.362873713098316
ENSG00000134871	0.0778272283120205	1	0.533800616341948
ENSG00000134873	0.0152286959509202	3	0.412385039389742
ENSG00000134955	0.0501265902922805	2	0.483500159163472
ENSG00000135002	0.13295099562271	3	0.58438781123227
ENSG00000135046	0.029028211776969	2	0.424781082772351
ENSG00000135063	0.0337044827304057	2	0.41739335287586
ENSG00000135077	0.0722748727520719	2	0.527358268401379
ENSG00000135094	0.000238436561384003	1	0.339232413460683
ENSG00000135097	0.0217350501490796	1	0.436457101559486
ENSG00000135111	0.0690784376200213	1	0.52283453060415
ENSG00000135245	0.0262622464105647	1	0.411275530216635
ENSG00000135269	0.0185652899891676	1	0.421341539046136
ENSG00000135299	0.0125428432386469	3	0.403028281629382
ENSG00000135324	0.130509263447881	3	0.572584940729899
ENSG00000135362	0.0976091461748406	2	0.558851942139704
ENSG00000135363	0.0137909132002847	1	0.385779555747103
ENSG00000135426	0.147841439795545	3	0.604041984776986
ENSG00000135480	0.00274851628177586	3	0.359436762698632
ENSG00000135540	0.0270741237859679	1	0.44243541982758
ENSG00000135547	0.0109307520398716	2	0.398777328908446
ENSG00000135636	0.0202007089428885	2	0.434718982025391
ENSG00000135678	0.105445386230476	2	0.562238889380141
ENSG00000135744	0.00368414937655759	2	0.370522250892479
ENSG00000135773	0.0152309570253595	2	0.420996365414854
ENSG00000135824	0.0474589281268886	3	0.48976977034712
ENSG00000135838	0.0253173134546828	2	0.425839775348322
ENSG00000135842	0.0691533180134778	1	0.425266135340516
ENSG00000135899	0.0399701681529823	2	0.454108838903845
ENSG00000135905	0.0814888599917708	2	0.53325081076585
ENSG00000135917	0.0553352962095591	1	0.493823146087835
ENSG00000135926	0.039797504757708	2	0.434050794168189
ENSG00000135929	0.07028205163956	2	0.524661237682392
ENSG00000136098	0.0650440735624987	2	0.514563862481735
ENSG00000136099	0.130530184888074	3	0.524814697022673
ENSG00000136143	0.144076894218019	3	0.570726055490785
ENSG00000136160	0.0128510500148147	3	0.383843526614917
ENSG00000136167	0.0540662562181998	2	0.489096833405769
ENSG00000136205	0.0276672113092147	1	0.447206804212116
ENSG00000136213	0.0435120128805238	1	0.483123068738464
ENSG00000136235	0.0379291623557249	2	0.449747547362852
ENSG00000136244	0.00126257224882687	2	0.352900550412043
ENSG00000136250	0.0270833050642709	2	0.443716104046271
ENSG00000136274	0.0236853732722403	2	0.443232485871751
ENSG00000136286	0.0115036831224926	2	0.409180175056894
ENSG00000136295	0.0286854902197288	1	0.435934875698267
ENSG00000136297	0.0117208993595778	1	0.409742594623438
ENSG00000136367	0.0647441750449825	1	0.512040005878646
ENSG00000136541	0.210893286042044	2	0.632073292726198
ENSG00000136546	0.0483428766434778	3	0.49136726901744
ENSG00000136717	0.0121585479857079	2	0.410462323458877
ENSG00000136732	0.0475802435415043	2	0.44228119449862
ENSG00000136750	0.267289289115346	3	0.688067467518195
ENSG00000136810	0.0772098857930998	3	0.496325513500578
ENSG00000136826	0.030060726236089	1	0.453276347543479
ENSG00000136830	0.0761826005265653	1	0.500276069170202
ENSG00000136842	0.0462206168653071	3	0.457933734637108
ENSG00000136859	0.0402928187146939	2	0.473830134777943
ENSG00000136867	0.0841079900230505	2	0.531030230247243
ENSG00000136869	0.00813838686294677	1	0.377951105953452
ENSG00000136883	0.0316307454795809	3	0.445302289912483
ENSG00000136918	0.000144886638952291	2	0.341632524372295
ENSG00000136929	0.000220898473439313	3	0.342007940718515
ENSG00000136938	0.0415457023914649	2	0.463140316168752
ENSG00000136960	0.272056121540329	2	0.644953345822458
ENSG00000136997	0.00523170014610097	1	0.382166444477939
ENSG00000136999	0.0888228658581345	3	0.533648990477512
ENSG00000137033	0.022136746930917	3	0.392784708779179
ENSG00000137076	0.0559958250922418	2	0.422017191146826
ENSG00000137166	0.0339510021035841	1	0.463809902675309
ENSG00000137193	0.00596635796396183	1	0.367729987299944
ENSG00000137198	0.0101000730114567	1	0.390929234189359
ENSG00000137221	0.0350936754713083	2	0.453972392290978
ENSG00000137267	0.121801534175987	3	0.582830395169406
ENSG00000137269	0.0303170905997837	2	0.455044630692947
ENSG00000137285	0.00191275575133654	2	0.364115243610979
ENSG00000137393	0.0252272042994618	1	0.442615088077612
ENSG00000137441	0.00536573712260657	3	0.375758585759358
ENSG00000137462	0.038026011073877	2	0.470913656934938
ENSG00000137474	0.0217182415638794	1	0.433332870789756
ENSG00000137491	0.0565036650107302	2	0.452614347593563
ENSG00000137496	0.0155137222941837	1	0.413262761420991
ENSG00000137507	0.139599982964501	1	0.585477868104148
ENSG00000137558	0.00525451566445423	3	0.368812641041658
ENSG00000137563	0.0814189936158352	3	0.528456277388536
ENSG00000137573	0.0512034598640072	2	0.41458745417389
ENSG00000137628	0.014994005852851	2	0.419706125235427
ENSG00000137693	0.0544064346331218	1	0.490418589950261
ENSG00000137709	0.00421104914826953	3	0.374820487375328
ENSG00000137731	0.0223888869566169	1	0.439950504037127
ENSG00000137752	0.0151217741934371	2	0.408822085591562
ENSG00000137757	0.00123216757784061	2	0.347176407249965
ENSG00000137767	0.0106827595478347	2	0.374534876739302
ENSG00000137801	0.0232766318890802	1	0.43900098726544
ENSG00000137809	0.00926214859808505	1	0.397283763482211
ENSG00000137819	0.0201749049509319	1	0.424374404352775
ENSG00000137831	0.0499234457669256	2	0.46259754394344
ENSG00000137834	0.141050516913072	1	0.591342242274553
ENSG00000137841	0.0331935783771906	2	0.463828308616046
ENSG00000137857	0.0264677299647524	2	0.448713625449786
ENSG00000137868	0.0139243912324191	1	0.386729420248248
ENSG00000137869	0.0120997397385533	2	0.410002045689357
ENSG00000137877	0.0220255919949404	1	0.43923706143013
ENSG00000137944	0.0656413472987123	3	0.491792172056185
ENSG00000137959	0.0860760898500321	2	0.539128025674565
ENSG00000137962	0.0247014238899875	1	0.433284059604467
ENSG00000137965	0.0165256710645912	2	0.42183872064494
ENSG00000137968	0.0672376051888788	3	0.519455328396364
ENSG00000138061	0.0110072025058147	1	0.390403829352898
ENSG00000138080	0.031523321713732	2	0.401491304672843
ENSG00000138100	0.0561703678872564	3	0.416546234513463
ENSG00000138119	0.108503963494818	1	0.471019003575109
ENSG00000138135	0.0178380742288313	2	0.423600194711249
ENSG00000138166	0.0176985622826115	3	0.396821686332428
ENSG00000138180	0.00709920158368205	2	0.36554657432343
ENSG00000138193	0.0183670180736243	1	0.413874865686395
ENSG00000138207	0.0828791809551587	3	0.537703584041409
ENSG00000138315	0.00222822661824285	3	0.349685777779365
ENSG00000138316	0.0785374194943657	2	0.535180208158465
ENSG00000138378	0.158667532712436	3	0.622653540311473
ENSG00000138395	0.0093605618246716	3	0.401143956550163
ENSG00000138449	0.00793036170219363	2	0.389395304036158
ENSG00000138496	0.0557854499813208	2	0.456932856706427
ENSG00000138622	0.0600493164487594	3	0.42525519646343
ENSG00000138623	0.0266443154401063	3	0.429901044443709
ENSG00000138646	0.0221877834611114	2	0.436557696429945
ENSG00000138663	0.103884588985429	3	0.536689565532849
ENSG00000138678	0.0656496537607578	3	0.512731992015181
ENSG00000138685	0.00383804250597863	1	0.373258971745352
ENSG00000138696	0.00116476486990968	1	0.353144982625668
ENSG00000138698	0.11335594507579	3	0.502546179392206
ENSG00000138722	0.0020788523672457	1	0.36347399475893
ENSG00000138741	0.0150279419138453	3	0.416072551701581
ENSG00000138772	0.024013255820818	1	0.440835795185565
ENSG00000138792	0.00144696916987985	3	0.352139414337347
ENSG00000138795	0.0524597483944941	1	0.495967702300556
ENSG00000138835	0.0289591378917453	2	0.397974582823773
ENSG00000138964	0.0490344041895295	2	0.460069113739854
ENSG00000139055	0.00304654198691168	3	0.366352590240073
ENSG00000139117	0.0327982104594325	3	0.461081513297636
ENSG00000139144	0.0172980096346359	3	0.426059522385978
ENSG00000139146	0.00555764806581915	2	0.379819921777271
ENSG00000139155	0.00996018530675014	3	0.401270323110935
ENSG00000139178	0.00309205594964079	1	0.369384479446701
ENSG00000139190	0.0999985654035501	3	0.558332094966392
ENSG00000139200	0.108109808316285	3	0.453572793939328
ENSG00000139211	0.0261643111412109	3	0.44766353146971
ENSG00000139263	0.0173261407088985	2	0.420024649367159
ENSG00000139292	0.128731364937149	2	0.57896873456287
ENSG00000139304	0.0580979237456035	3	0.487824831967091
ENSG00000139318	0.0356027508402778	3	0.466987854176098
ENSG00000139329	0.00248158269815424	3	0.351089420343298
ENSG00000139433	0.0741493026883003	2	0.524835989650015
ENSG00000139438	0.0695713283419153	2	0.518961518715663
ENSG00000139567	0.0587017801168233	1	0.504070583217175
ENSG00000139572	0.00162853278882447	3	0.348442823337191
ENSG00000139629	0.14479510051465	2	0.59153226923527
ENSG00000139679	0.0130036901845511	2	0.413128312524013
ENSG00000139718	0.0543485804066064	1	0.494417851358763
ENSG00000139737	0.116523060142227	2	0.545729248582815
ENSG00000139780	0.0228811136802274	3	0.441302564359319
ENSG00000139800	0.0535537933933529	1	0.498846626808866
ENSG00000139832	0.0157816988884957	1	0.376365950342397
ENSG00000139865	0.0488279565771437	3	0.44291360709684
ENSG00000139874	0.0456104815754527	3	0.45667178134252
ENSG00000140015	0.133886567877214	3	0.598629047050851
ENSG00000140022	0.0374188922762759	1	0.426729318009849
ENSG00000140030	0.0202638153404915	2	0.43470624509017
ENSG00000140067	0.00703470996386335	1	0.381601080038113
ENSG00000140090	0.0262335054301893	1	0.42661360375135
ENSG00000140092	0.00640001412178115	1	0.378508085101323
ENSG00000140287	0.0198575652222969	3	0.423888010528475
ENSG00000140379	0.0103429762132715	2	0.404512576967648
ENSG00000140450	0.0544649682952775	2	0.497321154348977
ENSG00000140464	0.0296463118094193	1	0.452788457262872
ENSG00000140479	0.148806675873121	2	0.610326247275327
ENSG00000140511	0.0182823702453997	1	0.425112213641115
ENSG00000140522	0.00719487358042847	1	0.369826159856774
ENSG00000140545	0.0237119152828805	1	0.431411825769953
ENSG00000140575	0.0298699668251714	2	0.44121767622309
ENSG00000140623	0.000890946522019598	3	0.346424764927548
ENSG00000140678	0.124472334964734	2	0.586732939183399
ENSG00000140682	0.0443071417853245	1	0.473146159571618
ENSG00000140749	0.0218305686670958	2	0.424866482609597
ENSG00000140798	0.0806900089865227	3	0.538036710688858
ENSG00000140807	0.039697335376611	2	0.412472927644023
ENSG00000140836	0.0677424403398363	1	0.445542840391437
ENSG00000140839	0.033834265664596	1	0.441610721773001
ENSG00000140848	0.0551657725802198	2	0.500888043612742
ENSG00000140853	0.0866396565442132	2	0.433406175539819
ENSG00000140873	0.0561030499191407	2	0.482907801657858
ENSG00000140931	0.0321259500748795	2	0.420821984939142
ENSG00000140961	0.0085438430458471	2	0.379928799083009
ENSG00000140968	0.0570611377104184	2	0.505331179132122
ENSG00000141030	0.109828501403605	3	0.539653694657894
ENSG00000141052	0.0369486917784528	1	0.470811967496955
ENSG00000141161	0.00855911966977863	3	0.398820417489753
ENSG00000141294	0.00244874320027122	1	0.362228431571446
ENSG00000141338	0.16165282364945	2	0.618108304928359
ENSG00000141401	0.00920131533769519	1	0.394010448908726
ENSG00000141433	0.151258417926264	3	0.609053828149184
ENSG00000141437	0.0058159151676267	1	0.360691324799832
ENSG00000141458	0.0552830868834681	2	0.495680358606836
ENSG00000141469	0.0408964842010235	1	0.436892521273973
ENSG00000141485	0.0311736346356932	1	0.393944155622417
ENSG00000141506	0.0661994068855517	2	0.45842006330038
ENSG00000141510	0.0158229439834291	2	0.378019570463625
ENSG00000141524	0.106951767865947	2	0.564025558202477
ENSG00000141526	0.0384467300003587	2	0.433849709752534
ENSG00000141527	0.0114588216830792	2	0.404972050558388
ENSG00000141540	0.115417077306072	2	0.577658741764456
ENSG00000141574	0.00360126406901418	1	0.373154921670703
ENSG00000141668	0.0934973126925792	3	0.549803243013423
ENSG00000141682	0.0045441181922693	3	0.368491543458008
ENSG00000141736	0.0345326159127203	1	0.420636676604066
ENSG00000141750	0.0544590261705438	3	0.441938431823322
ENSG00000141753	0.0558771291780382	1	0.469572664511888
ENSG00000141837	0.0635955525190672	1	0.447148747103579
ENSG00000141867	0.0620309249406106	1	0.505720193661561
ENSG00000141905	0.036702731419653	1	0.468565421498366
ENSG00000141934	0.108063031841068	2	0.568797105769215
ENSG00000141965	0.0148110523574565	1	0.417562077525068
ENSG00000141968	0.0307542828139635	2	0.458683540222761
ENSG00000142039	0.0109816610212065	1	0.392720558648343
ENSG00000142089	0.0575190734165126	1	0.449326216098261
ENSG00000142102	0.0453815085465453	1	0.452979049643926
ENSG00000142156	0.0551184963705694	1	0.493366098148698
ENSG00000142173	0.100143363557695	1	0.50442685010662
ENSG00000142178	0.00178990262126244	1	0.36267124658277
ENSG00000142185	0.0365124235094241	1	0.425234697856977
ENSG00000142227	0.00941887947616005	2	0.369226254075258
ENSG00000142235	0.0819579808648925	1	0.488626100166962
ENSG00000142273	0.00799327494324276	3	0.378451352119121
ENSG00000142279	0.0384838222008858	1	0.458186782145245
ENSG00000142303	0.0544694081834904	1	0.494384255055038
ENSG00000142327	0.030864097756621	1	0.416739228612857
ENSG00000142347	0.0656041330580313	2	0.47600709023269
ENSG00000142408	0.06809112193473	3	0.50150970851159
ENSG00000142494	0.00289830410084346	3	0.361235751771595
ENSG00000142512	0.0324131624812581	2	0.461297109439514
ENSG00000142583	0.039246462246886	2	0.475325179750523
ENSG00000142606	0.00122183620301175	2	0.352913922137264
ENSG00000142609	0.0693805064140252	1	0.448633483974828
ENSG00000142627	0.0282441738399518	1	0.442971340304976
ENSG00000142661	0.00291527479911446	2	0.368492925112905
ENSG00000142675	0.00539886793758837	1	0.382175389666518
ENSG00000142733	0.0334215401943513	1	0.464293044221818
ENSG00000142798	0.139203910128244	1	0.565623513379556
ENSG00000142856	0.00181281712945691	3	0.360551692178493
ENSG00000142871	0.00786313442281561	1	0.393823342144203
ENSG00000142910	0.0718899525509427	1	0.525179564396273
ENSG00000142973	0.0237087008336437	1	0.436906421358721
ENSG00000143028	0.0199625479179417	1	0.421556999797394
ENSG00000143036	0.00119840688514783	2	0.355642540286353
ENSG00000143106	0.112870273636243	3	0.541889139547335
ENSG00000143119	0.0267141336772238	2	0.439854075114728
ENSG00000143127	0.108513006561979	1	0.569247886861237
ENSG00000143158	0.103305977419302	3	0.556733671686603
ENSG00000143194	0.0481984887157145	3	0.488745335586334
ENSG00000143226	0.0540285471528756	2	0.488210221756322
ENSG00000143248	0.00898583362494543	3	0.386402531357164
ENSG00000143318	0.108643587863398	3	0.569769474521125
ENSG00000143333	0.0152736515890319	2	0.414392615580795
ENSG00000143341	0.0315573144493954	1	0.459952136915626
ENSG00000143369	0.0263195707830122	3	0.449305426335611
ENSG00000143375	0.0169606108041139	2	0.392095870695801
ENSG00000143382	0.0140269097967535	1	0.386938574359483
ENSG00000143409	0.054625467806201	2	0.493790077290442
ENSG00000143412	0.0125450558998998	2	0.401597699559083
ENSG00000143418	0.0500191182062832	2	0.493684453914965
ENSG00000143429	0.00842520920930934	1	0.380246738881345
ENSG00000143499	0.096992131920188	3	0.557524853059956
ENSG00000143507	0.0545038001264275	2	0.457579849501728
ENSG00000143546	0.0455874975798272	1	0.443525918440237
ENSG00000143552	0.00109524634103697	1	0.355959082012242
ENSG00000143603	0.00649331329878722	2	0.378855701519297
ENSG00000143772	0.0666774605893851	1	0.424419986959148
ENSG00000143819	0.0157105443976626	1	0.400699138437228
ENSG00000143842	0.0458482113331229	1	0.463091800793702
ENSG00000143851	0.0154419228508446	2	0.421763609044715
ENSG00000143858	0.141007793737427	3	0.605504943351907
ENSG00000143867	0.051920403684274	1	0.466305990316718
ENSG00000143869	0.0488285089614192	3	0.43410931299823
ENSG00000143891	0.00220139717786882	1	0.366261637416631
ENSG00000143921	0.0308399492548095	3	0.410036198648383
ENSG00000143995	0.0552189499835161	2	0.482067081566412
ENSG00000144115	0.0109806258800026	2	0.406786935972315
ENSG00000144119	0.0490475517526566	1	0.42696897889311
ENSG00000144152	0.0848619641791832	3	0.50778532430944
ENSG00000144227	0.158100363519731	3	0.601310066759954
ENSG00000144230	0.0284333756367645	2	0.422232350777473
ENSG00000144339	0.0949061246631968	3	0.45620099017818
ENSG00000144355	0.0523255898144883	3	0.496844173458023
ENSG00000144366	0.0669574882500367	3	0.516675665457942
ENSG00000144407	0.0951863016385543	3	0.554102678854412
ENSG00000144476	0.0283312921941242	1	0.4488437793022
ENSG00000144485	0.00251927569501365	2	0.360756842340103
ENSG00000144579	0.0350715386765235	2	0.405937427759699
ENSG00000144644	0.00686772612087283	3	0.391435408983041
ENSG00000144649	0.00882819373766652	1	0.383423771680234
ENSG00000144671	0.0315063161465271	1	0.429823546368703
ENSG00000144730	0.014411556169251	2	0.380129517843828
ENSG00000144749	0.0128469181460678	1	0.384427952712558
ENSG00000144791	0.0260415650645238	2	0.388554066804207
ENSG00000144802	0.0215592096217186	1	0.428874478963708
ENSG00000144810	0.0691001273802325	1	0.491937443790701
ENSG00000144824	0.064728846628704	1	0.503680675071027
ENSG00000144837	0.062267128690281	1	0.507339657572661
ENSG00000144857	0.0454217084507991	1	0.478870859352541
ENSG00000144891	0.000478282194542712	1	0.341995287141886
ENSG00000144908	0.0289197661620558	1	0.45492750487581
ENSG00000145002	0.00958905787058639	3	0.402607385478317
ENSG00000145012	0.0166537422747287	1	0.411124917761531
ENSG00000145040	0.00196720986183241	1	0.352562154923245
ENSG00000145063	0.0464601494238013	3	0.450132940835705
ENSG00000145113	0.00757431548953458	1	0.391176680598614
ENSG00000145198	0.0367096467244628	1	0.400426076604781
ENSG00000145242	0.15594890335682	3	0.603955194465418
ENSG00000145287	0.0014734610421695	2	0.357992271474228
ENSG00000145335	0.160999555258925	3	0.584753281320136
ENSG00000145358	0.00637110724617718	1	0.389301427676895
ENSG00000145386	0.00417424777007025	1	0.37284643568881
ENSG00000145423	0.00539896280320007	2	0.371089018887273
ENSG00000145451	0.161893224379143	3	0.623998063371217
ENSG00000145555	0.0132739592455156	1	0.381939650810009
ENSG00000145623	0.0769546414825468	1	0.470897963459005
ENSG00000145632	0.117762709877544	3	0.581697248623121
ENSG00000145681	0.101052279304456	3	0.547131924789406
ENSG00000145685	0.0245441739232165	2	0.423011931290837
ENSG00000145708	0.119614301387053	3	0.496511029396864
ENSG00000145721	0.0196738013654597	2	0.427817621913122
ENSG00000145736	0.000550175308744794	3	0.34795850494323
ENSG00000145779	0.0060214905774274	1	0.362601414352258
ENSG00000145824	0.0405265635612665	3	0.452374648259554
ENSG00000145832	0.0111101406462379	2	0.401711839625885
ENSG00000145863	0.0543968941636263	3	0.501243110018146
ENSG00000145882	0.0705557228858212	3	0.522639152658172
ENSG00000145936	0.00638403141432697	2	0.381025057687923
ENSG00000146007	0.0790650986871327	3	0.517717734404602
ENSG00000146013	0.00646752650873827	3	0.386978472890162
ENSG00000146070	0.0543935415295855	3	0.45257256591334
ENSG00000146090	0.00472923012175297	2	0.377008201556858
ENSG00000146094	0.0264657164777495	1	0.438935382371727
ENSG00000146112	0.0694613618056503	1	0.44499665757884
ENSG00000146122	0.0531353707211842	2	0.495033451514494
ENSG00000146147	0.0592512593635426	3	0.477423671447088
ENSG00000146192	0.0419439278438288	2	0.462603761344078
ENSG00000146242	0.100145530350208	3	0.554688804189832
ENSG00000146250	0.0088929349835134	3	0.399915834487619
ENSG00000146360	0.0493855943902664	3	0.471231927710409
ENSG00000146374	0.0759275729381467	3	0.521631924357347
ENSG00000146469	0.0894785602168452	3	0.549611772714451
ENSG00000146477	0.0346175275595264	1	0.45132895341947
ENSG00000146535	0.0556207557769988	1	0.461583389891556
ENSG00000146592	0.117698424528345	2	0.556515685775187
ENSG00000146648	0.020089193770977	1	0.424618659208508
ENSG00000146674	0.0299225056030363	1	0.429880315984184
ENSG00000146859	0.0395810102472991	2	0.473109892669373
ENSG00000146910	0.003310306484547	3	0.364371777461121
ENSG00000147459	0.0933796289687752	2	0.554457676814567
ENSG00000147488	0.159024362615186	2	0.618929027366934
ENSG00000147509	0.00347175838163027	1	0.361566228990535
ENSG00000147570	0.00251547687923381	3	0.364631191912935
ENSG00000147571	0.0721213098958636	3	0.522388227513708
ENSG00000147588	0.0365215001324621	2	0.448130831806127
ENSG00000147606	0.00673261881978038	2	0.3860810696364
ENSG00000147655	0.134470815479813	3	0.599255001736531
ENSG00000147676	0.15863636567658	3	0.622252423977903
ENSG00000147697	0.00958038745151901	3	0.378739509691199
ENSG00000147799	0.0376637290702756	1	0.463909555759631
ENSG00000147869	0.0038806929115669	3	0.376032972274066
ENSG00000147872	0.0376247040895655	2	0.400641867859774
ENSG00000147996	0.0207947815099172	3	0.436223255346553
ENSG00000148123	0.0920893324190398	2	0.494687803095922
ENSG00000148175	0.0206893196570829	1	0.415763206491993
ENSG00000148180	0.0564318098400962	2	0.501548864045967
ENSG00000148204	0.0694388982119328	2	0.459651362950502
ENSG00000148400	0.0454643578915772	2	0.420567575005646
ENSG00000148482	0.0105989183570677	1	0.403909113359085
ENSG00000148488	0.0354925380674905	1	0.468356237153686
ENSG00000148498	0.0467377902462075	1	0.481791796615221
ENSG00000148600	0.0363003821883227	3	0.469343378809698
ENSG00000148604	0.0573803292491708	1	0.502704432169003
ENSG00000148655	0.00253458586378386	1	0.368800929675123
ENSG00000148677	0.0075559235491186	3	0.394862868295433
ENSG00000148734	0.00401180917414634	1	0.377022471641349
ENSG00000148773	0.0160812133776255	2	0.412568144951311
ENSG00000148826	0.166707936901705	2	0.624743976603917
ENSG00000148841	0.0491815440118586	1	0.436278108659499
ENSG00000148848	0.0185559996065666	1	0.386849177904242
ENSG00000148908	0.0487104761990719	2	0.472295878478832
ENSG00000148926	0.0354781246254254	2	0.42574073878009
ENSG00000149090	0.000322751377324404	3	0.341568261723996
ENSG00000149131	0.0172830283146023	1	0.420795349943699
ENSG00000149257	0.177408499304237	1	0.59737323500417
ENSG00000149269	0.176425411520038	3	0.629510025080406
ENSG00000149292	0.00267058359590711	2	0.367731936917652
ENSG00000149305	0.111460996519135	3	0.568007752447522
ENSG00000149418	0.0190656180434737	2	0.406975315184455
ENSG00000149451	0.108469299842192	1	0.57189470950482
ENSG00000149452	0.0247984452959805	1	0.42736156790604
ENSG00000149489	0.0634881079381047	2	0.458101387814981
ENSG00000149499	0.0366049647898129	2	0.421079704131612
ENSG00000149506	0.00757871427620072	3	0.37097438532177
ENSG00000149527	0.00444851555071291	1	0.378519657436625
ENSG00000149531	0.0345001632684008	3	0.463259368878991
ENSG00000149564	0.0465199302127971	1	0.488320726660352
ENSG00000149573	0.0347684376572703	1	0.466104194624294
ENSG00000149591	0.130275292991373	1	0.549917814324628
ENSG00000149596	0.0522209211310269	2	0.41468315698394
ENSG00000149633	0.0438855375416156	2	0.466820682245014
ENSG00000149639	0.0217698882386463	1	0.395643675082668
ENSG00000149654	0.0781226894445087	3	0.475541842795336
ENSG00000149742	0.0368220011957068	3	0.449611480689278
ENSG00000149781	0.0363237106607606	2	0.443977892101819
ENSG00000149782	0.0445723086305573	1	0.469581470876996
ENSG00000149926	0.0782663367049738	1	0.445342047790653
ENSG00000149968	0.0160838537261678	3	0.418374214742307
ENSG00000149972	0.0996919213018735	3	0.555834626162171
ENSG00000150045	0.00489562576731684	3	0.380813088471973
ENSG00000150048	0.0211171293777377	1	0.432017828238099
ENSG00000150175	0.057887725462549	3	0.506316903696157
ENSG00000150337	0.0527109646261084	2	0.490792127350198
ENSG00000150394	0.133006728334204	3	0.59693541006545
ENSG00000150457	0.0563421432745349	1	0.447634304677932
ENSG00000150510	0.0542655820522359	2	0.491323216126154
ENSG00000150540	0.0285356356772122	2	0.392593696810419
ENSG00000150594	0.0115089925026559	3	0.395241570009444
ENSG00000150656	0.24136806914229	2	0.59884709703956
ENSG00000150681	0.0110891291789057	2	0.383453398332355
ENSG00000150687	0.00746795932877686	3	0.376395669356643
ENSG00000150760	0.0371829061267778	2	0.453936178038565
ENSG00000150782	0.00980963464442752	2	0.40354107159585
ENSG00000150867	0.0935276844133568	2	0.532382010552858
ENSG00000150893	0.00243164390741246	1	0.362712747672514
ENSG00000151012	2.93349535928078e-05	2	0.336618539581305
ENSG00000151136	0.0710895307208929	3	0.519044575546317
ENSG00000151208	0.0329415803762675	1	0.449362858719731
ENSG00000151229	0.119860764665587	3	0.583462585389404
ENSG00000151360	0.0115942267024426	3	0.385028837145524
ENSG00000151414	0.0287482648944202	2	0.453000491531091
ENSG00000151491	0.0253065801798777	2	0.398198560982018
ENSG00000151552	0.0567570729935032	2	0.471516229849361
ENSG00000151632	0.0102166901624207	3	0.40010824792223
ENSG00000151702	0.0553012917013902	1	0.444907254403421
ENSG00000151726	0.051981767449429	2	0.489289105659208
ENSG00000151773	0.0381583447496224	2	0.4309699321295
ENSG00000151790	0.0847463993135001	3	0.533742593605577
ENSG00000151917	0.104188169190121	3	0.554104406431805
ENSG00000151929	0.105783320502565	1	0.53122063880344
ENSG00000152034	0.127626929047801	3	0.592256274769285
ENSG00000152049	0.122459185241511	1	0.493285009104962
ENSG00000152078	0.0447834775336556	3	0.48424763804931
ENSG00000152117	0.0140655280034941	1	0.41767666511324
ENSG00000152207	0.0149806486558264	1	0.420439029376029
ENSG00000152254	0.00317812713130039	3	0.372373216158782
ENSG00000152284	0.0361412117218104	1	0.440484575903664
ENSG00000152315	0.00668736700164285	3	0.367865865360976
ENSG00000152463	0.00634950558274483	1	0.383417881325071
ENSG00000152495	0.132461822666706	3	0.594854826427721
ENSG00000152503	0.145142862952945	3	0.574058276673123
ENSG00000152518	0.0532098959901456	2	0.446592916236466
ENSG00000152527	0.00345559086420255	1	0.374203071440557
ENSG00000152558	0.0154849722941227	2	0.418568875296923
ENSG00000152580	0.0065031398431038	3	0.389784501649716
ENSG00000152595	0.0865058975513758	3	0.533494645313523
ENSG00000152661	0.00252739139554325	1	0.368414754266743
ENSG00000152669	0.0592622571410277	3	0.457033776437822
ENSG00000152672	0.0145039462171621	3	0.419002079896208
ENSG00000152689	0.154385496146671	2	0.610279996207629
ENSG00000152766	0.00339312022977611	2	0.374173152217279
ENSG00000152779	0.0227247115480054	1	0.439412061827799
ENSG00000152785	0.0397324334321036	3	0.47640442670253
ENSG00000152804	0.00673780546134195	2	0.37012749505034
ENSG00000152822	0.0705816850545408	3	0.500862572529105
ENSG00000152910	0.118525604047447	2	0.526621229628824
ENSG00000152931	0.165774933631601	3	0.628454800597057
ENSG00000152932	0.238427794772031	3	0.671165287005161
ENSG00000152939	0.0127306866245359	1	0.413531069042148
ENSG00000152952	0.000142793887563664	1	0.341556089747635
ENSG00000152977	0.0301821027339005	2	0.399609603576274
ENSG00000153012	0.0987645648099655	3	0.545274007077336
ENSG00000153048	0.0277561992702986	2	0.409334323366983
ENSG00000153071	0.02536157818303	2	0.404877088718112
ENSG00000153162	0.0345559994888588	1	0.463613619594145
ENSG00000153179	0.000272242834445158	2	0.343282621403751
ENSG00000153208	0.036281314012736	1	0.469691624132968
ENSG00000153234	0.01890494913601	3	0.404279207339239
ENSG00000153363	0.0296480698112652	2	0.419010871574971
ENSG00000153404	0.0478392883323542	1	0.486370769762976
ENSG00000153551	0.0136737355275247	2	0.407865525405652
ENSG00000153721	0.0169677078065847	2	0.426125766663488
ENSG00000153820	0.121685633253623	3	0.573854702600987
ENSG00000153822	0.0188977430622572	3	0.382938199460485
ENSG00000153993	0.0133327326217103	2	0.378159407875957
ENSG00000154127	0.0656780744400356	3	0.513657876891993
ENSG00000154133	0.0417185373023875	1	0.477228102588956
ENSG00000154175	0.0202386244813414	2	0.434495378808836
ENSG00000154188	0.0156134748418217	2	0.422273896897365
ENSG00000154237	0.0315934755443664	3	0.40485732903244
ENSG00000154274	0.00632216467159563	1	0.389595159169862
ENSG00000154319	0.00784763520914067	1	0.393341105494493
ENSG00000154330	0.00612218322355618	1	0.364218581697702
ENSG00000154358	0.0558013211348586	1	0.468425574335124
ENSG00000154478	0.096156749260965	3	0.525796932410961
ENSG00000154493	0.100406616603779	2	0.562482851378598
ENSG00000154529	0.0105227587706853	1	0.371160100339301
ENSG00000154553	0.00380739529904295	2	0.37451333950582
ENSG00000154642	0.155503593364512	2	0.580550068926565
ENSG00000154678	0.083690572400584	2	0.50057251038583
ENSG00000154734	0.0610028747943658	2	0.416901625027988
ENSG00000154803	0.0341909312406068	1	0.464870979543748
ENSG00000154856	0.0095776292594405	1	0.400247932931006
ENSG00000154864	0.225980630966059	2	0.669583183144864
ENSG00000154874	0.00462058180543856	1	0.379060647087719
ENSG00000154898	0.026293449854066	1	0.431199193359001
ENSG00000154945	0.0273294502952371	2	0.447819150192813
ENSG00000154975	0.115070145317226	3	0.578500071436765
ENSG00000155011	0.0195890674792506	3	0.432849372300609
ENSG00000155034	0.0588439375438702	1	0.465090187218823
ENSG00000155066	0.0250610351367297	1	0.44631361366421
ENSG00000155307	0.0675646191035614	2	0.519979015399194
ENSG00000155324	0.00433017930821278	2	0.360799951684483
ENSG00000155366	0.0254576448327046	1	0.406561337095454
ENSG00000155380	0.011277350337273	1	0.382761059787684
ENSG00000155465	0.0334015856330104	2	0.462057055418555
ENSG00000155629	0.0525585306191652	2	0.49607915882273
ENSG00000155760	0.011116063160913	1	0.404477574278259
ENSG00000155850	0.0153953877557147	2	0.394937861839949
ENSG00000155926	0.0385033725326802	2	0.474068951645461
ENSG00000156076	0.0760385625673701	3	0.497762600260254
ENSG00000156127	0.00256248972104656	2	0.368730283094798
ENSG00000156140	0.0732016532391194	3	0.528615364714637
ENSG00000156218	0.0200490709132465	2	0.423095832933015
ENSG00000156219	0.018660318396615	3	0.411823273140085
ENSG00000156381	0.0368187209659296	1	0.460505837736407
ENSG00000156411	0.12257425633953	3	0.560863021726079
ENSG00000156414	0.029391181671813	3	0.451608214017635
ENSG00000156463	0.072364184104663	3	0.448165092049063
ENSG00000156535	0.010602310498725	2	0.400597381371888
ENSG00000156860	0.0222423009920696	1	0.42437676569223
ENSG00000156976	0.10777537471774	3	0.545697937913548
ENSG00000157005	0.144380711132062	3	0.544126490225859
ENSG00000157110	0.0469564418633965	1	0.475559625302085
ENSG00000157119	0.00384506103761351	3	0.363395729210049
ENSG00000157168	0.103101605821516	3	0.557044966963445
ENSG00000157227	0.100508094880614	2	0.500500558117882
ENSG00000157240	0.0311357666587075	1	0.440821731029113
ENSG00000157303	0.0193291324255189	2	0.401934117176715
ENSG00000157404	0.10227225389477	3	0.555604669146784
ENSG00000157470	0.128732556927931	3	0.590941007444428
ENSG00000157483	0.0749770851760836	2	0.531045118115246
ENSG00000157510	0.0477469664667618	1	0.489873270376706
ENSG00000157554	0.0337201960418716	1	0.462070238778703
ENSG00000157570	0.00653976016157298	1	0.386787333907014
ENSG00000157637	0.0223439476340304	1	0.416089030121544
ENSG00000157657	0.0324339736261909	1	0.461645364515178
ENSG00000157734	0.0336058481542932	2	0.460919792602672
ENSG00000157766	0.00740207730666376	1	0.391429048626988
ENSG00000157833	0.0390429903997821	1	0.473688515586299
ENSG00000157851	0.0437886927401046	2	0.477694420132933
ENSG00000157927	0.0412626378564512	1	0.479116330331552
ENSG00000157933	0.0526089539064636	1	0.498396080806935
ENSG00000157978	0.0740094638677428	2	0.527257261034606
ENSG00000158022	0.00277120036519085	3	0.36964123530318
ENSG00000158050	0.0311586264355866	3	0.45933459889896
ENSG00000158077	0.00692866182466367	3	0.377635702924189
ENSG00000158104	0.00088253634079094	2	0.352589655007894
ENSG00000158195	0.0709672737356593	2	0.450267217589643
ENSG00000158246	0.00299848766819377	1	0.371741616893684
ENSG00000158270	0.0319706778627903	1	0.409333600831763
ENSG00000158292	0.0659681446138247	1	0.46650049086012
ENSG00000158296	0.019213611069957	2	0.431550425883595
ENSG00000158516	0.0230568424745953	2	0.438297485018515
ENSG00000158525	0.00422636149110045	3	0.379238647683913
ENSG00000158553	0.0106564172067093	3	0.377454903727454
ENSG00000158710	0.049313033527951	1	0.41406373611721
ENSG00000158714	0.0179482723866033	2	0.408239887739103
ENSG00000158715	0.168210181162972	2	0.629841712199735
ENSG00000158769	0.0236929210209842	1	0.428207085631716
ENSG00000158805	0.0121516113010876	1	0.385838536086783
ENSG00000158815	0.109202396738975	1	0.556449021366281
ENSG00000158825	0.019457523133214	1	0.432221345946591
ENSG00000158859	0.225848075113447	2	0.659760537451049
ENSG00000158865	0.227544099188572	2	0.67517989092782
ENSG00000158869	0.0426365596497523	2	0.479056714752606
ENSG00000158966	0.0162110206560394	1	0.419157693158468
ENSG00000159167	0.0242364493099518	1	0.394692924120138
ENSG00000159189	0.0956436154572811	2	0.548771808347852
ENSG00000159199	0.0924287652916668	3	0.533971300283437
ENSG00000159212	0.0222922033112808	3	0.397266688785306
ENSG00000159216	0.0249647151373673	2	0.435268203723234
ENSG00000159228	0.0802372511600983	2	0.495452288358053
ENSG00000159239	0.0148220068369469	3	0.415720250070581
ENSG00000159247	0.0235253349934995	1	0.399415857631349
ENSG00000159248	0.0912079161408843	3	0.54505156656712
ENSG00000159251	0.0138663769552769	3	0.414742629983709
ENSG00000159307	0.0147049574560197	2	0.397908263246537
ENSG00000159314	0.0142756076642842	1	0.413135619462684
ENSG00000159339	0.00787248269704155	3	0.382385947258073
ENSG00000159388	0.0156558457770786	2	0.387333624990433
ENSG00000159399	0.0728439590566172	2	0.525113902483805
ENSG00000159403	0.0568830534397544	1	0.461135921244369
ENSG00000159423	0.0170487501493436	1	0.415560043533179
ENSG00000159450	0.0255493835845234	3	0.412183737947558
ENSG00000159674	0.0176844740993892	3	0.395529418557271
ENSG00000159712	0.0265282837568609	3	0.398222087563515
ENSG00000159713	0.107615698168899	2	0.544007954799654
ENSG00000160111	0.11435985537587	2	0.526585457575413
ENSG00000160183	0.0323613056524406	1	0.456661713811647
ENSG00000160200	0.00153796697096942	1	0.359078138993638
ENSG00000160201	0.00169953452915994	3	0.361871180541895
ENSG00000160221	0.00531533703648668	3	0.375001895857316
ENSG00000160223	0.0907558920076932	2	0.550506688788635
ENSG00000160233	0.0322067112422589	1	0.447107045164362
ENSG00000160255	0.111586141298694	2	0.55586834296252
ENSG00000160282	0.0290046373444897	1	0.45520872306185
ENSG00000160284	0.0142008142344884	1	0.394774806950763
ENSG00000160307	0.083392467907285	2	0.529095705501413
ENSG00000160321	0.00415876487059563	2	0.375620675320323
ENSG00000160323	0.0142752786896074	1	0.417071636919224
ENSG00000160349	0.0126945145117264	3	0.411948029158714
ENSG00000160352	0.0243859679060566	3	0.444353806696366
ENSG00000160408	0.0591067136920853	1	0.48735280306384
ENSG00000160410	0.0337762829985631	2	0.429197883419228
ENSG00000160447	0.0427676241380237	1	0.480110457123301
ENSG00000160505	0.00583562697776374	2	0.372796381415113
ENSG00000160685	0.0231325090171068	2	0.399369505741481
ENSG00000160691	0.0275232820770591	1	0.449344138298818
ENSG00000160712	0.0607987433735936	1	0.441439159957473
ENSG00000160767	0.0358707553465292	1	0.438291017762361
ENSG00000160781	0.0595382003752998	2	0.507990911215857
ENSG00000160789	0.0240906609450605	2	0.426575584222335
ENSG00000160791	0.0146238273973545	2	0.41304399118717
ENSG00000160796	0.0646186053971946	1	0.509106741293793
ENSG00000160801	0.0420035261341253	1	0.471214086730882
ENSG00000160808	0.0106862942518255	2	0.375882658513674
ENSG00000160862	0.0338522953902408	2	0.436270190343981
ENSG00000160883	0.0337261974611609	1	0.433802185678115
ENSG00000161021	0.0318036206477401	1	0.455279690548277
ENSG00000161082	0.0680491319429791	3	0.456058932430163
ENSG00000161103	0.0103868277252483	3	0.401879528235926
ENSG00000161281	0.0315569879300784	3	0.458503740329468
ENSG00000161328	0.0272823912153999	1	0.435115478110221
ENSG00000161405	0.0244255164153765	3	0.433843799122157
ENSG00000161509	0.0260476226556794	1	0.448040009907093
ENSG00000161618	0.00434272933989932	2	0.375220286891876
ENSG00000161638	0.1347444559646	1	0.554645216472212
ENSG00000161640	0.0119683364299495	2	0.409798926572455
ENSG00000161642	0.0331798616519062	1	0.463517693612276
ENSG00000161643	0.0019919431628691	2	0.351243863943306
ENSG00000161681	0.146486290991013	1	0.553841028609838
ENSG00000161714	0.0386178573178334	1	0.409463599086939
ENSG00000161847	0.0249731749081086	1	0.434776641793893
ENSG00000161896	0.12098039200676	2	0.583676283180425
ENSG00000161912	0.0205104414787326	2	0.424401385316497
ENSG00000161921	0.0380214857964255	2	0.463322290323195
ENSG00000161940	0.0433543127984765	1	0.482818328785215
ENSG00000161981	0.0449030337436426	3	0.482227500190763
ENSG00000162073	0.0327917498128137	2	0.452202661476992
ENSG00000162188	0.12184781424658	3	0.583005618764654
ENSG00000162267	0.00929287548322433	1	0.396347955366973
ENSG00000162337	0.0496809154330813	1	0.462579002582108
ENSG00000162341	0.0315871285759937	1	0.455790153955673
ENSG00000162366	0.000730963468459578	1	0.345148748912635
ENSG00000162367	0.0286417818934345	2	0.402503588981733
ENSG00000162383	0.0534896212115854	1	0.487488047660327
ENSG00000162407	0.0018364492150561	2	0.354856729856062
ENSG00000162430	0.0492005776728837	1	0.479387531460426
ENSG00000162438	0.00673358792020484	3	0.363692183903262
ENSG00000162444	0.0794112418264912	2	0.503769231265696
ENSG00000162458	0.0402417245471439	1	0.477330841975029
ENSG00000162493	0.0221417965296092	2	0.438998713065534
ENSG00000162511	0.0786223041334309	2	0.535913894209191
ENSG00000162522	0.125233084019311	1	0.538376403271447
ENSG00000162543	0.0798563896201007	3	0.526914146042234
ENSG00000162551	0.0340749272144792	1	0.465631185545868
ENSG00000162576	0.0120478427014398	1	0.394180940761193
ENSG00000162591	0.0168477126466716	1	0.424709829951455
ENSG00000162598	0.00190406130765042	2	0.363875562501166
ENSG00000162618	0.0346315261537227	1	0.462869379084883
ENSG00000162630	0.123897410122125	3	0.538484456967716
ENSG00000162645	0.048893811385562	2	0.409123847542046
ENSG00000162654	0.00419514412338584	1	0.378499898742786
ENSG00000162692	0.0108538650854327	2	0.395600440018237
ENSG00000162694	0.126932336853015	3	0.57908331159827
ENSG00000162733	0.0243309307856563	2	0.389209989018598
ENSG00000162739	0.000622625155339729	2	0.345526664194841
ENSG00000162745	0.00327819276243968	2	0.373680107697126
ENSG00000162747	0.00921850381089351	1	0.397725081692068
ENSG00000162772	0.0196013712528048	2	0.431729715406001
ENSG00000162777	0.0202911645587799	2	0.427478571911494
ENSG00000162782	0.035281485296319	3	0.467984147712344
ENSG00000162804	0.0400417807095932	1	0.472566552788639
ENSG00000162852	0.0652898298414899	3	0.51759525640423
ENSG00000162877	0.000548009764990809	1	0.349324317556067
ENSG00000162881	0.00773669073040562	1	0.382568535488223
ENSG00000162889	0.0384880673381708	1	0.399320069030147
ENSG00000162944	0.0193662663516138	2	0.43163923345028
ENSG00000162947	0.0055959348238096	3	0.383790002227203
ENSG00000162949	0.0590142220892139	2	0.494499734215025
ENSG00000162992	0.068633286318899	3	0.482645375749755
ENSG00000162998	0.0166425498197701	1	0.402700330333138
ENSG00000162999	0.0367634482062312	3	0.459929783513057
ENSG00000163016	0.00992087961693067	1	0.396104665668919
ENSG00000163017	0.0405204042096855	1	0.477394979415495
ENSG00000163072	0.0214555950753943	1	0.435121496187938
ENSG00000163106	0.0164163366484132	2	0.399781890671607
ENSG00000163110	0.00652805031583858	1	0.38218128492263
ENSG00000163131	0.0313427199331732	2	0.460081294531034
ENSG00000163132	0.0378803392945929	1	0.472708717933842
ENSG00000163145	0.0076892633353759	3	0.393384900582763
ENSG00000163191	0.0566158035059482	2	0.47848195360493
ENSG00000163219	0.0267388712300246	2	0.411653330268722
ENSG00000163220	0.100963135970207	1	0.473198307702695
ENSG00000163221	0.00959165286788588	1	0.398827090455186
ENSG00000163235	0.0886889649064388	2	0.521409157002168
ENSG00000163251	0.0286234986780154	2	0.449308704540474
ENSG00000163285	0.00287903297625092	3	0.365960331648
ENSG00000163331	0.0109287007496295	3	0.392560845414987
ENSG00000163346	0.0229125507386677	1	0.433356192655664
ENSG00000163359	0.0278699656924342	1	0.451959067287573
ENSG00000163362	0.0188789085833987	1	0.41958105348738
ENSG00000163395	0.0289419367728165	1	0.430064590609379
ENSG00000163421	0.000273218415197563	2	0.344915593240302
ENSG00000163430	0.00615489528258029	1	0.382396681141127
ENSG00000163431	0.0721951623159365	1	0.495534879415803
ENSG00000163453	0.0306755345011873	2	0.40434141490923
ENSG00000163464	0.00784935523238905	1	0.396082185576915
ENSG00000163492	0.00480926423538375	2	0.369615282858316
ENSG00000163513	0.0954689442434351	1	0.445215293387511
ENSG00000163520	0.0259795995805394	1	0.445016314944929
ENSG00000163545	0.0223494480597136	2	0.428477423694729
ENSG00000163563	0.0132229667356959	2	0.415054260969542
ENSG00000163565	0.0764346721909981	2	0.515318085844696
ENSG00000163576	0.0187611656945502	3	0.409485158649884
ENSG00000163577	0.133460389838815	3	0.564790949509334
ENSG00000163586	0.00699321026620126	3	0.392332250645058
ENSG00000163599	0.00174741457173933	3	0.362322683580441
ENSG00000163630	0.145274316611242	3	0.596801426838389
ENSG00000163638	0.150504190580779	1	0.515926121939498
ENSG00000163659	0.0136438630252718	2	0.414955243498119
ENSG00000163673	0.0564183657985303	3	0.490829277196015
ENSG00000163694	0.0444950989753817	2	0.462162420820602
ENSG00000163703	0.0278547234454755	3	0.406850865328181
ENSG00000163734	0.00084627736640408	1	0.352800019601952
ENSG00000163736	0.00883968038151106	1	0.399233277330156
ENSG00000163739	0.0185302577730575	1	0.42880231486254
ENSG00000163762	0.0226541481913539	1	0.439448821742593
ENSG00000163793	0.0528121605690436	3	0.448856162250303
ENSG00000163815	0.00399547198658068	1	0.372494145001756
ENSG00000163817	0.0829036946093836	1	0.497072438265907
ENSG00000163820	0.0655368070084319	2	0.427940836624995
ENSG00000163823	0.0619807767965481	2	0.508508033710267
ENSG00000163827	0.0875366855696302	3	0.53852969149498
ENSG00000163840	0.0677902035346083	2	0.443863217289195
ENSG00000163884	0.0476776813671749	1	0.443454756183852
ENSG00000163909	0.0341912086942823	1	0.456591848179449
ENSG00000163932	0.00971755877794978	3	0.403258490164179
ENSG00000164035	0.0171712899397667	1	0.423385653284374
ENSG00000164039	0.0047022456154957	2	0.380670341740693
ENSG00000164050	0.034021599854193	2	0.426498203640933
ENSG00000164082	0.047523613798029	3	0.442228568750624
ENSG00000164089	0.00217838160049555	3	0.365714237349155
ENSG00000164111	0.0272076218564222	2	0.450810064533924
ENSG00000164112	0.184737854756843	3	0.638838453609781
ENSG00000164124	0.244839869618161	2	0.641955337179635
ENSG00000164128	0.0440172769113879	3	0.477847123715868
ENSG00000164161	0.148429532554841	2	0.560013624836915
ENSG00000164171	0.0921178865982775	2	0.53943079506418
ENSG00000164176	0.111729026240244	2	0.488061801042957
ENSG00000164181	0.0117316818324639	2	0.374759650022598
ENSG00000164188	0.00921577171309351	1	0.374519654630454
ENSG00000164292	0.00417383009871619	2	0.370662102254458
ENSG00000164294	0.00456019781488448	1	0.368761589405991
ENSG00000164300	0.0332388075127255	2	0.463969804136513
ENSG00000164303	0.122538190753362	2	0.551926348032187
ENSG00000164304	0.00288130144088283	3	0.369873516325461
ENSG00000164308	0.00365429208930224	2	0.367680954281961
ENSG00000164309	0.0227142186906987	1	0.43782829024032
ENSG00000164318	0.00570316650953295	1	0.369576531716237
ENSG00000164326	0.137676657839892	3	0.583688253290146
ENSG00000164330	0.060761454686688	1	0.507635548081732
ENSG00000164334	0.00308458125045186	3	0.371322406795767
ENSG00000164342	0.0230457096032074	2	0.440787458009445
ENSG00000164362	0.0113959377324113	3	0.395263515608018
ENSG00000164379	0.0256071278805478	1	0.431398014093849
ENSG00000164403	0.0302451087903094	2	0.440202948004024
ENSG00000164430	0.019919464963296	1	0.386169888660282
ENSG00000164434	0.0225598630682013	3	0.440525705107463
ENSG00000164484	0.0692335733705389	3	0.521604642790175
ENSG00000164488	0.000883610957400638	1	0.350357994117051
ENSG00000164509	0.00060529772076845	3	0.349985906783071
ENSG00000164512	0.027061352533383	3	0.450232103564244
ENSG00000164520	0.00283464416576829	1	0.361348060236569
ENSG00000164530	0.0461046417155911	2	0.47428301725383
ENSG00000164556	0.00499642523003996	3	0.379215415701897
ENSG00000164600	0.281701132738587	3	0.70817750510401
ENSG00000164620	0.0571649976454548	3	0.502403285661278
ENSG00000164627	0.0453138073957506	2	0.485994684597574
ENSG00000164638	0.107483756973235	1	0.526357007956354
ENSG00000164692	0.0977392552269555	1	0.555091948590631
ENSG00000164707	0.0556003085269922	1	0.501346674363271
ENSG00000164736	0.0110552800647151	1	0.407826803190745
ENSG00000164756	0.0108938047434929	3	0.407219177166313
ENSG00000164761	0.020296463932134	1	0.432802889166898
ENSG00000164776	0.00753969128877441	1	0.374570657918985
ENSG00000164794	0.167103427460862	3	0.627976531230152
ENSG00000164850	0.0513431487068818	1	0.496347439690647
ENSG00000164855	0.00592094060926829	3	0.360430075942483
ENSG00000164867	0.074762479515177	1	0.527990422114583
ENSG00000164877	0.0351118739227666	1	0.463695003073206
ENSG00000164889	0.0677370980404859	2	0.487384060068512
ENSG00000164919	0.0929470630239164	3	0.529957722111729
ENSG00000164938	0.030654222494055	2	0.439270778745582
ENSG00000164949	0.0304591506203639	1	0.400338036106741
ENSG00000164976	0.0170118182277726	1	0.425072966707631
ENSG00000165025	0.0738749277050406	2	0.527585214185635
ENSG00000165029	0.0442339856202272	2	0.440275996901694
ENSG00000165030	0.00172997455442137	1	0.349960941284713
ENSG00000165078	0.0105055658332558	2	0.372830609104096
ENSG00000165092	0.0157040633152994	2	0.418741030341953
ENSG00000165105	0.000879975912996933	3	0.354095477991755
ENSG00000165124	0.0506663290135458	2	0.462908814901621
ENSG00000165125	0.0246445034296622	2	0.42767539698839
ENSG00000165238	0.0636182418873972	1	0.436889178264152
ENSG00000165269	0.00978648757045963	3	0.367343521980807
ENSG00000165304	0.00266122316529593	2	0.352286448130947
ENSG00000165409	0.0062230136776571	3	0.386750413021881
ENSG00000165424	0.052089288466627	2	0.473884437730003
ENSG00000165434	0.173361269552208	3	0.623320001282981
ENSG00000165449	0.0100858039762457	2	0.377647739924457
ENSG00000165457	0.0198907685944225	2	0.405804828196765
ENSG00000165474	0.042889875373778	1	0.468256069857227
ENSG00000165476	0.0763305638140368	2	0.514444092808886
ENSG00000165478	0.0139459882911861	2	0.394898272311736
ENSG00000165480	0.012174000578887	3	0.408462270827801
ENSG00000165507	0.107766276510058	1	0.533084874152159
ENSG00000165553	0.0576179496339972	3	0.472063109274774
ENSG00000165606	0.0512867984789015	3	0.496243801684554
ENSG00000165621	0.0626417647307358	3	0.512230188596793
ENSG00000165643	0.0347668806348784	1	0.413762570116547
ENSG00000165685	0.0277464068784571	3	0.395589428232246
ENSG00000165731	0.078315698871774	3	0.53472429672004
ENSG00000165794	0.0104486717877985	3	0.405745279065989
ENSG00000165801	0.0310133616336851	1	0.402290293626651
ENSG00000165804	0.0341596037024134	1	0.460305104853101
ENSG00000165806	0.017576730107479	1	0.417586919657166
ENSG00000165810	0.0659442794982794	1	0.515324781873039
ENSG00000165828	0.00959422805239873	3	0.402737277333774
ENSG00000165841	0.00821825794679032	3	0.38781883070743
ENSG00000165887	0.0325205317624383	3	0.461085500325393
ENSG00000165899	0.116447416945008	3	0.580414909572606
ENSG00000165912	0.0280407290665482	2	0.451485117376768
ENSG00000165917	0.000321462983372323	1	0.34104649601501
ENSG00000165929	0.0576263806989663	3	0.491809608716716
ENSG00000165949	0.0157576340552111	1	0.420341438047136
ENSG00000165959	0.0549046747923255	2	0.501073340733488
ENSG00000165972	0.00956280495425788	3	0.402699718603091
ENSG00000165973	0.151750682481587	3	0.611325936036728
ENSG00000165983	0.040306541018983	3	0.40985918003008
ENSG00000165985	0.113374601763293	3	0.57432783357522
ENSG00000166016	0.0173197486743323	2	0.404679925872824
ENSG00000166046	0.0503026083302599	2	0.490817436900014
ENSG00000166086	0.0513191453689531	2	0.484218588436112
ENSG00000166091	0.178462323409108	2	0.610127639841955
ENSG00000166106	0.0142466857628887	1	0.410638442916938
ENSG00000166111	0.120245987050644	3	0.584372817621458
ENSG00000166148	0.00598253396238757	3	0.38271961366255
ENSG00000166246	0.00769403208850017	1	0.393057912203535
ENSG00000166257	0.0878369756476849	3	0.547513488637329
ENSG00000166265	0.0243195327458061	1	0.443504008320179
ENSG00000166348	0.0296495605768741	2	0.455941781029582
ENSG00000166359	0.0052440604915911	3	0.3843907290364
ENSG00000166387	0.0323888299347688	2	0.457929592980859
ENSG00000166394	0.0853536715489752	2	0.505672229457252
ENSG00000166426	0.024575593465555	3	0.415835230193938
ENSG00000166428	0.025138084629029	2	0.431407719996837
ENSG00000166435	0.00203883806662752	1	0.354089577793698
ENSG00000166473	0.0236769861693804	2	0.442344094216973
ENSG00000166482	0.0245127608503525	1	0.44310404424429
ENSG00000166483	0.0110545608265247	1	0.387613046588899
ENSG00000166508	0.0346856429672141	2	0.4412730937948
ENSG00000166510	0.0350154789364812	3	0.459537648036796
ENSG00000166523	0.0184884518487682	1	0.430067057083751
ENSG00000166573	0.0195103139008562	3	0.393851913938982
ENSG00000166592	0.00854200560813045	1	0.366314226147875
ENSG00000166603	0.0546994412857147	3	0.485836366465764
ENSG00000166682	0.0267182066822947	2	0.406226603340589
ENSG00000166689	0.0283898424632164	1	0.410747998972466
ENSG00000166710	0.0291897529972868	2	0.455560705911268
ENSG00000166741	0.0119654519382174	3	0.383135357613487
ENSG00000166763	0.00630599340803373	3	0.385852414596143
ENSG00000166801	0.039932355456625	2	0.432256851628465
ENSG00000166819	0.0135083132427579	2	0.385226820984596
ENSG00000166825	0.0202984378444276	1	0.432408887546395
ENSG00000166845	0.0344697677028448	2	0.459132744722206
ENSG00000166897	0.0566686348013234	1	0.465646466773086
ENSG00000166923	0.189259484236909	2	0.610768060851245
ENSG00000166925	0.0318526937238336	2	0.454834215164073
ENSG00000166927	0.0595597671712046	2	0.498596474801324
ENSG00000166928	0.0286537910244095	1	0.398662598682193
ENSG00000166959	0.0209745931454881	3	0.429568967320866
ENSG00000166987	0.0513424168545955	1	0.447703542338273
ENSG00000167100	0.0414557188345765	1	0.429797293452889
ENSG00000167105	0.00307986818216399	1	0.369480891317566
ENSG00000167107	0.019257756925368	1	0.421718790517695
ENSG00000167123	0.0896097676895226	2	0.547728885470398
ENSG00000167178	0.0348084529975361	3	0.444662058046594
ENSG00000167182	0.00341079271046174	1	0.356649891509564
ENSG00000167191	0.0362238248897566	2	0.465522385916379
ENSG00000167208	0.0125770566484138	2	0.412998652059522
ENSG00000167210	0.0277841572816916	1	0.391848397846785
ENSG00000167244	0.00878545993185387	1	0.398500599825844
ENSG00000167261	0.0137853514254319	2	0.410443855573991
ENSG00000167359	0.00183338789615162	3	0.361834617065009
ENSG00000167360	0.0116144830213806	3	0.409838893062053
ENSG00000167363	0.0226624933635418	3	0.393899359009056
ENSG00000167434	0.0483295311570475	3	0.411386348834259
ENSG00000167470	0.0154233945415884	1	0.40522312259656
ENSG00000167522	0.0339082943346993	1	0.464992626016468
ENSG00000167524	0.0266544836541606	1	0.434061472183978
ENSG00000167548	0.0409392228264215	1	0.47527223688133
ENSG00000167552	0.156780648784189	2	0.502705459712373
ENSG00000167588	0.166346844315011	2	0.541827719248236
ENSG00000167612	0.0118980284007285	3	0.406409335329604
ENSG00000167613	0.073537888648808	2	0.513474164001898
ENSG00000167615	0.0356986263400398	1	0.462782443880967
ENSG00000167618	0.0121375093624086	3	0.40134880689659
ENSG00000167641	0.133352652952916	2	0.580909022495499
ENSG00000167676	0.052486388633828	1	0.484815452807611
ENSG00000167685	0.0219022247442006	1	0.438918902763337
ENSG00000167693	0.0796702987877603	1	0.532549124116435
ENSG00000167754	0.0372734645978422	3	0.470288609179892
ENSG00000167755	0.230561985052152	2	0.649122059605098
ENSG00000167767	0.0101940677769377	3	0.403120270020797
ENSG00000167772	0.0616318222703142	1	0.422565369041097
ENSG00000167779	0.0422057295342114	3	0.475447858039299
ENSG00000167851	0.0403864787653243	2	0.475705600376926
ENSG00000167880	0.0113887992227291	3	0.401688366267977
ENSG00000167889	0.119639146754941	1	0.463825869299106
ENSG00000167895	0.0571758530581895	2	0.483198970645684
ENSG00000167978	0.0539915689477868	1	0.494693977574765
ENSG00000167994	0.0238169370642364	1	0.393480517029919
ENSG00000167995	0.086919980639605	2	0.546515402367881
ENSG00000167996	0.0170962566203985	2	0.422808124202013
ENSG00000168016	0.0423214646001319	1	0.404757728674876
ENSG00000168056	0.0372392725997132	1	0.457777208326398
ENSG00000168071	0.0464418534154948	1	0.464202309968756
ENSG00000168077	0.0260012964960536	1	0.442198046377957
ENSG00000168078	0.0090273992268467	3	0.389916697380682
ENSG00000168079	0.0172045761136405	3	0.404699997593178
ENSG00000168140	0.0224222105694077	1	0.434192369601352
ENSG00000168209	0.043424075103405	1	0.458503795452904
ENSG00000168229	0.0119784338821162	1	0.392900585211469
ENSG00000168255	0.00754415556671884	1	0.39466242627033
ENSG00000168297	0.0768807182280212	2	0.519385794184212
ENSG00000168309	0.0400205088937431	1	0.445291366004157
ENSG00000168314	0.13486447390986	2	0.597905559968339
ENSG00000168329	0.173173279185739	2	0.519280321150712
ENSG00000168389	0.0169661938044768	1	0.407409685369982
ENSG00000168394	0.0139695684495301	1	0.382092851910205
ENSG00000168404	0.0583738130432715	1	0.457987316098177
ENSG00000168405	0.0280304842006994	1	0.450411610037325
ENSG00000168427	0.00752179950024323	1	0.394224999085233
ENSG00000168453	0.00589881550764149	3	0.386432009915556
ENSG00000168477	0.0695383148273051	1	0.52177192418018
ENSG00000168487	0.0447867263356853	1	0.463448602934477
ENSG00000168488	0.0181277646068153	1	0.427320623796641
ENSG00000168497	0.0303142367644869	1	0.457505946630984
ENSG00000168505	0.00605769529105449	3	0.384662246694787
ENSG00000168542	0.0602826366863307	1	0.509925261398848
ENSG00000168671	0.011362394794976	3	0.408657490127904
ENSG00000168672	0.0287263042530108	2	0.454546558825258
ENSG00000168743	0.0108106205978062	2	0.405905563074875
ENSG00000168754	0.0386606769853588	2	0.470663449892939
ENSG00000168779	0.00375251494595419	3	0.376543857047839
ENSG00000168843	0.160362362763908	3	0.598848417738023
ENSG00000168874	0.121173736038469	1	0.543878068569071
ENSG00000168884	0.024211102232182	1	0.409679299701186
ENSG00000168899	0.0120473697717534	2	0.373137165636443
ENSG00000168913	0.0106278735962639	1	0.402482632473005
ENSG00000168918	0.0637717797044797	2	0.469140431838343
ENSG00000168961	0.0561255977079792	2	0.477504257355184
ENSG00000168970	0.0245897533378352	1	0.445363309346874
ENSG00000168994	0.0623569490165634	1	0.457554895184662
ENSG00000168995	0.0168379946035856	2	0.424305742305385
ENSG00000169006	0.00145780004809193	1	0.353876958340394
ENSG00000169021	0.0907239685274017	3	0.533078768811918
ENSG00000169035	0.109607829057833	3	0.572123318401849
ENSG00000169064	0.0763218990347834	3	0.502793317550148
ENSG00000169213	0.193881471948284	3	0.571999618543749
ENSG00000169218	0.00629879519086629	3	0.377998965043203
ENSG00000169242	0.0609617159610454	2	0.500361532828748
ENSG00000169247	0.145610475115317	2	0.608972299000525
ENSG00000169248	0.00218706879966879	3	0.355309460566118
ENSG00000169252	0.0206967639665621	2	0.40309794467359
ENSG00000169271	0.0671797550336322	3	0.520321954603777
ENSG00000169291	0.0515566864819333	1	0.494195585166168
ENSG00000169313	0.0959213558498904	2	0.442933324914758
ENSG00000169397	0.00514817664727429	3	0.377769007492099
ENSG00000169403	0.0556474079815004	2	0.49797635378781
ENSG00000169413	0.0216359316764702	2	0.421620196352977
ENSG00000169429	0.00702590400339898	1	0.385775012014779
ENSG00000169436	0.0117036172581062	1	0.3879288237537
ENSG00000169439	0.00355205402044501	3	0.368255631849789
ENSG00000169495	0.00100468197259773	3	0.355419414069456
ENSG00000169504	0.0656209703988001	2	0.510367596088915
ENSG00000169507	0.0526738736083326	1	0.436304446319987
ENSG00000169594	0.0138233047858798	3	0.384993541535777
ENSG00000169604	0.0142420107110749	2	0.394841474717044
ENSG00000169668	0.00811969461411222	1	0.378630474139267
ENSG00000169676	0.0437157169991942	3	0.483383242266558
ENSG00000169684	0.00690640776103568	3	0.390220048433102
ENSG00000169715	0.00790377354196847	1	0.39631246572945
ENSG00000169752	0.0626955474430949	3	0.513437852190826
ENSG00000169756	0.0221577970220548	2	0.43878947810525
ENSG00000169783	0.059737632924892	3	0.444914369244971
ENSG00000169860	0.000684874527360435	3	0.346099180212449
ENSG00000169871	0.100771313554804	2	0.473815747739915
ENSG00000169894	0.00763438723092902	1	0.380884142980089
ENSG00000169896	0.0552134801643777	2	0.493166240476213
ENSG00000169908	0.0394668106496194	1	0.458456429604153
ENSG00000169992	0.0300002298881259	1	0.440654180529946
ENSG00000169994	0.00172092519022848	2	0.354617283249501
ENSG00000170049	0.0353742444744497	3	0.456826311857285
ENSG00000170074	0.0618049935407421	1	0.422589423729767
ENSG00000170075	0.00331132447531313	1	0.373711944980767
ENSG00000170089	0.0492253708609588	3	0.491746894559409
ENSG00000170091	0.137474137920954	3	0.602371870981204
ENSG00000170160	0.0148455475508685	1	0.389946322582611
ENSG00000170231	0.056903696264679	3	0.476302331560365
ENSG00000170271	0.0354567871495385	2	0.463425960639679
ENSG00000170290	0.0591719148448397	3	0.480978252868016
ENSG00000170323	0.00024713864802417	3	0.341776762389588
ENSG00000170324	0.00918177834160061	3	0.381429159056211
ENSG00000170345	0.0367987798359134	1	0.399769132067587
ENSG00000170370	0.0105696108248553	1	0.396918230823287
ENSG00000170381	0.156180856639015	3	0.467429153165088
ENSG00000170412	0.0187103150097282	1	0.407468934487619
ENSG00000170419	0.142963306553631	3	0.605031075294545
ENSG00000170425	0.0204447550162886	1	0.423584241908007
ENSG00000170439	0.000176034024519822	1	0.338241673204935
ENSG00000170458	0.0292182800815695	2	0.452072139521807
ENSG00000170476	0.00156446616094708	1	0.359600356185926
ENSG00000170525	0.00889287371867131	2	0.390549514947137
ENSG00000170537	0.102468713881215	2	0.554527247651749
ENSG00000170577	0.00260107103710261	1	0.364065197127135
ENSG00000170627	0.00733763940199772	3	0.38231082197338
ENSG00000170653	0.0230618926007335	2	0.417783426300098
ENSG00000170745	0.0561537667612135	3	0.477366375069193
ENSG00000170775	0.204274255501575	2	0.620360967205676
ENSG00000170801	0.01114633958234	1	0.407537367020142
ENSG00000170820	0.0279025423740084	3	0.450799205160105
ENSG00000170955	0.00200819494697335	1	0.364203869990197
ENSG00000170962	0.0490071704766748	3	0.490647506644336
ENSG00000171033	0.0628980400814183	3	0.506387642341542
ENSG00000171049	0.000150757497694554	1	0.341088272813036
ENSG00000171051	0.0227543196709946	2	0.440932848364227
ENSG00000171115	0.0214036681745421	1	0.412948997249781
ENSG00000171119	0.0034511365257609	2	0.362909560891129
ENSG00000171124	0.00107608024119177	3	0.349629247142322
ENSG00000171126	0.082397861550263	3	0.487379292704014
ENSG00000171180	0.0217283648167127	3	0.428522184639552
ENSG00000171208	0.0711514886029837	3	0.525386451228352
ENSG00000171223	0.00183621907294962	1	0.360744351439525
ENSG00000171236	0.00316071061435919	1	0.364695360171462
ENSG00000171243	0.0950160614228555	3	0.544510874889398
ENSG00000171314	0.0992248502287055	3	0.542585973586021
ENSG00000171316	0.0323095746279978	2	0.449967451429571
ENSG00000171345	0.0179680613073586	1	0.426420400960514
ENSG00000171450	0.0588381100409597	3	0.471072303856031
ENSG00000171481	0.00855110774640033	3	0.398878044230998
ENSG00000171502	0.0392441850525853	3	0.431113051867423
ENSG00000171509	0.177045993777429	3	0.597915689434136
ENSG00000171517	0.00860977864569312	1	0.37098099491854
ENSG00000171522	0.0180342948731906	2	0.421566265478897
ENSG00000171551	0.00397668742245816	3	0.363077902481095
ENSG00000171631	0.00710361972549822	2	0.382353379871225
ENSG00000171680	0.0670352394959746	1	0.454878392120515
ENSG00000171700	0.00881948961829382	2	0.38959373358338
ENSG00000171724	0.127667095834255	3	0.564860701249843
ENSG00000171772	0.038879033753295	3	0.406561686247181
ENSG00000171777	0.0187986152335048	2	0.391036889263946
ENSG00000171790	0.0349795776365439	1	0.466796484998527
ENSG00000171811	0.0584332405217467	1	0.464848760234156
ENSG00000171812	0.0563147293507991	2	0.476987302160927
ENSG00000171840	0.0836542091797648	2	0.510409239050043
ENSG00000171847	0.00716041283599145	3	0.363578392126334
ENSG00000171860	0.0332924014550063	2	0.462712690237418
ENSG00000171873	0.0393099094647144	3	0.474495215376062
ENSG00000171885	0.0265058042974167	2	0.417843814364382
ENSG00000171903	0.00242426359402614	1	0.360232187584754
ENSG00000171940	0.0311789233096922	2	0.395510835785681
ENSG00000171951	0.206193876900784	3	0.617547242849709
ENSG00000172005	0.156430857075352	2	0.59159534540263
ENSG00000172014	0.0197509364501968	3	0.396142261999622
ENSG00000172020	0.147227760557858	3	0.610153931392605
ENSG00000172037	0.0626320370005863	1	0.491927380326337
ENSG00000172081	0.0604536770486714	1	0.478296576720087
ENSG00000172116	0.0053654322059733	3	0.371772055218834
ENSG00000172123	0.0179230014481089	1	0.399353186225006
ENSG00000172137	0.0792588708435995	3	0.52333573252172
ENSG00000172197	0.0446205600404503	2	0.484889970580905
ENSG00000172201	0.00154272067586103	1	0.348481395459694
ENSG00000172209	0.149994011950672	3	0.613149224525191
ENSG00000172216	0.0229508925774943	1	0.43919722636482
ENSG00000172243	0.0450922723379389	2	0.460513339127571
ENSG00000172247	0.0456255978164651	3	0.478752131448302
ENSG00000172296	0.0194464204393693	2	0.399390275509597
ENSG00000172346	0.0192724199354218	1	0.381823538214714
ENSG00000172380	0.0113741764377634	2	0.403392888324176
ENSG00000172410	0.00779464984010769	3	0.39057567692221
ENSG00000172497	0.00366944121459922	3	0.37595683282656
ENSG00000172508	0.235437828755823	2	0.649228632281524
ENSG00000172519	0.00422026193694469	3	0.362908660053955
ENSG00000172543	0.000484014587318171	1	0.342611603977297
ENSG00000172548	0.101481350017517	2	0.546036386459557
ENSG00000172554	0.0074292813359953	3	0.379691136227302
ENSG00000172572	0.0147233612775509	1	0.41909616090103
ENSG00000172578	0.0662809880010142	2	0.487762786960619
ENSG00000172673	0.12805379465149	3	0.519219983088299
ENSG00000172716	0.0341790428388691	1	0.438117614309176
ENSG00000172771	0.0478667924499548	1	0.460803600436495
ENSG00000172794	0.0403733233991092	3	0.466760072675862
ENSG00000172893	0.017564091801952	2	0.420229116786314
ENSG00000172935	0.0266539782580958	1	0.449307293107117
ENSG00000172936	0.0192616011677863	1	0.390534956295824
ENSG00000172940	0.0315037399970017	1	0.434822840755731
ENSG00000172987	0.00528466578686826	1	0.384506526954576
ENSG00000173040	0.0427762057946933	1	0.474636453091665
ENSG00000173068	0.0618298363566658	2	0.452046391473597
ENSG00000173077	0.00455747588386735	3	0.373304098692815
ENSG00000173083	0.0274787130304227	2	0.42900153310805
ENSG00000173110	0.0597768130314453	1	0.482217240605455
ENSG00000173193	0.0388518802992919	2	0.433705533206832
ENSG00000173213	0.00566843479350132	3	0.385562384881869
ENSG00000173253	0.0682297021271642	2	0.498974054252321
ENSG00000173262	0.0164806649381029	3	0.424736836377383
ENSG00000173267	0.137172890336671	3	0.59893243479023
ENSG00000173269	0.0533898141183472	1	0.496787336649322
ENSG00000173281	0.0202234124789363	2	0.413517257044483
ENSG00000173295	0.00941295530746766	3	0.402122054486908
ENSG00000173327	0.0221574986409315	2	0.421410591766177
ENSG00000173369	0.122321850527016	2	0.582310947270374
ENSG00000173372	0.0600350441684511	2	0.504089609104591
ENSG00000173376	0.0294175101791919	3	0.435496105395304
ENSG00000173391	0.212787691784378	2	0.628198068605189
ENSG00000173421	0.0279407570092109	1	0.452688581915526
ENSG00000173442	0.0408705317662581	1	0.461150931817951
ENSG00000173452	0.0668016994476579	3	0.519556203800584
ENSG00000173530	0.0959749315937676	1	0.534109347684281
ENSG00000173546	0.0667104359591804	1	0.475700748752776
ENSG00000173548	0.0735959014566577	1	0.520021852058282
ENSG00000173597	0.0472325388786706	1	0.485790577537504
ENSG00000173638	0.050855469585898	1	0.495550752222839
ENSG00000173641	0.0210784020849261	1	0.400706287413654
ENSG00000173660	0.0978206141350788	3	0.538373998567939
ENSG00000173706	0.0244130245711542	2	0.398315690868386
ENSG00000173786	0.116628673440909	2	0.559040430532113
ENSG00000173801	0.0359798744186108	2	0.458645418920679
ENSG00000173805	0.0181811756168069	1	0.429333333440399
ENSG00000173848	0.012284718500574	2	0.402513940590397
ENSG00000173852	0.0675450488104817	3	0.489881382747529
ENSG00000173915	0.112695560891997	3	0.55075401481622
ENSG00000173918	0.0602634581026054	1	0.495591283030131
ENSG00000173926	0.027043029158897	2	0.422581764079594
ENSG00000173947	0.0146429540348463	2	0.382606439308171
ENSG00000173988	0.115549933719304	2	0.57706142793746
ENSG00000173991	0.0366697353198185	1	0.46864837853215
ENSG00000174059	0.0578235076577879	1	0.506082598335457
ENSG00000174123	0.0279701312688829	2	0.421262558758827
ENSG00000174125	0.0448821163766567	2	0.481802046701442
ENSG00000174130	0.0381004154317842	2	0.458422022169755
ENSG00000174145	0.111224163322694	3	0.573576993079003
ENSG00000174175	0.0056743720691953	3	0.386007084591314
ENSG00000174226	0.0173697177766078	1	0.423815382301652
ENSG00000174307	0.0165141702456565	2	0.424628401540952
ENSG00000174332	0.0463589987911243	1	0.459662243357078
ENSG00000174348	0.0772848115743963	1	0.518376944134484
ENSG00000174403	0.0656719533674983	3	0.467715541883285
ENSG00000174417	0.0223977580560422	3	0.439815224691252
ENSG00000174482	0.105862416719447	3	0.55597013685884
ENSG00000174502	0.0501275904222148	2	0.490146838704506
ENSG00000174576	0.0303989138791619	3	0.456582447723527
ENSG00000174600	0.013210896468916	2	0.400906435773208
ENSG00000174607	0.250391255345773	2	0.650091492671893
ENSG00000174705	0.03106125050547	2	0.430789227246426
ENSG00000174776	0.0149413609635729	2	0.420259126160338
ENSG00000174807	0.000735437133146166	1	0.347479794653839
ENSG00000174837	0.00136511479417833	2	0.359077460372695
ENSG00000174885	0.00323200701599757	1	0.360032860185379
ENSG00000174945	0.0134062239875985	1	0.411367197059924
ENSG00000174950	0.0105052578229804	3	0.40222454190025
ENSG00000174963	0.0337358601677553	2	0.415571554578719
ENSG00000175084	0.111133701751414	1	0.57441881772539
ENSG00000175130	0.0564504279377173	2	0.494096426190964
ENSG00000175143	0.00644182230243717	3	0.388543815264005
ENSG00000175183	0.00981457266443508	2	0.400955774938137
ENSG00000175262	0.00238345148406216	3	0.362590752638895
ENSG00000175267	0.0342025156408577	1	0.44499624718706
ENSG00000175274	0.0769200910828098	1	0.511087077881311
ENSG00000175287	0.035648193325582	1	0.459555651398698
ENSG00000175294	0.00342192263292163	3	0.372615429261194
ENSG00000175311	0.0138918534815287	3	0.417055086686611
ENSG00000175318	0.00552645297850296	1	0.384064332167674
ENSG00000175352	0.131225149656267	3	0.588805995592618
ENSG00000175426	0.27196054225447	3	0.691366593073956
ENSG00000175445	0.00349956103295568	3	0.367130228200244
ENSG00000175463	0.00274216364458002	1	0.353401427750994
ENSG00000175482	0.0133637739057563	2	0.389108985625603
ENSG00000175489	0.020781485013885	2	0.429367610806088
ENSG00000175505	0.0116903750975046	1	0.391820250777489
ENSG00000175518	0.0029908584283288	1	0.371181236882195
ENSG00000175567	0.0563343740466673	2	0.501976007848482
ENSG00000175591	0.0281623972751964	2	0.391308885097009
ENSG00000175602	0.0187061683572818	3	0.423669677333608
ENSG00000175643	0.0248789559108592	3	0.445096580853931
ENSG00000175727	0.0484104044995625	1	0.491366014344522
ENSG00000175772	0.0514331708878907	3	0.478586669890892
ENSG00000175785	0.130912903997502	2	0.59559418853623
ENSG00000175793	0.00602644416715725	2	0.388241190265912
ENSG00000175820	0.0279195555082198	1	0.447587472652825
ENSG00000175894	0.00525833508256524	1	0.365019793205579
ENSG00000175899	0.0251082798015452	2	0.407449926167276
ENSG00000175906	0.0717638626883254	3	0.520510024184763
ENSG00000175920	0.0336894373767551	1	0.457564863013629
ENSG00000176014	0.0215128258623271	1	0.419629876670833
ENSG00000176040	0.00906321401531407	3	0.400431024979471
ENSG00000176046	0.0323569766179305	2	0.404642588301629
ENSG00000176058	0.0264402728966993	2	0.448034818984583
ENSG00000176105	0.0136825792210701	2	0.412194693884336
ENSG00000176124	0.0292746131808147	2	0.452265059196085
ENSG00000176155	0.0406536313503427	1	0.4641261008356
ENSG00000176204	0.111563958697707	3	0.533942948072255
ENSG00000176244	0.0177397451369844	3	0.38656119839507
ENSG00000176340	0.0614212797052549	3	0.485832467956801
ENSG00000176381	0.142046280523252	2	0.60044663081211
ENSG00000176387	0.0397444031021476	1	0.453534724453387
ENSG00000176402	0.00429657667184069	3	0.378726479495792
ENSG00000176435	0.0182864671743277	1	0.414778351586865
ENSG00000176438	0.0571884838536251	2	0.486821091853415
ENSG00000176463	0.0198916291317623	2	0.433924856345113
ENSG00000176485	0.0673339327973155	2	0.520540656790453
ENSG00000176566	0.00448952426097915	3	0.372618396380072
ENSG00000176584	0.0121840445852769	3	0.40310457952901
ENSG00000176641	0.00633002282412742	2	0.38954571055026
ENSG00000176658	0.0476840322262103	2	0.485161679470947
ENSG00000176678	0.00709744806400503	1	0.389657381186283
ENSG00000176681	0.00606833679366381	1	0.38844297636728
ENSG00000176692	0.0199594385940925	1	0.432058432420135
ENSG00000176697	0.0707038324643589	3	0.524696008936954
ENSG00000176720	0.102171891775839	2	0.55978230570119
ENSG00000176771	0.0566199945995697	2	0.495065612903422
ENSG00000176890	0.0424449951274011	2	0.451343748011973
ENSG00000176912	0.0624481235731151	2	0.462840557305778
ENSG00000176920	0.00978967262445274	1	0.380021193616473
ENSG00000176928	0.0702995589158167	3	0.524229411211762
ENSG00000176945	0.0573313777773043	1	0.496875900352831
ENSG00000176956	0.0483452290170716	3	0.483672669915326
ENSG00000176971	0.00286064820995036	2	0.371032200846698
ENSG00000177084	0.0680474495681822	1	0.520845506388644
ENSG00000177098	0.0807189669489767	3	0.533303857259144
ENSG00000177103	0.00965646203070947	2	0.371132332824827
ENSG00000177105	0.0608332839475249	2	0.508057167228358
ENSG00000177106	0.0207791093328119	1	0.426769081384058
ENSG00000177119	0.0169263265256707	2	0.394147019880129
ENSG00000177133	0.0197717351061906	1	0.432170436212236
ENSG00000177169	0.0925090243928292	1	0.510982396700237
ENSG00000177174	0.00527093766231701	3	0.38445950268805
ENSG00000177181	0.107161735669244	3	0.570481816163842
ENSG00000177212	0.012856189197092	3	0.413033565689801
ENSG00000177272	0.059152777844549	3	0.475810652604294
ENSG00000177283	0.0297436793219275	1	0.454930592942633
ENSG00000177303	0.0238003651194113	1	0.39785516443222
ENSG00000177374	0.0389183426280894	1	0.470993902519322
ENSG00000177406	0.0141728558420771	2	0.403693831901848
ENSG00000177409	0.0358517938799788	2	0.458896032579954
ENSG00000177425	0.001776922312691	2	0.348246851404982
ENSG00000177426	0.0354829288102922	1	0.412719304462047
ENSG00000177432	0.190977263906576	3	0.630524331430958
ENSG00000177455	0.00249121542108488	3	0.368247732370425
ENSG00000177464	0.0822423789070348	1	0.535634540026498
ENSG00000177469	0.0558187748290331	2	0.462819697407736
ENSG00000177508	0.00703838035147097	1	0.36666540695406
ENSG00000177551	0.0121689968313567	2	0.395500108528943
ENSG00000177575	0.130234532491211	1	0.543381552911423
ENSG00000177595	0.0164291336232428	1	0.407742176999795
ENSG00000177602	0.00391603159966791	3	0.363421750013737
ENSG00000177606	0.0130608886244841	1	0.403752500023275
ENSG00000177663	0.0256399343732457	2	0.421223357491484
ENSG00000177669	0.0067572981248577	3	0.391509635680899
ENSG00000177674	0.0272292510851155	2	0.427604699784367
ENSG00000177679	0.0675634591952872	1	0.474870286259961
ENSG00000177697	0.0363975642634747	1	0.453040210120292
ENSG00000177706	0.0291190592264255	1	0.418477098669923
ENSG00000177732	0.028697813193489	1	0.45250673182811
ENSG00000177807	0.0100969541013135	2	0.401983068535066
ENSG00000177875	0.113938185861598	3	0.577987274066964
ENSG00000177943	0.062878611911821	1	0.487963811942048
ENSG00000177984	0.0186408895899787	3	0.380994682976045
ENSG00000177989	0.00643997828478637	2	0.381957494986993
ENSG00000178038	0.062181930879626	1	0.468320756307944
ENSG00000178075	0.0142385030631084	1	0.404984207364696
ENSG00000178082	0.0438507422237578	2	0.47875205783779
ENSG00000178175	0.0515019792878226	1	0.495392299169731
ENSG00000178342	0.0111763279480614	3	0.372519363259004
ENSG00000178394	0.0693023723289962	3	0.447784823751029
ENSG00000178397	0.0275879832136759	3	0.44634554233525
ENSG00000178401	0.0479250349742967	2	0.449245779229656
ENSG00000178404	0.0516127604546763	1	0.445035066760597
ENSG00000178462	0.00253972756212784	1	0.36408690223327
ENSG00000178531	0.0466509622910589	3	0.428176996791178
ENSG00000178562	0.00517210147047698	3	0.380944093452264
ENSG00000178623	0.053287301968181	1	0.49656113717144
ENSG00000178685	0.0296040205732321	1	0.403304248637437
ENSG00000178695	0.00265724362158881	2	0.364372756236947
ENSG00000178722	0.0462938295315843	2	0.480485389260508
ENSG00000178726	0.00912190923391043	1	0.399814949542644
ENSG00000178734	0.0174560931274733	3	0.427184245922364
ENSG00000178764	0.0373566833141696	2	0.446987077137091
ENSG00000178773	0.0422337828519838	3	0.470862480379471
ENSG00000178814	0.00561466746419337	2	0.378528683712794
ENSG00000178878	0.0461196476541721	1	0.486960745988091
ENSG00000178917	0.0126818695127657	1	0.406327324292562
ENSG00000179008	0.0155558293194521	3	0.412663267528753
ENSG00000179023	0.00997420762595913	1	0.374863610698224
ENSG00000179066	0.0145920800792373	1	0.377189646227565
ENSG00000179073	0.00238979831066999	2	0.355577816286633
ENSG00000179082	0.00797609439359803	3	0.396596288061989
ENSG00000179094	0.0218719375339793	1	0.438898831932284
ENSG00000179104	0.060843420762072	2	0.501437233559877
ENSG00000179144	0.0206219644399427	1	0.428442609080303
ENSG00000179178	0.156055662359018	2	0.566482099008673
ENSG00000179253	0.00704986018594	3	0.378738804445722
ENSG00000179292	0.0286595530213258	2	0.42251764932977
ENSG00000179344	0.0083078247579188	2	0.379096148709852
ENSG00000179348	0.0483013933857003	1	0.489892268564729
ENSG00000179403	0.0674673904387796	2	0.519964301435847
ENSG00000179420	0.0231690512711208	2	0.440528151651416
ENSG00000179468	0.0430567269002489	2	0.468116179924
ENSG00000179477	0.0340657189099534	3	0.46561633700972
ENSG00000179520	0.0990913413543226	3	0.515507968039927
ENSG00000179583	0.0413047417686004	2	0.447958441098181
ENSG00000179588	0.048854811590508	1	0.486639517822331
ENSG00000179593	0.00276292367962749	1	0.370378540106385
ENSG00000179604	0.027744416543209	1	0.443114103468313
ENSG00000179630	0.098618107903146	2	0.546190292946775
ENSG00000179636	0.00326026807700497	3	0.373471422360636
ENSG00000179698	0.0361171555087585	1	0.467076421955856
ENSG00000179772	0.000102459881427874	3	0.340345261046135
ENSG00000179776	0.0331015500853109	1	0.462802789322638
ENSG00000179796	0.0048143925122226	3	0.373671742489745
ENSG00000179799	0.0123009901410155	3	0.411515419676947
ENSG00000179954	0.0353450729022811	1	0.464969425838908
ENSG00000179978	0.0133847899120456	2	0.415448949350528
ENSG00000180015	0.00217098800913629	3	0.362559496849506
ENSG00000180044	0.121345748846938	3	0.585902344299348
ENSG00000180071	0.0515204253751789	2	0.494449085065038
ENSG00000180178	0.00694560871893579	3	0.392329428783993
ENSG00000180198	0.00774363212456208	1	0.390517623210152
ENSG00000180210	0.00140723363616835	3	0.359581893778274
ENSG00000180229	0.154124346904222	1	0.590375857504639
ENSG00000180332	0.0179221340878249	3	0.40234339171973
ENSG00000180353	0.0446610545414527	2	0.46838018312043
ENSG00000180440	0.165425026946596	3	0.626446787031206
ENSG00000180447	0.0319077545569157	1	0.428150640031359
ENSG00000180448	0.0241827457932055	2	0.418334266620068
ENSG00000180481	0.0101611192606901	2	0.382231480065131
ENSG00000180525	0.024605857743185	2	0.427612576550002
ENSG00000180537	0.0120815885331529	3	0.373250010137095
ENSG00000180539	0.0136578306719392	2	0.40339276024243
ENSG00000180573	0.0110335164435386	2	0.402936267002844
ENSG00000180611	0.0900007295240759	3	0.545511601610955
ENSG00000180638	0.00265961670946369	2	0.367778300819565
ENSG00000180739	0.136618288620897	2	0.588073433434343
ENSG00000180747	0.00481693426216878	1	0.379879912427765
ENSG00000180777	0.024725036023154	3	0.38882828883425
ENSG00000180828	0.047888988581317	3	0.48163291113001
ENSG00000180834	0.035686778788776	2	0.445127779519736
ENSG00000180891	0.0302956040916758	2	0.456436423194413
ENSG00000180900	0.0187757489641456	1	0.391078465924084
ENSG00000180914	0.0224217013785663	1	0.43922851434898
ENSG00000180929	0.0874735297809679	2	0.53975537442179
ENSG00000181019	0.00873985964701729	1	0.380157277355091
ENSG00000181023	0.00613019968011452	3	0.386978937280971
ENSG00000181029	0.0156074613702636	1	0.409277569959675
ENSG00000181085	0.02682801597472	1	0.409366877080241
ENSG00000181104	0.00408100195721262	2	0.372076221865742
ENSG00000181109	0.0112398395014404	3	0.398650225290521
ENSG00000181211	0.028557543175755	1	0.411419610075709
ENSG00000181291	0.00958972398509028	1	0.389256644503323
ENSG00000181381	0.0358536478138086	2	0.428899419281939
ENSG00000181404	0.00721212103622448	1	0.393149637495287
ENSG00000181409	0.0208750159022562	2	0.435980273601152
ENSG00000181577	0.011237503532565	3	0.399769651605488
ENSG00000181626	0.0394025476143002	1	0.409566480334785
ENSG00000181638	0.0467228038557579	1	0.488433546148027
ENSG00000181656	0.0467009453353421	3	0.486270954917249
ENSG00000181722	0.00982753898331934	2	0.395268979434647
ENSG00000181773	0.0203586766361066	3	0.435089661855779
ENSG00000181781	0.0022363355699867	1	0.363198537657414
ENSG00000181790	0.0880743113437384	1	0.491285976800428
ENSG00000181826	0.0394502940795491	2	0.40491372102957
ENSG00000181856	0.0135028452891054	1	0.408448955121523
ENSG00000182010	0.0720680603937705	3	0.524270197944162
ENSG00000182095	0.0615502012717342	1	0.50682077258387
ENSG00000182103	0.0141427099519215	1	0.380695410146517
ENSG00000182107	0.00412483818955311	1	0.372897269113562
ENSG00000182118	0.0066149936947647	1	0.36659804179621
ENSG00000182141	0.0531961883320439	2	0.477129942037655
ENSG00000182158	0.0496561151791227	2	0.478175898791943
ENSG00000182175	0.016857426549129	1	0.411278790484717
ENSG00000182177	0.0128882010501796	3	0.413611269134414
ENSG00000182179	0.0184436304985958	2	0.410322501891618
ENSG00000182183	0.0223813052520084	2	0.439863091465537
ENSG00000182240	0.0390599065091629	1	0.4192602351134
ENSG00000182255	0.0912996230573928	3	0.545161451868875
ENSG00000182257	0.00208834177068662	3	0.362417202513821
ENSG00000182326	0.0148379272051485	1	0.399650454170564
ENSG00000182329	0.0379332375593371	1	0.425672480989054
ENSG00000182348	0.0567136733511954	3	0.504760882268307
ENSG00000182372	0.0225447809693894	2	0.438887767751641
ENSG00000182379	0.0138766246493386	2	0.374562295867368
ENSG00000182447	0.012077127996999	3	0.408668459274818
ENSG00000182511	0.0237267429116745	1	0.438958726420462
ENSG00000182531	0.00209133027920372	3	0.365158503961728
ENSG00000182541	0.0306070864238076	2	0.412416255419387
ENSG00000182578	0.0413029565911611	2	0.477749940771598
ENSG00000182585	0.00129403639259362	3	0.354060226757297
ENSG00000182600	0.0089958407981664	2	0.389193667746123
ENSG00000182632	0.0296095931711085	3	0.453638272285293
ENSG00000182674	0.10961701683542	3	0.573223773184561
ENSG00000182704	0.0371658194437013	1	0.463108795365206
ENSG00000182718	0.0938624966304223	2	0.439556706103824
ENSG00000182782	0.00118016815954325	3	0.347851301476596
ENSG00000182836	0.135715069407817	3	0.570221256035035
ENSG00000182866	0.00033649188722007	2	0.344743143137967
ENSG00000182871	0.0836654471113846	1	0.429612321525995
ENSG00000182873	0.00914912524270461	1	0.394400036700771
ENSG00000182912	0.0142047926033155	1	0.41053039813961
ENSG00000182950	0.00231838078096258	3	0.354655444133796
ENSG00000182957	0.0768842032459324	2	0.531545525641397
ENSG00000183036	0.113615095796686	3	0.559404444169828
ENSG00000183090	0.143899574004915	3	0.596635160607141
ENSG00000183091	0.00100675834982245	1	0.355620475814418
ENSG00000183098	0.0192018555590746	3	0.431899121862535
ENSG00000183111	0.0583924788772086	2	0.507037881192216
ENSG00000183134	0.0139623778543287	1	0.416329927386256
ENSG00000183153	0.0128638032701115	3	0.406037933282076
ENSG00000183160	0.0538657852314528	2	0.499424125058742
ENSG00000183186	0.0630897797402313	1	0.442236923343452
ENSG00000183196	0.123985061663226	2	0.571651645920232
ENSG00000183230	0.171312148906067	2	0.632865939140554
ENSG00000183239	0.00439752977579688	3	0.36051366024134
ENSG00000183248	0.106804120680642	1	0.460399001749297
ENSG00000183251	0.00434486411327895	3	0.371960412817687
ENSG00000183255	0.0327533611202596	2	0.413119949946706
ENSG00000183281	0.00773377623249027	1	0.36582470786135
ENSG00000183287	0.03720431617171	3	0.466276194204627
ENSG00000183389	0.00684461890197929	3	0.389185798152189
ENSG00000183401	0.0167729274294069	2	0.382255387291328
ENSG00000183426	0.0300624131797569	1	0.450001987223
ENSG00000183458	0.029290174743352	1	0.448934733675042
ENSG00000183486	0.0235531666644017	2	0.440464596023195
ENSG00000183508	0.0323682638212321	1	0.427033652098012
ENSG00000183535	0.011720618341576	3	0.374681677216704
ENSG00000183549	0.0179090938721197	2	0.425076085370137
ENSG00000183570	0.00147574811772933	3	0.359140606225181
ENSG00000183604	0.000165049550328589	3	0.34134878403735
ENSG00000183628	0.0588849141617327	1	0.497244089404365
ENSG00000183644	0.00598246787995715	3	0.366360056536121
ENSG00000183662	0.128564630198017	3	0.591208047501708
ENSG00000183671	0.00996940221018916	3	0.402141234265022
ENSG00000183688	0.0441601562854705	1	0.446522747387588
ENSG00000183760	0.0504678514042696	2	0.492110710405057
ENSG00000183778	0.00652667916060734	1	0.374283556152361
ENSG00000183779	0.0727771352260049	1	0.51945774081475
ENSG00000183784	0.00938652489954661	2	0.368505907131322
ENSG00000183793	0.0156967696310447	1	0.406929369620526
ENSG00000183798	0.0168958022990292	1	0.394259003083508
ENSG00000183844	0.00340489379023179	2	0.362729061657159
ENSG00000183850	0.0081330305939421	3	0.376969224298158
ENSG00000183853	0.0488445871704678	1	0.492133609023828
ENSG00000183856	0.0209401615309468	3	0.427140335657427
ENSG00000183864	0.0248137034741287	2	0.398410856584807
ENSG00000183888	0.0553366531655606	1	0.501113742653458
ENSG00000183889	0.0304317605685975	1	0.442098223672204
ENSG00000183914	0.0402641593995627	1	0.436356061862063
ENSG00000183935	0.0439272621307432	3	0.482377427937296
ENSG00000183960	0.142464891242645	2	0.589312847726493
ENSG00000183963	0.178583642191986	1	0.627570072809517
ENSG00000184060	0.0343542944505283	2	0.4469397237585
ENSG00000184076	0.0566498407285158	3	0.484331119903291
ENSG00000184113	0.108424768809757	1	0.563518748793985
ENSG00000184139	0.00872748741271068	3	0.399423525606988
ENSG00000184144	0.0707444831153126	2	0.520638458787636
ENSG00000184208	0.0180087543927814	2	0.399901503964263
ENSG00000184221	0.0425776254311713	2	0.478004302606661
ENSG00000184227	0.00633118241723629	3	0.389484768783519
ENSG00000184232	0.0222445175251036	1	0.435705337621957
ENSG00000184261	0.0412712908767582	1	0.431300279491148
ENSG00000184350	0.01216960028571	3	0.388608311010864
ENSG00000184357	0.00845095379264349	2	0.396443668021372
ENSG00000184371	0.110444812293788	2	0.460307897842804
ENSG00000184384	0.0248255676432476	1	0.40799283227778
ENSG00000184489	0.0257119747558199	1	0.447730607001642
ENSG00000184545	0.0872927213841141	1	0.494201993656699
ENSG00000184557	0.135991708523639	1	0.484019602397442
ENSG00000184574	0.0502532470463475	2	0.494590547271958
ENSG00000184584	0.00152840036144697	2	0.359477440396395
ENSG00000184678	0.0261791883041165	2	0.437820821161139
ENSG00000184697	0.00378668510989677	3	0.369479828611051
ENSG00000184698	0.00773270357193323	3	0.394509858336452
ENSG00000184730	0.032434511745386	2	0.454478312984615
ENSG00000184811	0.0392620732904768	1	0.45276168821481
ENSG00000184898	0.0109017216550649	3	0.402632676028742
ENSG00000184923	0.000242692400603484	2	0.343163733018542
ENSG00000184984	0.0158209575541156	2	0.395929582141865
ENSG00000184988	0.0177113847872361	2	0.392591084355957
ENSG00000184999	0.0402297454093531	3	0.459438616817457
ENSG00000185002	0.0117976291867498	3	0.407466250594011
ENSG00000185008	0.129383173048219	3	0.588449141525529
ENSG00000185022	0.0483478428452001	1	0.454234180980742
ENSG00000185033	0.0277035593793429	1	0.443052259922476
ENSG00000185112	0.0129779850729325	1	0.410216733614848
ENSG00000185149	0.0740431082528016	3	0.513344599105686
ENSG00000185168	0.00162807735081183	1	0.361591097041213
ENSG00000185187	0.00650862143073472	2	0.363879380956346
ENSG00000185201	0.0580681508457686	1	0.464533272667335
ENSG00000185236	0.000364453553659772	1	0.34244670676328
ENSG00000185303	0.0155734316483358	3	0.421539779214653
ENSG00000185304	0.00566917090400654	3	0.373303264083323
ENSG00000185339	0.0155395797248421	1	0.412561947280462
ENSG00000185453	0.0121676684141686	1	0.408620554972629
ENSG00000185485	0.015418941878319	1	0.421206829528011
ENSG00000185499	0.0228058557024698	1	0.431657199684003
ENSG00000185507	0.040304710076864	1	0.408585636583846
ENSG00000185527	0.00194020316540799	3	0.361904020195038
ENSG00000185532	0.00464707273372245	1	0.357535225891726
ENSG00000185551	0.0595105534140172	1	0.455909435194926
ENSG00000185561	0.0225480064854775	1	0.430375870847308
ENSG00000185585	0.0740246852262231	1	0.526173874543038
ENSG00000185615	0.00258104414141591	2	0.35541652253317
ENSG00000185633	0.03584527889908	1	0.467503699128262
ENSG00000185634	0.0714775689945074	2	0.513393523631455
ENSG00000185650	0.0566011614091928	1	0.433991623857176
ENSG00000185664	0.000671886729233462	1	0.343211762049323
ENSG00000185666	0.0990836885471243	3	0.442121577901629
ENSG00000185710	0.00364574471630563	3	0.372610811335862
ENSG00000185739	0.00666506220646701	3	0.365475119592662
ENSG00000185811	0.0616706500970934	2	0.510312340632456
ENSG00000185829	0.00690359842567156	1	0.391676298718394
ENSG00000185838	0.0329418876041327	1	0.451054091130173
ENSG00000185864	0.0254979765348824	1	0.446375506535138
ENSG00000185885	0.0469147915288229	2	0.407550593389098
ENSG00000185904	0.029414033709683	3	0.450633467222588
ENSG00000185905	0.0112612430691802	2	0.408061434319495
ENSG00000185942	0.000486266489663989	1	0.347926291438975
ENSG00000185988	0.0715039549893078	1	0.48609550781375
ENSG00000186051	0.00305214729236725	3	0.363036284451568
ENSG00000186056	0.0272060945336345	2	0.449246754821198
ENSG00000186081	0.108497497467698	3	0.570652259276656
ENSG00000186082	0.000100078738678233	3	0.340100543024934
ENSG00000186111	0.0764779144491351	1	0.495350913030023
ENSG00000186174	0.0422086786092389	1	0.48087908534895
ENSG00000186188	0.0369697500797824	3	0.470690481164212
ENSG00000186193	0.00394222515506182	2	0.372645919091717
ENSG00000186204	0.0384588790349167	2	0.473715617160638
ENSG00000186212	0.114547707263306	3	0.578619977690797
ENSG00000186235	0.00640538970708593	1	0.369643550788407
ENSG00000186297	0.111465111961708	3	0.575279517668551
ENSG00000186340	0.0715573822645463	2	0.506900244367736
ENSG00000186352	0.0116991282867389	1	0.410058306629032
ENSG00000186369	0.0704156753319093	3	0.523724198762758
ENSG00000186417	0.259943482168027	2	0.657370791051988
ENSG00000186431	0.00118006577066987	1	0.34601581862451
ENSG00000186468	0.0199642361788379	3	0.391273054083516
ENSG00000186469	0.145846617269901	3	0.600647469622511
ENSG00000186470	0.0154393220544526	2	0.413412559752748
ENSG00000186480	0.0533616918781256	3	0.456523142814893
ENSG00000186481	0.0300497805581657	3	0.396997939807753
ENSG00000186510	0.00321047696874088	3	0.365892207489207
ENSG00000186517	0.0350048973828219	2	0.459136903911363
ENSG00000186522	0.0657623694468537	2	0.516207433266722
ENSG00000186523	0.00195051718057782	1	0.359026987019004
ENSG00000186529	0.049821557522991	2	0.48876167707692
ENSG00000186564	0.0165663993321654	1	0.423281090378721
ENSG00000186567	0.0524816412577105	1	0.490953075217587
ENSG00000186635	0.032802629702741	2	0.396993761144976
ENSG00000186818	0.0902827088079736	2	0.54872686752376
ENSG00000186854	0.0369948295455348	3	0.46947313954343
ENSG00000186907	0.0573216429009692	3	0.424246559165898
ENSG00000186994	0.0268331996596697	1	0.442975789214521
ENSG00000187080	0.00643736861400224	3	0.375205600278153
ENSG00000187091	0.0108882930944868	1	0.373141943827406
ENSG00000187094	0.116399197936754	3	0.580658114958926
ENSG00000187116	0.00241307428260085	1	0.365474077688521
ENSG00000187122	0.0367017268401135	3	0.448556088401457
ENSG00000187164	0.0482395564744058	2	0.490247333034568
ENSG00000187166	0.00382461328343564	3	0.375197596144922
ENSG00000187193	0.00087561178143758	2	0.347209190549691
ENSG00000187244	0.096699479057645	1	0.557910631385582
ENSG00000187260	0.0451095415880551	1	0.450004803338232
ENSG00000187474	0.0189794135002086	2	0.431504408560981
ENSG00000187479	0.0226960793337743	1	0.428711444785023
ENSG00000187498	0.107689936323928	1	0.550599212139979
ENSG00000187513	0.0389275635542613	1	0.469982199093252
ENSG00000187554	0.0177132565094543	2	0.416230712141978
ENSG00000187608	0.00309189952307398	3	0.36370911654006
ENSG00000187634	0.0558932038928343	2	0.437658035537097
ENSG00000187642	0.00756330642773384	1	0.37588073914261
ENSG00000187678	0.0112957548910931	3	0.385693335648401
ENSG00000187688	0.0106206655839515	3	0.406473210194251
ENSG00000187720	0.0447559688881434	1	0.485236652851206
ENSG00000187730	0.0882596842873861	3	0.540035620282316
ENSG00000187764	0.0434194053948637	2	0.482887238568939
ENSG00000187773	0.0434243849951506	2	0.469664963232899
ENSG00000187775	0.099489836787185	2	0.552025735621413
ENSG00000187783	0.00372531822947775	3	0.376042238395979
ENSG00000187796	0.0241185096640985	1	0.429087679098396
ENSG00000187800	0.0581387238946134	1	0.504366206727329
ENSG00000187837	0.00350297018707668	1	0.373163090889676
ENSG00000187902	0.0271897317074522	1	0.41161105513023
ENSG00000187908	0.101422154826872	2	0.542129962900414
ENSG00000187912	0.0314309554307822	2	0.420414486371484
ENSG00000187922	0.0235896924040867	1	0.436239584917558
ENSG00000187950	0.0284178419676234	1	0.411993234943472
ENSG00000187951	0.0109082689974166	2	0.378490702712052
ENSG00000187955	0.0529156302250453	1	0.481479373556241
ENSG00000187961	0.0303211511707833	1	0.434143728058439
ENSG00000188011	0.0485474048857676	3	0.414380050277199
ENSG00000188015	0.00804129208887827	2	0.384141745317163
ENSG00000188037	0.00216392943585808	3	0.366043731261604
ENSG00000188039	0.0490304907815576	1	0.488075152534558
ENSG00000188064	0.0470492070095081	1	0.434751449446873
ENSG00000188089	0.0144155053410067	3	0.379486277673183
ENSG00000188112	0.0013844144306786	3	0.35927929173051
ENSG00000188263	0.00782317496770579	3	0.395986851830774
ENSG00000188269	0.0182012342844357	2	0.426787120846002
ENSG00000188290	0.0107268203547087	1	0.384828751490103
ENSG00000188313	0.0238354123457806	1	0.395917265083068
ENSG00000188322	0.0789770303939228	1	0.47984848976763
ENSG00000188338	0.00943553229710326	2	0.371562553161548
ENSG00000188385	0.0291290462569024	1	0.413586466699537
ENSG00000188404	0.0169447639953446	2	0.425989436888715
ENSG00000188488	0.0292795190422086	2	0.453210586200873
ENSG00000188511	0.0466546741799228	1	0.481142651691456
ENSG00000188517	0.0929815136374678	3	0.537992409674237
ENSG00000188536	0.0770172859931734	1	0.476889806248423
ENSG00000188549	0.0487613647629498	2	0.436386646907728
ENSG00000188582	0.123283563766948	3	0.587934988430788
ENSG00000188603	0.0308105464034565	1	0.449867311434168
ENSG00000188611	0.0545743954561507	3	0.494139142413891
ENSG00000188643	0.00757709234776005	2	0.377891715125615
ENSG00000188674	0.129216882892598	3	0.592646315317398
ENSG00000188681	0.00256218752891835	1	0.368021688139591
ENSG00000188729	0.0997285609386364	3	0.527458974448469
ENSG00000188730	0.113589268927323	3	0.576923500685726
ENSG00000188747	0.0224159701943528	1	0.385480289480607
ENSG00000188763	0.0156934197016243	1	0.42130419505727
ENSG00000188766	0.0133887873204732	3	0.405069476530679
ENSG00000188783	0.201173416460635	1	0.657556861074353
ENSG00000188818	0.0376243707522856	1	0.466308706468105
ENSG00000188848	0.0684030743421367	3	0.513179002262708
ENSG00000188897	0.0106718386241051	2	0.399777927442159
ENSG00000188933	0.00908508888008264	3	0.374157049955906
ENSG00000189001	0.00940016672444244	1	0.381306571856771
ENSG00000189014	0.00509434566953426	3	0.375390792754211
ENSG00000189030	0.00424419444973312	1	0.37889247032888
ENSG00000189043	0.124825204312682	3	0.564277538911333
ENSG00000189056	0.0785432931453444	3	0.535802621361278
ENSG00000189057	0.00476754503585997	2	0.360722048792708
ENSG00000189058	0.0279624410378337	2	0.452819418557637
ENSG00000189067	0.101903346454649	2	0.560408508937857
ENSG00000189068	0.0117196528079739	3	0.398838480654524
ENSG00000189184	0.00795407750181865	1	0.392105586005529
ENSG00000189223	0.00994113287601639	3	0.399048690927274
ENSG00000189275	0.0405909905444439	3	0.461393011452878
ENSG00000189295	0.0070896503374821	3	0.381533094665044
ENSG00000189350	0.0349842690438787	1	0.467209397263085
ENSG00000196071	0.0305868513120955	3	0.45542323872933
ENSG00000196091	0.00238310155825228	1	0.365292895034701
ENSG00000196104	0.120071632567838	2	0.476094077004871
ENSG00000196109	0.0120596086062749	2	0.411324990294338
ENSG00000196115	0.00493560625489164	3	0.375840962189132
ENSG00000196119	0.00410722016512832	3	0.37615212947932
ENSG00000196126	0.0397145581218443	2	0.473566928362832
ENSG00000196136	0.111811283295086	2	0.552675164734374
ENSG00000196139	0.006851513983268	1	0.385104509737779
ENSG00000196154	0.0167415242992266	1	0.393014665844899
ENSG00000196155	0.0128313402039208	2	0.413768845443185
ENSG00000196169	0.0905946515299078	2	0.529100394074387
ENSG00000196187	0.123823019917051	2	0.588453892856618
ENSG00000196196	0.00610126831328717	1	0.375116331919619
ENSG00000196205	0.00811655685813539	2	0.392645877804257
ENSG00000196209	0.0243931250081204	2	0.442880888506748
ENSG00000196240	0.00944290396237024	3	0.394783335294529
ENSG00000196329	0.0377006654669518	1	0.457528994369242
ENSG00000196341	0.024183752626687	3	0.421790084780013
ENSG00000196391	0.0251077089038176	1	0.41488226361529
ENSG00000196407	0.0108605387904948	3	0.407159562980794
ENSG00000196411	0.0467558983817876	1	0.473777333864987
ENSG00000196436	0.000365801787031605	3	0.343202781473497
ENSG00000196482	0.0719852852609517	3	0.524977681174954
ENSG00000196498	0.0425739431159432	1	0.480870781774085
ENSG00000196517	0.0668447763452686	2	0.513507282181701
ENSG00000196542	0.15683718844187	3	0.614594507004551
ENSG00000196557	0.0692556108010732	1	0.472807120925089
ENSG00000196569	0.00125472068937182	1	0.356560723627092
ENSG00000196576	0.0394019938811858	1	0.455664971362943
ENSG00000196600	0.0365562183482768	3	0.441254260771417
ENSG00000196616	0.0917914511014203	1	0.548597465926069
ENSG00000196639	0.0291117792179382	3	0.435198197775235
ENSG00000196660	0.0172617970117144	1	0.401727760438148
ENSG00000196735	0.0280349758747784	2	0.435534497125581
ENSG00000196739	0.112766428745397	1	0.571576899154703
ENSG00000196778	0.003651368240153	2	0.37388922889605
ENSG00000196814	0.0249584804137479	2	0.446240095934495
ENSG00000196839	0.0146913249697903	2	0.419574814067786
ENSG00000196843	0.0206867913560169	1	0.430630157971134
ENSG00000196862	0.00463188983981244	3	0.38033586601077
ENSG00000196937	0.147278093239773	3	0.595411622966324
ENSG00000196950	0.130106070794208	3	0.583953579878862
ENSG00000196954	0.0638779022944813	1	0.457569346239526
ENSG00000196993	0.000859979882302797	3	0.353349915520036
ENSG00000197019	0.0171788097537072	1	0.423162042465738
ENSG00000197020	0.00693240047458188	3	0.389968999834963
ENSG00000197061	0.0322602657534469	3	0.457225205474433
ENSG00000197067	0.0119701896662574	3	0.410680975343628
ENSG00000197083	0.00763730064923551	2	0.388269970490196
ENSG00000197093	0.0247756358337393	2	0.432293198922654
ENSG00000197134	0.00153739248625206	3	0.357757375593343
ENSG00000197142	0.0552453604434971	1	0.493657128788124
ENSG00000197182	0.0333485808448238	1	0.445357636124851
ENSG00000197249	0.0529555282018169	2	0.49220039584812
ENSG00000197253	0.0114195712842889	3	0.408965969390754
ENSG00000197256	0.0966857752882305	1	0.528832789129834
ENSG00000197261	0.0339768856346924	3	0.445172114413498
ENSG00000197283	0.0589877712207956	3	0.420655187907382
ENSG00000197321	0.0434314788508439	1	0.48213041265482
ENSG00000197322	0.0932683113377808	3	0.554305627183513
ENSG00000197324	0.0827937977601662	1	0.430846059812082
ENSG00000197355	0.0210837697806757	2	0.417808494669346
ENSG00000197405	0.0188499135558666	1	0.3919094794624
ENSG00000197410	0.0263191945476966	3	0.447612991646706
ENSG00000197430	0.233641203358655	2	0.60804391933686
ENSG00000197454	0.00605446085862105	3	0.368019512916162
ENSG00000197467	0.017724136012597	1	0.393620117028656
ENSG00000197471	0.0459910084368429	2	0.476594899002364
ENSG00000197483	0.015319506313595	1	0.391466361655272
ENSG00000197520	0.00351023975601417	2	0.35381193400792
ENSG00000197540	0.00267643052344435	1	0.368313662937321
ENSG00000197550	0.0070078799101917	3	0.39148197948823
ENSG00000197558	0.0140839523274787	1	0.399992115415664
ENSG00000197561	0.0108989102675434	3	0.406838680627216
ENSG00000197599	0.0389643516499102	1	0.469331476199153
ENSG00000197629	0.0196435710450785	2	0.39303409018144
ENSG00000197632	0.0203913462929298	3	0.434854645523468
ENSG00000197635	0.0186443618219475	3	0.417708301467087
ENSG00000197712	0.043354779690507	2	0.477998727770725
ENSG00000197728	0.0292269775738608	3	0.411773698846239
ENSG00000197747	0.0315505691102115	2	0.445290078031072
ENSG00000197822	0.00556868234863761	1	0.37706270257874
ENSG00000197879	0.0481026626085312	1	0.479622240859287
ENSG00000197892	0.0516592093126976	2	0.495879744999894
ENSG00000197901	0.00792531912381889	1	0.387728012237552
ENSG00000197915	0.00377522353477455	1	0.36162127686612
ENSG00000197921	0.0164080369405288	3	0.418081910442638
ENSG00000197943	0.0523532992306102	2	0.452647628216403
ENSG00000197971	0.0697571217285462	2	0.523867643017339
ENSG00000197977	0.0104955725269091	3	0.377261596716169
ENSG00000197992	0.0234651616493915	3	0.425894370687869
ENSG00000197993	0.0703387730680952	2	0.524655444032702
ENSG00000198003	0.015442560626609	1	0.41830209119865
ENSG00000198019	0.0239913681196907	2	0.41831599801461
ENSG00000198075	0.00263080928727166	2	0.3589275506589
ENSG00000198113	0.026229149544217	1	0.396981000166449
ENSG00000198121	0.0905705119801393	2	0.550898577234461
ENSG00000198128	0.010972514803862	3	0.403862197528628
ENSG00000198203	0.0214357309852525	2	0.426776522566216
ENSG00000198237	0.0139778943098793	2	0.415732195293158
ENSG00000198276	0.0199904711301651	1	0.409564546226408
ENSG00000198286	0.00356200101201287	2	0.375243946379954
ENSG00000198417	0.017489288784662	1	0.427535965904441
ENSG00000198445	0.00886524465872418	3	0.383412611160488
ENSG00000198467	0.212336524313843	1	0.668266867021366
ENSG00000198502	0.0251048134762174	2	0.42898584405615
ENSG00000198523	0.00814006073200724	1	0.391380204265765
ENSG00000198542	0.00562318075321799	2	0.381495577213416
ENSG00000198547	0.01668513871919	1	0.409621426034964
ENSG00000198574	0.019862060845208	3	0.423569936765249
ENSG00000198576	0.0148073397523157	3	0.419809093607698
ENSG00000198597	0.0798704130501826	2	0.508339031230965
ENSG00000198598	0.0538347274999172	1	0.438033109584274
ENSG00000198601	0.0138286433943537	3	0.408399728768361
ENSG00000198604	0.0372836646708603	2	0.435170419337505
ENSG00000198624	0.0113156336703235	1	0.403198209317437
ENSG00000198650	0.00481136700016815	3	0.379023288877753
ENSG00000198658	0.00352057811798623	1	0.358042510495346
ENSG00000198673	0.127641671854349	3	0.592221848917325
ENSG00000198685	0.00602779985798818	3	0.376663595286773
ENSG00000198695	0.0407933742984642	1	0.471998463362331
ENSG00000198711	0.000675971186298252	1	0.348030808974566
ENSG00000198712	0.0418453958932333	1	0.477926574614356
ENSG00000198719	0.0186651113371252	2	0.400841482909491
ENSG00000198727	0.0496311707098295	1	0.493426633349488
ENSG00000198732	0.0388564067466245	2	0.444633532899857
ENSG00000198734	0.0121984340235318	3	0.411729253741332
ENSG00000198743	0.012697805079385	3	0.381189577010081
ENSG00000198763	0.0554964848643726	1	0.502422101521491
ENSG00000198771	0.014529973746053	2	0.411178651030729
ENSG00000198774	0.0307505855644454	2	0.458742106866864
ENSG00000198785	0.0766609152770669	3	0.532175788296596
ENSG00000198786	0.0500579341673045	1	0.494233744503901
ENSG00000198805	0.0157871273073796	1	0.415906018609336
ENSG00000198829	0.0439997183582334	3	0.423338410109271
ENSG00000198835	0.0758460326247654	2	0.528373380029817
ENSG00000198840	0.0378451805002903	1	0.472387284849318
ENSG00000198848	0.0123877625341454	1	0.410142183013935
ENSG00000198886	0.0376649534310104	1	0.47211787506766
ENSG00000198888	0.0541152042866193	1	0.500587551785173
ENSG00000198899	0.0454428776157015	1	0.48603073164877
ENSG00000198944	0.0627655393979	1	0.435983669887602
ENSG00000198959	0.181506899731077	1	0.625718499348728
ENSG00000198963	0.080962919220413	3	0.536549647329527
ENSG00000200087	0.0215097559475447	1	0.438014120264173
ENSG00000200792	0.00374198343838117	3	0.366509973155416
ENSG00000200795	0.0014454119105517	3	0.359959392983632
ENSG00000200959	0.0230163376110948	3	0.43635261013299
ENSG00000201098	0.00128432072087659	1	0.357097645003237
ENSG00000201684	0.0120411688085545	1	0.399852477383609
ENSG00000201998	0.00128073431132525	3	0.35728439611933
ENSG00000202538	0.000758574939170975	2	0.34408105836157
ENSG00000203396	0.00399414691379851	3	0.376214520204252
ENSG00000203413	0.00734666377136384	3	0.363430064448003
ENSG00000203485	0.0192240660415113	2	0.432087944740833
ENSG00000203565	0.0179127944246229	3	0.427792794113418
ENSG00000203581	0.0105431864665485	3	0.399725591647023
ENSG00000203620	0.00127965507739924	1	0.346346827906457
ENSG00000203663	0.00617185734761794	1	0.369357839368505
ENSG00000203668	0.108877536360186	3	0.563432825422448
ENSG00000203684	0.00273347513486855	3	0.370177337024033
ENSG00000203685	0.0225423109101537	3	0.41653625682139
ENSG00000203709	0.0409738001579377	1	0.476257016546299
ENSG00000203710	0.0335051264952994	2	0.452685451666649
ENSG00000203711	0.00323048799877701	3	0.366706042128179
ENSG00000203747	0.0938959261592983	2	0.554685725642257
ENSG00000203883	0.0124606869567043	1	0.41232749458423
ENSG00000203900	0.0120057118710989	3	0.373222558260505
ENSG00000203908	0.00566822057124372	3	0.384625735776793
ENSG00000204001	0.0143015014992227	3	0.375924549982482
ENSG00000204060	0.00374376379452435	2	0.356436651725374
ENSG00000204091	0.00519972641341759	1	0.366522832307567
ENSG00000204099	0.0052750738799815	1	0.377685611576393
ENSG00000204103	0.00217627546232535	2	0.362604408263511
ENSG00000204136	0.0329885555657663	3	0.4057659198606
ENSG00000204140	0.00835625296881348	3	0.38837899127655
ENSG00000204147	0.113039881779612	3	0.56617746564077
ENSG00000204161	0.100363653879453	2	0.562120866932273
ENSG00000204172	0.00701117819326968	1	0.391976840155174
ENSG00000204174	0.00774835500096094	3	0.395358505049205
ENSG00000204176	0.00769909809492442	1	0.39110950866123
ENSG00000204179	0.0613595430698259	3	0.511862533525189
ENSG00000204188	0.00813133742280603	3	0.396506387411627
ENSG00000204248	0.0082047886444373	2	0.376937004473854
ENSG00000204252	0.0570669274666364	2	0.501105709906416
ENSG00000204257	0.0371270876138375	2	0.471501896672112
ENSG00000204262	0.0835139290866181	3	0.506580171042963
ENSG00000204264	0.0104715643248243	2	0.398520203136171
ENSG00000204278	0.123547745461894	2	0.585650454329917
ENSG00000204283	0.00512981090654541	3	0.377227712846136
ENSG00000204287	0.11343946220802	2	0.562140065182754
ENSG00000204291	0.00149785355060739	1	0.358313584541352
ENSG00000204301	0.0808596057722971	1	0.519445035525158
ENSG00000204314	0.0719885741695049	3	0.467846985620155
ENSG00000204323	0.0347230767836655	2	0.466231168433101
ENSG00000204347	0.00207769410728587	3	0.363725829863515
ENSG00000204381	0.0534223627559688	2	0.495669936254202
ENSG00000204388	0.0515823483929403	1	0.479496676914204
ENSG00000204389	0.131338279684259	1	0.525297869692723
ENSG00000204396	0.0716359963898447	3	0.474417914158143
ENSG00000204403	0.00570354652741478	1	0.378275108469521
ENSG00000204420	0.00526765889681846	1	0.378740172410002
ENSG00000204446	0.0134280779573963	2	0.404545918432823
ENSG00000204460	0.00759701374634647	2	0.36348853141757
ENSG00000204472	0.0648151751113294	2	0.489699491423898
ENSG00000204482	0.0307093411127187	2	0.451747564442694
ENSG00000204525	0.00868327467933538	2	0.376428560372647
ENSG00000204540	0.01111684322474	2	0.407697512498871
ENSG00000204571	0.00721870919317236	3	0.381864328132696
ENSG00000204577	0.0136624651564283	2	0.393176475034189
ENSG00000204580	0.0461238334016746	2	0.472844447417368
ENSG00000204592	0.0383137187723834	2	0.412110074080478
ENSG00000204603	0.0164553359137181	3	0.410631598337053
ENSG00000204624	0.024493531108297	1	0.435909587587857
ENSG00000204642	0.00947281101991104	2	0.368738236624917
ENSG00000204655	0.293257209190374	2	0.694146859412001
ENSG00000204677	0.0625902801199265	1	0.42325628325737
ENSG00000204740	0.00757300128947247	1	0.384391357425769
ENSG00000204754	0.00546240933667219	3	0.379829638372715
ENSG00000204791	0.00414490285869584	1	0.36947801508846
ENSG00000204839	0.0478475790800312	1	0.490423389377176
ENSG00000204860	0.0345167755026683	2	0.429057933865291
ENSG00000204929	0.00551145056870739	3	0.38267653842523
ENSG00000204936	0.0858883247822141	1	0.536383970418425
ENSG00000204950	0.0699126941504897	1	0.470318252316315
ENSG00000205015	0.00961391787057175	3	0.392574005556625
ENSG00000205038	0.0306973341533637	1	0.45864120062296
ENSG00000205085	0.027214384716694	1	0.451201015984661
ENSG00000205086	0.00633072446194205	2	0.367978897310212
ENSG00000205116	0.214834433521412	2	0.663110741596271
ENSG00000205209	0.00367184565180412	1	0.375816579643574
ENSG00000205277	0.01881251649501	3	0.414727803949018
ENSG00000205279	0.166670067113987	3	0.629862887764014
ENSG00000205336	0.0249067491251754	1	0.435115238933177
ENSG00000205358	0.00767813295289788	1	0.371990009147894
ENSG00000205362	0.00263842720610852	1	0.356239295209134
ENSG00000205364	0.0184704960236483	1	0.428795024814694
ENSG00000205403	0.0104415616352365	2	0.38667057354527
ENSG00000205413	0.0176656147884814	2	0.427917193815118
ENSG00000205517	0.0578041101694684	1	0.467838731627843
ENSG00000205592	0.0366648480782724	1	0.431247744176123
ENSG00000205611	0.0244830843854197	3	0.437533571383899
ENSG00000205632	0.000612050250048068	1	0.345267123412186
ENSG00000205634	0.0521353212985635	3	0.491489177109089
ENSG00000205696	0.000191309253866456	2	0.342288565418632
ENSG00000205730	0.050954676932519	1	0.435951633239457
ENSG00000205746	0.0251764763741569	1	0.437573485846186
ENSG00000205790	0.00764990823879663	2	0.374950941689087
ENSG00000205809	0.00618463803071434	3	0.361729314799659
ENSG00000205871	0.00657310801027045	3	0.390596398234657
ENSG00000205885	0.018193425195052	1	0.427755396195732
ENSG00000205903	0.0273662506031155	1	0.450910411886088
ENSG00000205927	0.0495521594271484	2	0.481048895573422
ENSG00000205929	0.0179116229208807	2	0.426225920001224
ENSG00000205959	0.00773873462163865	3	0.379073752982251
ENSG00000205978	0.0478866368914163	1	0.490612637215612
ENSG00000206053	0.08059231326972	2	0.53637032132163
ENSG00000206077	0.0317131758429193	1	0.45705040408353
ENSG00000206149	0.0242531209108279	1	0.441032984152731
ENSG00000206172	0.0625117109819845	1	0.467953064105808
ENSG00000206190	0.0832927530463814	1	0.539332283782036
ENSG00000206195	0.017285195583434	3	0.42700414558144
ENSG00000206337	0.013015138071954	1	0.375143080733959
ENSG00000206384	0.0167718542472373	3	0.411286967573122
ENSG00000206503	0.0147836989103667	2	0.407741801947212
ENSG00000206535	0.0804074879217317	3	0.530235682455313
ENSG00000206538	0.00517945455998203	1	0.378338536246533
ENSG00000207008	0.00830941542500374	2	0.381428073001669
ENSG00000207445	0.00159065784725554	3	0.361126696215809
ENSG00000207955	0.178842067555275	2	0.617037845862293
ENSG00000208772	0.00476305942259769	3	0.381458607963869
ENSG00000208892	0.00233822657589045	1	0.367169676246727
ENSG00000211445	0.00809693862322014	3	0.385002980050452
ENSG00000211448	0.0345590661002156	3	0.444552275259986
ENSG00000211592	0.00412939467924367	1	0.3691960345056
ENSG00000211683	0.00444151875334309	3	0.357374572302571
ENSG00000211689	0.000448444463066688	2	0.348114152518853
ENSG00000211695	0.00147131066528949	3	0.359962155388915
ENSG00000211751	0.00574728646225553	3	0.375607884921781
ENSG00000211772	0.0463257658320716	3	0.484177638955479
ENSG00000211829	0.0247181410173299	3	0.40310064591155
ENSG00000211892	0.00297093521355662	1	0.356605993822786
ENSG00000211893	0.00436282746694938	1	0.3755049283181
ENSG00000211896	0.0080376910964175	1	0.385584175435638
ENSG00000212232	0.00605881640881301	1	0.384931706128959
ENSG00000212402	0.000559657005721248	1	0.348650553248846
ENSG00000212443	0.00322101380386119	3	0.361976874287938
ENSG00000212664	0.00649634763500828	3	0.385566122462352
ENSG00000212694	0.0240574096315199	1	0.437293782709007
ENSG00000212743	0.0114184217706083	2	0.400627316746768
ENSG00000212864	0.0637827038560707	1	0.417883209966969
ENSG00000212907	0.0410730910367951	1	0.47708173754806
ENSG00000213058	0.00794578540986246	3	0.39476719126247
ENSG00000213062	0.0466640367889454	3	0.488095096053718
ENSG00000213064	0.042184272444202	2	0.466119892671768
ENSG00000213088	0.0602014817471701	1	0.473884494162275
ENSG00000213186	0.149120810213876	2	0.573719083800883
ENSG00000213199	0.00665216602810359	1	0.384317227493636
ENSG00000213204	0.0126511230226763	3	0.412540212536494
ENSG00000213272	0.00385247245889453	3	0.368207084514488
ENSG00000213279	0.00137797019598196	1	0.357467917424017
ENSG00000213290	0.00244847855321584	3	0.367991048696432
ENSG00000213316	0.00142053137020848	2	0.359593542413743
ENSG00000213398	0.0113349741557417	1	0.372561932002454
ENSG00000213411	0.0339647615214107	1	0.463885952363345
ENSG00000213445	0.0511742745913105	2	0.418960201451339
ENSG00000213514	0.0025772597165532	3	0.369076972356311
ENSG00000213600	0.00229010656826401	1	0.365516461686633
ENSG00000213601	0.00347941570602883	3	0.374914873994464
ENSG00000213625	0.00472091575070754	2	0.369362748834751
ENSG00000213626	0.0461905921726738	3	0.486468192451198
ENSG00000213638	0.0216393880104453	1	0.395416983060019
ENSG00000213644	0.00500515275134494	3	0.383086131369974
ENSG00000213654	0.0289180050279424	2	0.425686808707592
ENSG00000213694	0.0619783015425641	1	0.476966181204358
ENSG00000213714	0.0117731484657676	3	0.406532626051683
ENSG00000213719	0.0505848130567129	2	0.426033640869825
ENSG00000213760	0.199990473473982	3	0.640432397580965
ENSG00000213853	0.0656755731235185	1	0.482613668970137
ENSG00000213877	0.00498003432867522	3	0.380358827549969
ENSG00000213881	0.0041957161625249	3	0.369914709288546
ENSG00000213937	0.0298514628778344	1	0.45574495257279
ENSG00000213949	0.0517285529801507	1	0.486652436550528
ENSG00000213973	0.00226766613963614	3	0.360949774919124
ENSG00000213983	0.0542067083758666	1	0.493971616224192
ENSG00000214041	0.00994841692604875	3	0.40143039862274
ENSG00000214043	0.048488702641031	3	0.470407539686535
ENSG00000214063	0.0469079599110027	1	0.481752463086002
ENSG00000214108	0.00976010804712923	1	0.391264729179075
ENSG00000214184	0.00111908599658617	3	0.355662442242584
ENSG00000214216	0.0584187923015872	3	0.426966063686167
ENSG00000214279	0.00092262837947743	2	0.352261135499733
ENSG00000214357	0.0125025745070203	1	0.384246002594918
ENSG00000214369	0.00903538675546056	3	0.400625190722455
ENSG00000214381	0.0370665556315772	3	0.470728596051341
ENSG00000214401	0.00313930947513263	3	0.367306094808869
ENSG00000214402	0.0238126773077274	1	0.424669249178209
ENSG00000214425	0.00965955997777934	3	0.37860957471326
ENSG00000214456	0.0720737459679436	1	0.52694116000768
ENSG00000214552	0.0394368518944227	1	0.400700220620345
ENSG00000214652	0.00751742624340224	3	0.371311773217979
ENSG00000214688	0.0415272747479933	2	0.421768267307813
ENSG00000214725	0.015047870083065	3	0.419249627590044
ENSG00000214776	0.00547247871500989	2	0.366152790395017
ENSG00000214814	0.0271282902527583	1	0.425274813248154
ENSG00000214870	0.0183016635985546	3	0.408870292587018
ENSG00000214888	0.0102598989200079	3	0.387833660730814
ENSG00000214890	0.00573135024740745	3	0.384505484611888
ENSG00000214900	0.0211859592616761	1	0.436112285035042
ENSG00000214914	0.0019133385743495	1	0.351908409968321
ENSG00000214919	0.00168911415899498	3	0.362132241452071
ENSG00000215030	0.00121483761796259	1	0.356717970125545
ENSG00000215045	0.0103287231956147	3	0.37044573144819
ENSG00000215068	0.0163857047088138	2	0.41250537453265
ENSG00000215117	0.00180086416504954	3	0.363182455288248
ENSG00000215126	0.0313238105674353	3	0.454142884699623
ENSG00000215146	0.0203174083248433	3	0.428591682572609
ENSG00000215165	0.00850166941952157	3	0.376725523496235
ENSG00000215186	0.00221413696279671	3	0.360893009827641
ENSG00000215241	0.0141415196953499	1	0.398884049668953
ENSG00000215244	0.0155060446922123	2	0.421650644873854
ENSG00000215252	0.0232814872463842	3	0.412181088330338
ENSG00000215311	0.00683768697249398	3	0.377690681530373
ENSG00000215349	0.00588218168428012	3	0.383897443980919
ENSG00000215372	0.0115027261036457	3	0.373116826180699
ENSG00000215397	0.0312220364307672	3	0.415242026515256
ENSG00000215458	0.00663560918538786	1	0.388491551863111
ENSG00000215512	0.0113091529366859	3	0.408755995739513
ENSG00000215529	0.0020965938135733	3	0.365035122211932
ENSG00000215559	0.0452819672246099	1	0.479511909281419
ENSG00000215630	0.022499479828878	2	0.432906049313811
ENSG00000215788	0.0926411245877654	1	0.522504205995432
ENSG00000215790	0.0167227989899226	3	0.379476268143188
ENSG00000215835	0.0084534007996484	3	0.397999904874165
ENSG00000215908	0.0160156457178073	1	0.423442586544465
ENSG00000215912	0.0315533983928276	1	0.458370075889659
ENSG00000216490	0.0075605981978365	2	0.394085626864294
ENSG00000216642	0.00313132625374057	3	0.372272394445025
ENSG00000217325	0.0054010776564487	3	0.380440916306396
ENSG00000217334	0.00604033630834178	3	0.384319765811113
ENSG00000217455	0.00828867083917728	3	0.397850919699344
ENSG00000217929	0.00603354939736434	1	0.386708987850519
ENSG00000217930	0.00629023652220795	3	0.362091064207039
ENSG00000218016	0.00462721317238313	1	0.375117240721156
ENSG00000218020	0.0099402303571573	3	0.402765021141966
ENSG00000218350	0.0105877283081733	2	0.389001384351883
ENSG00000218672	0.0183495896008338	2	0.418742405405156
ENSG00000218772	0.0188941712197912	2	0.39432952718133
ENSG00000218819	0.00217304735161894	3	0.366131910838476
ENSG00000219027	0.00226641230286873	3	0.366555979919609
ENSG00000219159	0.00583342625633443	3	0.387353922373359
ENSG00000219302	0.00179860687556832	3	0.363176971814388
ENSG00000219409	5.18318644582294e-06	1	0.334642663778225
ENSG00000219435	0.00696930879335567	3	0.391779101145806
ENSG00000219481	0.0192115796223015	2	0.419131953359117
ENSG00000219607	0.0113696515759337	1	0.402370644407032
ENSG00000220575	0.103653812443754	3	0.566476125485624
ENSG00000221817	0.00749405458556307	2	0.393880381098891
ENSG00000221869	0.104902449962494	1	0.527122044893407
ENSG00000221887	0.04897886515712	2	0.46403001249392
ENSG00000221963	0.0332496083394821	2	0.42107291017297
ENSG00000221995	0.0137304944342878	2	0.381644355720248
ENSG00000222000	0.000901354603964233	2	0.349295079269768
ENSG00000222489	0.00660363371170714	1	0.390402977172498
ENSG00000222898	0.00272319943704713	3	0.370006571053787
ENSG00000223269	0.0099469073763081	3	0.401469720762644
ENSG00000223356	0.00922389576702021	1	0.385439459248643
ENSG00000223387	0.003050651457422	3	0.368683150449504
ENSG00000223389	0.00358328146316078	3	0.367040209865659
ENSG00000223403	0.0238146333467105	3	0.395923736630335
ENSG00000223518	0.00418575557178325	3	0.378859873700144
ENSG00000223536	0.0235224901255369	3	0.43504740618788
ENSG00000223602	0.00773734454783059	3	0.395425271478312
ENSG00000223665	0.01069144778668	3	0.404322296258296
ENSG00000223669	0.0212734522916741	3	0.427295268714645
ENSG00000223675	0.002038249579703	3	0.363879795380076
ENSG00000223711	0.01238712553851	3	0.411871287883227
ENSG00000223735	0.00457615219810881	3	0.381041794085635
ENSG00000223764	0.0113505051536789	2	0.402741596657549
ENSG00000223768	0.0196909426467193	1	0.383642284666666
ENSG00000223799	6.14865102714912e-05	3	0.33868042835289
ENSG00000223812	0.102905159869295	3	0.559094085431105
ENSG00000223825	0.00356611185419276	3	0.373651363622354
ENSG00000223834	0.00161444926363852	3	0.360597199412888
ENSG00000223839	0.0307299845815039	1	0.430085629961805
ENSG00000223855	0.0253831876495374	1	0.446849657854691
ENSG00000223865	0.0221738522255983	2	0.437208169420375
ENSG00000223910	0.0185142954832829	3	0.424114654555626
ENSG00000223921	0.00718520025204095	3	0.390532902445527
ENSG00000223930	0.0811307502349534	3	0.534536283486228
ENSG00000223969	0.00445288310474445	3	0.380412077470289
ENSG00000224020	0.00684469478730565	3	0.378337005004272
ENSG00000224067	0.0029942670303017	1	0.369684944908526
ENSG00000224081	0.0154588148851063	1	0.407841717415277
ENSG00000224116	0.0628206084172891	3	0.512287961775186
ENSG00000224177	0.010927935770349	3	0.407558481109552
ENSG00000224183	0.00350871357039662	3	0.373899094053932
ENSG00000224185	0.0319257730977185	1	0.454606377580552
ENSG00000224189	0.187464390146999	2	0.635714968262427
ENSG00000224222	0.016122055365697	3	0.384937670363208
ENSG00000224223	0.0870071710396914	3	0.533211008805616
ENSG00000224227	0.00419852396858755	3	0.374922966087095
ENSG00000224271	0.0869651548703028	1	0.442400368846681
ENSG00000224272	0.00214103653316078	3	0.365348520676866
ENSG00000224273	0.0137996801241883	3	0.413121722424047
ENSG00000224389	0.072678230806552	2	0.517631523258748
ENSG00000224397	0.00492456015336507	2	0.370917643922676
ENSG00000224404	0.0580293126743963	3	0.505327122816023
ENSG00000224521	0.0190103334853365	3	0.430281899961471
ENSG00000224525	0.00142052261502279	3	0.358423679487265
ENSG00000224557	0.016221321938734	3	0.411176032322938
ENSG00000224568	0.0155171112069917	3	0.420115504286656
ENSG00000224569	0.00223850888681676	3	0.361693674961986
ENSG00000224635	0.00749160291959894	1	0.383838583991262
ENSG00000224717	0.012387110660011	3	0.408378361380953
ENSG00000224769	0.0568977223712256	1	0.505110956945877
ENSG00000224792	0.00562118562685843	3	0.384614643637534
ENSG00000224795	0.0359414706685707	2	0.463198470158508
ENSG00000224812	0.0111674072140913	3	0.39587623016872
ENSG00000224825	0.0359267010965196	3	0.441771067257366
ENSG00000224830	0.00794391632898117	3	0.39507782647403
ENSG00000224858	0.00513573296350756	3	0.382547360791966
ENSG00000224861	0.00174159616037983	3	0.34807333761953
ENSG00000224888	0.0257400657693012	1	0.425738769028229
ENSG00000224903	0.00248372022908361	3	0.368016121367252
ENSG00000224924	0.0668795759058766	2	0.506991427287166
ENSG00000224950	0.00825052843268681	1	0.392694944544398
ENSG00000224976	0.00365868307894457	3	0.375363567710893
ENSG00000224982	0.0614444322317279	3	0.478500484919406
ENSG00000224992	0.00309291790244159	3	0.368741235038042
ENSG00000225106	0.0167753866712066	3	0.401384269054624
ENSG00000225111	0.00667313134798708	3	0.390955741833994
ENSG00000225138	0.0140008282159109	1	0.41257092284488
ENSG00000225140	0.0408480465023449	2	0.477858960711166
ENSG00000225154	0.00764346391166526	3	0.392565649642496
ENSG00000225178	0.00168494733193947	2	0.349067024270856
ENSG00000225190	0.0199268312548313	1	0.426785198759308
ENSG00000225192	0.00826978342003748	3	0.395496753805402
ENSG00000225206	0.0419489490997464	3	0.432014762269433
ENSG00000225213	0.00648252221003187	3	0.389608003550827
ENSG00000225217	0.0524327208454525	2	0.436113987797902
ENSG00000225231	0.00261941004394439	3	0.367582642637823
ENSG00000225246	0.00247111971984482	3	0.368351604785221
ENSG00000225313	0.00696428760781798	1	0.387962804210371
ENSG00000225345	0.0379782558020384	2	0.465431006413233
ENSG00000225358	0.00147221089073823	2	0.357337279741572
ENSG00000225399	0.0101636285622972	1	0.404798961143325
ENSG00000225411	0.00232253511599945	3	0.36575541324064
ENSG00000225422	0.00146665859986006	1	0.351835679106875
ENSG00000225449	0.0582258302679661	2	0.439034456865389
ENSG00000225451	0.00774579301456912	3	0.389837374282955
ENSG00000225479	0.0119812738923954	3	0.404609464083306
ENSG00000225498	0.0133197143068691	3	0.408824915650634
ENSG00000225506	0.0151652798877118	3	0.420719602731195
ENSG00000225511	0.00286124830609447	3	0.365912199046014
ENSG00000225513	0.0076351687091224	3	0.388739758508246
ENSG00000225539	0.0298654229163786	3	0.456851101181562
ENSG00000225544	0.00604820476060108	3	0.379689707434871
ENSG00000225549	0.00987090558924497	3	0.403698768426932
ENSG00000225555	0.00753064205045428	3	0.392675593194572
ENSG00000225614	0.0819969799458726	1	0.540306269232586
ENSG00000225630	0.0715385901960306	1	0.523995702706742
ENSG00000225674	0.00744085300246766	3	0.378023617450832
ENSG00000225683	0.0320165822264137	2	0.461352174787451
ENSG00000225725	0.00552147254248803	3	0.371287182180508
ENSG00000225774	0.00174580663498836	1	0.362413706010866
ENSG00000225867	0.00804339892823347	2	0.388095757401316
ENSG00000225873	0.000775033947841619	1	0.345002208164479
ENSG00000225900	0.0056675851627237	3	0.378734481270449
ENSG00000225937	0.00257761667263545	3	0.361519788164669
ENSG00000225978	0.0418911143000044	3	0.469405268455732
ENSG00000226009	0.00755158651991172	1	0.380156905146935
ENSG00000226038	0.0153851697606425	3	0.421112740118772
ENSG00000226045	0.00271600939051941	3	0.369398872156281
ENSG00000226049	0.0342033990213143	1	0.422644215575499
ENSG00000226051	0.00448158645033658	3	0.378610462844305
ENSG00000226083	0.00387566547157092	3	0.373514391901859
ENSG00000226200	0.0236121936158546	3	0.398652601554824
ENSG00000226210	0.000651445903060544	3	0.350780922305314
ENSG00000226216	0.00501915545263631	1	0.371802602933431
ENSG00000226240	0.00368742816100909	3	0.372834590182659
ENSG00000226259	0.00458891634214353	3	0.359702880412133
ENSG00000226261	0.0044002930614303	3	0.371753057073521
ENSG00000226380	0.0277525693979744	1	0.430509572018753
ENSG00000226383	0.00514511853239497	3	0.382679111725683
ENSG00000226405	0.0163013438884496	3	0.39091425962159
ENSG00000226409	0.000289487203697703	3	0.343314495183145
ENSG00000226431	0.00378359250604721	3	0.36215618131896
ENSG00000226435	0.0452969461169301	3	0.48413915242149
ENSG00000226496	0.0548452384431096	2	0.492845982294547
ENSG00000226501	0.00169529354900877	3	0.355809711485297
ENSG00000226507	0.00874626116329913	3	0.399632666595943
ENSG00000226562	0.0380427811968084	1	0.413492837981345
ENSG00000226571	0.0102133985811121	3	0.404637925138231
ENSG00000226581	0.00382144196897161	3	0.374603749679905
ENSG00000226620	0.0391740094463341	3	0.468239397386083
ENSG00000226627	0.0298027415421914	1	0.402099085419583
ENSG00000226680	0.0106900229703123	3	0.40471094599958
ENSG00000226686	0.0251325000741879	3	0.391270106417521
ENSG00000226752	0.00699098148345012	3	0.373922189684995
ENSG00000226765	0.00362283079434456	3	0.374603938367781
ENSG00000226769	0.0017260860374344	1	0.358525614511127
ENSG00000226773	0.0068911858755355	3	0.392056121342903
ENSG00000226783	0.00425504069893867	3	0.378451022206558
ENSG00000226822	0.00363636182567861	3	0.373958943565911
ENSG00000226824	0.000678901438913138	3	0.344523516808827
ENSG00000226864	0.00679164820663825	1	0.379706070477602
ENSG00000226875	0.00403289608258661	1	0.378162207882472
ENSG00000226887	0.0275164455948117	3	0.42859223478882
ENSG00000226891	0.0053368356194049	3	0.380154604655748
ENSG00000226928	0.00512391700373016	3	0.371567014811218
ENSG00000226937	0.00780273970509016	3	0.394313363068404
ENSG00000226942	0.00209420568704755	3	0.352572037375594
ENSG00000226953	0.0116989171759619	3	0.397517745699576
ENSG00000226964	0.00677655613224781	3	0.387228236646274
ENSG00000226994	0.0597461966523225	2	0.466607326747029
ENSG00000227021	0.00949232704107394	3	0.390929052695366
ENSG00000227066	0.00184937487309522	2	0.362367196808589
ENSG00000227115	0.0784795233992491	2	0.515259343541976
ENSG00000227189	0.0287760194286462	1	0.449013815816939
ENSG00000227191	0.00412128587838645	1	0.375789887061621
ENSG00000227192	0.00823135226494454	3	0.394422878811383
ENSG00000227203	0.00354032035855822	3	0.372585432307102
ENSG00000227214	0.00208395138830686	3	0.363063311078976
ENSG00000227359	6.4646304384075e-05	3	0.338064094474236
ENSG00000227392	0.0457845804179233	2	0.48687931301466
ENSG00000227500	0.0136418956927731	2	0.395553629487694
ENSG00000227502	0.032808860758356	2	0.405491039207694
ENSG00000227510	0.000696656025240272	3	0.348270836637775
ENSG00000227544	0.127380144213617	2	0.520424705274606
ENSG00000227582	0.0205576024602868	3	0.415428207785124
ENSG00000227617	0.00862394643344278	3	0.399132810338113
ENSG00000227619	0.00922751913973574	1	0.386490945904876
ENSG00000227678	0.0067687981327117	3	0.389489523858857
ENSG00000227733	0.00263500617405388	3	0.35713518336175
ENSG00000227764	0.00576998316100386	1	0.383804537390287
ENSG00000227773	0.00237967977699372	3	0.361570504411889
ENSG00000227775	0.00993423947086691	1	0.400069953417451
ENSG00000227785	0.00274684652589308	3	0.361441850739857
ENSG00000227815	0.00603292403061984	3	0.372773793445798
ENSG00000227827	0.00954638839760391	3	0.401451906771744
ENSG00000227835	0.042004903375653	3	0.463225292280891
ENSG00000227877	0.0106628718358664	3	0.406540959909335
ENSG00000227888	0.0236293366132002	1	0.38735809240312
ENSG00000228049	0.0122690029590751	1	0.411489813953387
ENSG00000228058	0.0122743782735243	2	0.410823597641802
ENSG00000228065	0.00579563282308437	2	0.387059935970776
ENSG00000228121	0.00295014552871975	3	0.366624980747148
ENSG00000228133	0.0272748308477108	3	0.397558091521634
ENSG00000228198	0.0246874143287845	3	0.440987095459736
ENSG00000228225	0.0173540647004399	3	0.414270810947437
ENSG00000228253	0.0552308405408735	1	0.49945542442139
ENSG00000228262	0.0113337091921604	3	0.40894153367182
ENSG00000228307	0.0127192053181021	3	0.410166610267171
ENSG00000228314	0.0184789753627537	1	0.406177807179868
ENSG00000228327	0.0100897967174972	1	0.402302166097119
ENSG00000228339	0.0140269564744161	3	0.392555642609072
ENSG00000228340	0.00154655833868222	3	0.347181363427974
ENSG00000228358	0.0762601424067659	3	0.528957222614862
ENSG00000228382	0.0155604420238916	1	0.380906737964723
ENSG00000228392	0.0607449810793648	2	0.490424404060969
ENSG00000228408	0.063896906787869	2	0.466299791094116
ENSG00000228463	0.0165796894304802	3	0.424970175776977
ENSG00000228510	0.00837572997849212	2	0.396116161243248
ENSG00000228526	0.0208716974912907	1	0.415760306643769
ENSG00000228540	0.00341727270253045	3	0.374461651178514
ENSG00000228570	0.00454302920784133	3	0.380620872097243
ENSG00000228592	0.00210673863488631	3	0.363665248335268
ENSG00000228643	0.00293552578888789	1	0.35933693269593
ENSG00000228696	0.00698784351328907	2	0.370721359058848
ENSG00000228716	0.00176911113745226	3	0.357182594366217
ENSG00000228725	0.00839897240871379	3	0.388630038065437
ENSG00000228766	0.00841577954563177	3	0.397812214742247
ENSG00000228789	0.0281125946874409	2	0.440548152944411
ENSG00000228793	0.092619439727358	2	0.553520733097055
ENSG00000228839	0.00224627691274104	3	0.362268021097239
ENSG00000228877	0.01073250604634	3	0.401904587489419
ENSG00000228937	0.00558362246925792	3	0.380157707217103
ENSG00000228950	0.00616196933290336	2	0.36853174460243
ENSG00000228971	0.0898386788492681	3	0.545805023621726
ENSG00000228999	0.0728950187253438	3	0.528265403507065
ENSG00000229001	0.00245266021582935	3	0.367451231836183
ENSG00000229107	0.00712647478278339	3	0.391312145654032
ENSG00000229140	0.00200378532742396	3	0.363717276416307
ENSG00000229156	0.00787386687812841	3	0.368723045337522
ENSG00000229180	0.0428137244452618	1	0.479775674992359
ENSG00000229246	0.00950254982665577	3	0.402080058576614
ENSG00000229255	0.0203772255525961	3	0.433679750701499
ENSG00000229348	0.00179340600921274	3	0.359480189450053
ENSG00000229349	0.00426206556212239	3	0.378467138684313
ENSG00000229425	0.185114148326996	3	0.620423916969706
ENSG00000229536	0.00789838572245438	3	0.386337498709366
ENSG00000229543	0.00484559519957728	1	0.376489390856663
ENSG00000229591	0.00314999607077671	3	0.372089771043697
ENSG00000229618	0.0836811317069535	3	0.50569477382333
ENSG00000229656	0.00260338689015249	3	0.357274854303956
ENSG00000229657	0.0186926479215455	1	0.423043195611013
ENSG00000229668	0.00363989592071767	3	0.368007913528911
ENSG00000229671	0.00934250219189503	3	0.377365248369658
ENSG00000229677	0.000249330105464129	1	0.344319140354892
ENSG00000229704	0.000498600082375456	3	0.347869189202801
ENSG00000229727	0.0211095638842275	3	0.430570244157994
ENSG00000229847	0.0477161620666913	1	0.489600822380949
ENSG00000229855	0.0185245402139009	3	0.430231625376351
ENSG00000229859	0.0124708901419166	3	0.408026925223335
ENSG00000229865	0.00247073280397181	3	0.365748461138896
ENSG00000229873	0.0037518465755616	3	0.373491870907863
ENSG00000229893	0.00659046027496835	3	0.387736754075473
ENSG00000229921	0.000104837724577589	1	0.337837327004232
ENSG00000229989	0.0227480066616296	2	0.424700101955255
ENSG00000230062	0.0146889547179352	3	0.4189264910253
ENSG00000230086	0.00558321254667216	3	0.373414957595928
ENSG00000230133	0.0540841274463155	3	0.480954632580439
ENSG00000230156	0.0152746759040849	3	0.416689227335476
ENSG00000230267	0.00979450633487855	1	0.379679595392803
ENSG00000230274	0.00701086168410014	2	0.365455998582907
ENSG00000230313	0.00728398650988815	3	0.38523745131531
ENSG00000230337	0.010558246346276	3	0.405817209647456
ENSG00000230371	0.00400875611826002	3	0.377994162893734
ENSG00000230383	0.00694833713181808	3	0.392343060120357
ENSG00000230397	0.00470020717508302	3	0.379813659440371
ENSG00000230426	0.0085918286859531	3	0.397240782875011
ENSG00000230438	0.00603630623961127	3	0.373975050624104
ENSG00000230449	0.0022802880131777	3	0.352126324814245
ENSG00000230453	0.0981662155544062	1	0.480439162957754
ENSG00000230484	0.00211983191048903	3	0.363985397656609
ENSG00000230490	0.00693019987394317	2	0.379208045920289
ENSG00000230534	0.00305534728030332	3	0.355847834548286
ENSG00000230563	0.00944715950685415	3	0.402270910269205
ENSG00000230565	0.0112715422996658	3	0.399588188841608
ENSG00000230580	0.00661158337201861	3	0.363117110406431
ENSG00000230606	0.107853331371614	1	0.531545937604608
ENSG00000230650	0.00605500756095589	3	0.36671941442478
ENSG00000230716	0.00221631638442044	3	0.350188640477003
ENSG00000230795	0.00132193997489227	1	0.355847174844603
ENSG00000230809	0.00594180687081425	3	0.385404884392169
ENSG00000230825	0.0111455808864565	1	0.40068830610334
ENSG00000230828	0.00699890621162003	3	0.387377975892098
ENSG00000230847	0.0128990192536197	2	0.401759902632409
ENSG00000230876	0.0348933043958805	2	0.442952749423409
ENSG00000230945	0.0102485891320896	3	0.403165773231684
ENSG00000230948	0.00485050921962915	3	0.380578218567873
ENSG00000230965	0.0164101654365811	1	0.409089809492464
ENSG00000231023	0.0290313846873872	3	0.430945498366034
ENSG00000231063	0.00985720077851471	3	0.377885057976853
ENSG00000231106	0.0090256978952189	3	0.379617906206667
ENSG00000231107	0.00569629610223477	3	0.386516438780521
ENSG00000231119	0.00453191831261612	1	0.380547835760363
ENSG00000231131	0.00608572645237737	2	0.374023317863558
ENSG00000231187	0.0334747220987549	3	0.431107699640739
ENSG00000231345	0.00773670221312839	3	0.370918235323049
ENSG00000231355	0.00439748578336285	3	0.367492990216927
ENSG00000231389	0.067378318962699	2	0.510692360092033
ENSG00000231404	0.0109341467068799	1	0.393771045561995
ENSG00000231407	0.00447867806258095	3	0.377244516093913
ENSG00000231427	0.0503624107743905	2	0.489197192123335
ENSG00000231460	0.0119976156670657	3	0.411157091918821
ENSG00000231515	0.0155234661088862	1	0.386441154868538
ENSG00000231527	0.0146964290039728	3	0.400174062826887
ENSG00000231561	0.00418361586222926	3	0.363916151479626
ENSG00000231613	0.00435324822198635	3	0.379707423618184
ENSG00000231689	0.0214814811147471	3	0.437919003236275
ENSG00000231711	0.00737181009309973	2	0.392587006706322
ENSG00000231764	0.0932134026058207	3	0.550409179167526
ENSG00000231768	0.00697770969366607	1	0.372879905738475
ENSG00000231806	0.013660928274521	3	0.414408918333025
ENSG00000231824	0.0562243801902109	3	0.501261968461231
ENSG00000231971	0.0102759873565519	2	0.386303170971905
ENSG00000232022	0.00755685344891421	1	0.38767441025896
ENSG00000232044	0.0690087645426769	2	0.509978879022325
ENSG00000232057	0.0243679509341167	1	0.426683576973113
ENSG00000232104	0.0169333267999029	2	0.410524056734314
ENSG00000232112	0.0411660483436892	3	0.45046674844119
ENSG00000232194	0.00732936170496201	3	0.390879983073729
ENSG00000232215	0.00634906315007211	3	0.37988428794025
ENSG00000232310	0.0699415702023929	2	0.518374847174746
ENSG00000232381	0.00559540425563576	3	0.386180939247616
ENSG00000232386	0.00810645637214358	2	0.380034967128211
ENSG00000232434	0.0908054987031652	1	0.531399207310905
ENSG00000232474	0.022274185447954	2	0.41531696464529
ENSG00000232480	0.00867209610066	3	0.395459055606251
ENSG00000232504	0.0495699092807966	2	0.477144172940356
ENSG00000232514	0.00846782139800062	3	0.397981629423735
ENSG00000232536	0.00503608002079792	3	0.381047951226182
ENSG00000232554	0.0113350266550941	3	0.408867937809737
ENSG00000232560	0.0333764480269674	2	0.441759230291746
ENSG00000232629	0.00435380241190719	3	0.376130413783292
ENSG00000232774	0.00155776710840982	1	0.360430742708593
ENSG00000232788	0.00139922834670481	3	0.35109800713028
ENSG00000232803	0.00670993995340852	2	0.378180988608531
ENSG00000232810	0.00240396371525609	3	0.363837146084341
ENSG00000232829	0.00622006645732653	3	0.377725729507306
ENSG00000232855	0.00879500972926894	2	0.386840783704662
ENSG00000232859	0.0508318654432659	3	0.49206914225237
ENSG00000232884	0.00425161007556674	2	0.364063006297364
ENSG00000232903	0.0385590795181378	3	0.473834972421801
ENSG00000232973	0.0571844150551859	3	0.420275156618596
ENSG00000233008	0.0168132627515013	3	0.400537392191268
ENSG00000233024	0.0110658543391302	1	0.40381472803141
ENSG00000233098	0.0323693468940982	3	0.455361033784158
ENSG00000233110	0.00595245951602941	3	0.380834708616336
ENSG00000233117	0.00738927257730115	1	0.386762097343302
ENSG00000233123	0.143480676082816	3	0.604756179974009
ENSG00000233232	0.00167570307612908	3	0.352049809404622
ENSG00000233290	0.0637109004044848	3	0.5086505261291
ENSG00000233297	0.00101909245120368	3	0.355313138097693
ENSG00000233324	0.00719748932137831	3	0.393390297628647
ENSG00000233327	0.00307555796266512	3	0.353760564904732
ENSG00000233334	0.00833707417725504	2	0.373145472597412
ENSG00000233343	0.000487191359118455	1	0.345691358829171
ENSG00000233355	0.0157604951519583	3	0.42181053744899
ENSG00000233380	0.0134163476814251	3	0.407395779707985
ENSG00000233393	0.0250413025038141	2	0.444938167627424
ENSG00000233410	0.0206938440611816	2	0.411120855996258
ENSG00000233532	0.0587045168223649	3	0.502122291392372
ENSG00000233588	0.00527488723335812	3	0.383007709371631
ENSG00000233623	0.000437008839521691	3	0.344051659660991
ENSG00000233646	0.00325515166125145	3	0.366938901067791
ENSG00000233670	0.0665042433328615	2	0.516610865857288
ENSG00000233672	0.00383819632657811	3	0.374411460284176
ENSG00000233695	0.0249820957011253	2	0.399078211244259
ENSG00000233705	0.125231750824862	3	0.589486544017791
ENSG00000233719	0.00527071773605992	3	0.372940226141591
ENSG00000233750	0.00732559353175488	3	0.372710480459811
ENSG00000233756	0.0175946170441649	1	0.412559442926639
ENSG00000233760	0.00827007342803898	3	0.396188675601994
ENSG00000233818	0.00377356277492535	1	0.367151191972198
ENSG00000233828	0.0256677294676172	3	0.422459044455715
ENSG00000233896	0.0046956236686394	3	0.379610652403315
ENSG00000233913	0.0189807755000712	3	0.407179290025915
ENSG00000233930	0.0319987972799406	3	0.416562339935747
ENSG00000234210	0.00331967291904955	3	0.367547112400694
ENSG00000234215	0.00885897831361315	3	0.366989539711152
ENSG00000234257	0.00726068169237737	3	0.391051320612652
ENSG00000234336	0.0605408548703565	3	0.503073310405231
ENSG00000234373	0.0452471789242498	1	0.433986806846623
ENSG00000234377	0.00486665689101573	3	0.372828751866723
ENSG00000234380	0.00122977139662417	2	0.352650798020172
ENSG00000234409	0.0030366740132538	3	0.371639530962107
ENSG00000234423	0.0431679790405988	3	0.429664461945384
ENSG00000234473	0.0128169259157144	3	0.409588376209994
ENSG00000234546	2.74731528544514e-05	3	0.336997796637047
ENSG00000234571	0.00493803409794813	2	0.367798401373861
ENSG00000234585	0.00550904423807075	3	0.37157257376614
ENSG00000234602	0.0121737707117918	3	0.411456753627227
ENSG00000234665	0.00616398754546699	2	0.365883382142908
ENSG00000234690	0.0222998650606135	2	0.439438057518413
ENSG00000234699	0.00406309425338636	3	0.377411941697368
ENSG00000234719	0.0058455816410804	1	0.385993994216044
ENSG00000234745	0.0358924525711044	2	0.418295361998157
ENSG00000234771	0.0500781146055845	1	0.492285743670992
ENSG00000234810	0.007492018909531	2	0.393355859824115
ENSG00000234832	0.00179638946521488	3	0.362638898398909
ENSG00000234913	0.0220858916885581	1	0.438627075602749
ENSG00000234928	0.000864603576843037	3	0.353867157369408
ENSG00000234929	0.0287068607129681	3	0.428275623163753
ENSG00000235033	0.00104527857401682	1	0.346612933081125
ENSG00000235049	0.023766362524487	2	0.442870182407097
ENSG00000235076	0.000929708130720575	3	0.353469980785907
ENSG00000235084	0.005582708449687	3	0.377702296869698
ENSG00000235092	0.00601057045063214	2	0.388036209183515
ENSG00000235098	0.0132597016864059	2	0.414199183033315
ENSG00000235109	0.00372398853404521	3	0.364034761888851
ENSG00000235111	0.00670877112004886	1	0.38848651197447
ENSG00000235121	0.000242056101930399	1	0.34344239366454
ENSG00000235128	0.000208529326209406	2	0.340154973778734
ENSG00000235151	0.000557725850765967	3	0.349897046424047
ENSG00000235158	0.00429035864585414	3	0.37949289136356
ENSG00000235180	0.0391214366136005	2	0.47289151637637
ENSG00000235281	0.0179913729092019	3	0.425514608591533
ENSG00000235310	0.0270786030005846	3	0.432060849231999
ENSG00000235330	0.00179850226982692	3	0.350836755552089
ENSG00000235358	0.00184616555687078	3	0.360614746704729
ENSG00000235366	0.00644559254286525	3	0.383127006813289
ENSG00000235370	0.0295674016540622	1	0.434987716990328
ENSG00000235387	0.0209915450157849	1	0.434928403636011
ENSG00000235390	0.000413274322057067	2	0.347482438869346
ENSG00000235397	0.00377191624213136	2	0.374393877846156
ENSG00000235448	0.0272991878063729	2	0.421421215046749
ENSG00000235489	0.016845341338667	3	0.425381102795397
ENSG00000235568	0.0311111496848283	2	0.432080362120708
ENSG00000235571	0.0090999126977146	3	0.383084852000204
ENSG00000235574	0.00265882903469217	3	0.362358144979033
ENSG00000235613	0.00904276468115817	1	0.399090663739314
ENSG00000235615	0.00812864755964327	3	0.393620995090484
ENSG00000235641	0.00308346192098174	1	0.371665035191845
ENSG00000235711	0.0995718229104774	3	0.561397448332288
ENSG00000235750	0.03059997466273	1	0.40489229765104
ENSG00000235808	0.000896217926466325	3	0.35334283366986
ENSG00000235823	0.0510619922772123	2	0.482649860918421
ENSG00000235833	0.0136561730400945	3	0.414492987519733
ENSG00000235864	0.00728578134479974	3	0.393151786140884
ENSG00000235865	0.0168708361646321	2	0.425658678501428
ENSG00000235888	0.0509236836930002	1	0.478597285209361
ENSG00000235890	0.00151264453643907	1	0.354707940772794
ENSG00000235903	0.0451002912418609	2	0.485827454961973
ENSG00000235933	0.0138841431415204	3	0.4168610274246
ENSG00000235974	0.00479694026010458	1	0.378830901065672
ENSG00000235994	0.00132503865466482	3	0.349984229011484
ENSG00000235997	0.0108023738527334	3	0.406267781024333
ENSG00000236008	0.00317635501371938	1	0.356142715178853
ENSG00000236078	0.00144246022173777	2	0.355454813893613
ENSG00000236106	0.00735884384669283	2	0.364696704493156
ENSG00000236159	0.00518016053126802	3	0.38355339706982
ENSG00000236209	0.00910062863526706	3	0.38239053341856
ENSG00000236279	0.062215360577703	3	0.508668315649984
ENSG00000236333	0.0569483269000634	3	0.482052243164699
ENSG00000236349	0.0084473492415067	3	0.381872929521013
ENSG00000236352	0.00084385625128347	3	0.353726573687672
ENSG00000236366	0.0198406406239932	3	0.429449634175331
ENSG00000236377	0.0157159995919124	3	0.420806451146749
ENSG00000236397	0.00365888530934	1	0.363583750531817
ENSG00000236451	0.0388672822013189	3	0.469458216912692
ENSG00000236493	0.000963637960379571	3	0.355080675355926
ENSG00000236496	0.00988331336292148	3	0.389234103797382
ENSG00000236523	0.00319037293097002	3	0.373162881889911
ENSG00000236610	0.00583827280772709	3	0.383229135265924
ENSG00000236700	0.0476388280284772	2	0.48034870587141
ENSG00000236710	0.00682803181458669	3	0.367702407522534
ENSG00000236714	0.0747696496142287	3	0.517600729649176
ENSG00000236760	0.0380317327329358	1	0.449334882689119
ENSG00000236790	0.00637223710035328	1	0.389562849950541
ENSG00000236816	0.0192666728928033	3	0.389597447427785
ENSG00000236824	0.000974969354586963	1	0.346454198998582
ENSG00000236834	0.00560385692007503	3	0.382277952565453
ENSG00000236869	0.00503180603010767	3	0.379790685618732
ENSG00000236905	0.00216164566298482	3	0.361555561247587
ENSG00000236908	0.0143571625460621	1	0.392232735111215
ENSG00000237054	0.00379376368467887	3	0.366486489494707
ENSG00000237125	0.00502127078529657	3	0.364041280032936
ENSG00000237166	0.0827890410704958	2	0.526711538117284
ENSG00000237238	0.00784298470843703	3	0.376354852041679
ENSG00000237250	0.0212136212732247	3	0.429992181849217
ENSG00000237268	0.0182230588472886	1	0.393408816662929
ENSG00000237289	0.126855977203503	3	0.580667437387171
ENSG00000237296	0.0042017490758095	1	0.37806277708021
ENSG00000237390	0.00441880759152746	3	0.368575496948867
ENSG00000237412	0.0246746237122675	3	0.44556507215171
ENSG00000237422	0.00126121105996069	1	0.354316186624485
ENSG00000237424	0.0175351725544125	1	0.425205523805328
ENSG00000237492	0.00599060231540516	3	0.374766914698223
ENSG00000237505	0.0307753733168623	3	0.45819635506575
ENSG00000237510	0.00502699364512427	3	0.383439966862317
ENSG00000237529	0.00190972423553193	3	0.353017134128998
ENSG00000237541	0.00886627692491215	2	0.376331660878501
ENSG00000237550	0.028821217231806	3	0.417968352974107
ENSG00000237574	0.00389274888648061	3	0.369042274086864
ENSG00000237595	0.00465078709036637	3	0.37832374430746
ENSG00000237604	0.00264125448785313	3	0.359169750927122
ENSG00000237606	0.00101885534975155	3	0.347576658875842
ENSG00000237636	0.0131617400449663	1	0.385481536903464
ENSG00000237640	0.00978389963120629	3	0.403401791912193
ENSG00000237667	0.024090000223701	3	0.420264834941293
ENSG00000237693	0.00092251167880919	3	0.348328937592426
ENSG00000237807	0.00300231317063449	2	0.35654494096169
ENSG00000237870	0.00403285256088937	3	0.355699221811086
ENSG00000237880	0.0298004528655773	3	0.445114513437064
ENSG00000237943	0.0797947653067925	2	0.481491004162455
ENSG00000237949	0.0889605379834097	2	0.531015330256476
ENSG00000237973	0.0525179823667153	1	0.490140833424537
ENSG00000237975	0.0117643037553912	3	0.407454230231503
ENSG00000238083	0.0186498838605234	1	0.430580735634002
ENSG00000238132	0.00105229835923981	3	0.35503751455777
ENSG00000238217	0.0664404733650842	2	0.488970399836787
ENSG00000238266	0.0164465443776596	2	0.416343899483243
ENSG00000238273	0.00376935784961763	3	0.36701290758163
ENSG00000239205	0.017560384828789	3	0.426445763756494
ENSG00000239218	0.0174171587458798	1	0.424170419321671
ENSG00000239306	0.0287418493813132	1	0.454606213459533
ENSG00000239322	0.0074939250544449	3	0.393560324101316
ENSG00000239405	0.00613189356071331	3	0.388413593363437
ENSG00000239498	0.0127192267962819	3	0.409512777812099
ENSG00000239672	0.143350636979847	3	0.571724843605764
ENSG00000239705	0.00107130651717235	3	0.347675244291675
ENSG00000239713	0.00794212566590868	2	0.392639732413374
ENSG00000239722	0.00283000614310414	1	0.354975999258696
ENSG00000239774	0.00131844778512868	3	0.356834371779348
ENSG00000239791	0.000876538032797081	3	0.353683938703634
ENSG00000239828	0.0150563705949353	2	0.418791242705748
ENSG00000239873	0.0403960117684989	3	0.441843361286908
ENSG00000239880	0.0089568484379795	3	0.398405297804613
ENSG00000239899	0.001848776077915	3	0.363592985254557
ENSG00000239920	0.000697237215778301	1	0.351861904123589
ENSG00000239921	0.00795697468979739	3	0.389688027138027
ENSG00000239922	0.057249183951583	2	0.488488573089433
ENSG00000239961	0.0556703051725554	2	0.50247313884316
ENSG00000239998	0.0436853809635284	2	0.481244946336161
ENSG00000240005	0.00427813841142755	3	0.379205774224523
ENSG00000240036	0.00592975075925328	3	0.381512505296358
ENSG00000240065	0.0195287834649298	2	0.432207881977352
ENSG00000240184	0.00779289408477912	1	0.389042896713713
ENSG00000240219	0.00321884559136065	1	0.373321664905844
ENSG00000240244	0.043841657448614	3	0.421687820399315
ENSG00000240288	0.0123225390252684	1	0.40717689724521
ENSG00000240305	0.00367807784130614	3	0.375401074095468
ENSG00000240392	0.00220231277849048	3	0.366378971246961
ENSG00000240405	0.0325662351889967	2	0.432895310120502
ENSG00000240474	0.00319807333070343	1	0.372498058041314
ENSG00000240534	0.0359707794200455	2	0.447864663192708
ENSG00000240583	0.340956461680937	2	0.737880578793508
ENSG00000240764	0.090271305152803	3	0.550303706512166
ENSG00000240775	0.000352837560967711	1	0.346494343648866
ENSG00000240891	0.117962910091148	3	0.579552809307305
ENSG00000241030	0.00239204977106144	3	0.354113364637793
ENSG00000241106	0.0013611684973297	3	0.358843905517558
ENSG00000241135	0.0109766224832062	3	0.399027236183001
ENSG00000241158	0.0527699787295198	3	0.416516817638631
ENSG00000241163	0.0231394180149712	2	0.438140276717429
ENSG00000241217	0.000636587688607415	1	0.344945911058425
ENSG00000241218	0.00984412116562838	2	0.388362071366744
ENSG00000241231	0.00496504302949852	3	0.383028382910255
ENSG00000241288	0.0158386629348755	1	0.422415167132489
ENSG00000241316	0.000115857295566291	3	0.338674482769135
ENSG00000241345	0.0578386093923663	2	0.491473177752284
ENSG00000241400	0.00974964495792274	3	0.391532069632685
ENSG00000241416	0.0254840100714925	2	0.445101990758053
ENSG00000241520	0.00289966380959372	3	0.356182890772464
ENSG00000241525	0.0059498104844774	3	0.377947742309267
ENSG00000241535	0.00264532980633403	3	0.360366505320109
ENSG00000241596	0.00647403803845981	3	0.384745901002969
ENSG00000241644	0.0207639499286614	1	0.433931707777424
ENSG00000241684	0.0301745676850951	1	0.449324849585039
ENSG00000241741	0.00528835114047932	3	0.384620033885376
ENSG00000241782	0.000466355403394791	3	0.341504745296463
ENSG00000241829	0.00459338532787379	3	0.377621864956564
ENSG00000241832	0.000416277400205556	3	0.346221307414683
ENSG00000241839	0.0280735160594536	1	0.433086194972638
ENSG00000241923	0.00204702352519825	3	0.358670367502334
ENSG00000241933	0.00356826488294226	3	0.374966200855809
ENSG00000241945	0.00518468587239806	3	0.368856995493015
ENSG00000241956	0.038841136830983	3	0.452143845191825
ENSG00000242082	0.0324510465765963	3	0.412606833510707
ENSG00000242086	0.0328564395713001	1	0.461790127397929
ENSG00000242159	0.0157480714700372	3	0.422600369695043
ENSG00000242242	0.0362397795261702	3	0.462274193462495
ENSG00000242551	0.00274700889010859	1	0.36822684603586
ENSG00000242574	0.0537405768466948	2	0.500130983671764
ENSG00000242611	0.0103012046434683	3	0.403166695486061
ENSG00000242614	0.0124091346770339	3	0.384249364098021
ENSG00000242686	0.0119703990536492	1	0.409486742080454
ENSG00000242767	0.00497061765717466	3	0.367627014000441
ENSG00000242779	0.0607747395173371	3	0.510984973337508
ENSG00000242808	0.142967700953695	2	0.551730778893483
ENSG00000242861	0.027160713822979	2	0.425033854705281
ENSG00000242866	0.0322822249028321	1	0.420450201280874
ENSG00000242952	0.0035487924901777	3	0.371530962426962
ENSG00000242999	0.000122178036763843	3	0.340600054665273
ENSG00000243064	0.00601572377480664	3	0.375809760069033
ENSG00000243083	0.0339685222186982	2	0.439124833542724
ENSG00000243116	0.00773889917393666	3	0.376901052228629
ENSG00000243234	0.000503578161080154	3	0.348610739615546
ENSG00000243323	0.00312052191418111	2	0.372672662511278
ENSG00000243445	0.00292817061406214	3	0.358369018016181
ENSG00000243449	0.0261185951499415	2	0.411939039245703
ENSG00000243836	0.00845559842182853	1	0.37918958001222
ENSG00000243896	0.000262292850796597	3	0.342244006227859
ENSG00000243914	0.0276799417562537	1	0.419356978953029
ENSG00000243955	0.023613507172793	3	0.416434676543895
ENSG00000244044	0.00112440791365831	3	0.356763215710143
ENSG00000244062	0.139410894133467	2	0.575219907424614
ENSG00000244112	0.00683741522033254	3	0.381873674733891
ENSG00000244137	0.0083547402663956	2	0.380512354847586
ENSG00000244257	0.0134017873684278	1	0.40292169137064
ENSG00000244260	0.0113214988408646	2	0.401941063420335
ENSG00000244274	0.117627923851398	2	0.565200777065903
ENSG00000244280	0.0119101015602407	3	0.400529445075625
ENSG00000244300	0.036546053423681	1	0.468888763545326
ENSG00000244306	0.0140069071184883	1	0.382975351658554
ENSG00000244405	0.0590219522011761	3	0.495551746194804
ENSG00000244482	0.00570699745840253	2	0.374867983534205
ENSG00000244486	0.0276680160136937	1	0.449277426679823
ENSG00000244509	0.0175496915765607	2	0.427531475533717
ENSG00000244623	0.00748758210497469	3	0.394159721994795
ENSG00000244627	0.0123943931776319	1	0.392955727181668
ENSG00000244674	0.00538907836195979	3	0.381793826307569
ENSG00000244682	0.0381645800896246	2	0.467109300460971
ENSG00000244731	0.0639245760939378	2	0.453451652479909
ENSG00000244734	0.096710217589288	1	0.489490652426081
ENSG00000244738	0.0313944452592357	2	0.454934534893283
ENSG00000244757	0.00487145903418973	3	0.376639518869644
ENSG00000244879	0.000693578319991062	2	0.351803335024512
ENSG00000244952	0.00671902615928444	3	0.390350006861719
ENSG00000244953	0.00176262885261136	3	0.359153732029163
ENSG00000245008	0.000372250726136447	1	0.344437579946046
ENSG00000245059	0.00350241777510163	3	0.366799922686101
ENSG00000245293	0.0717062305227788	2	0.526575641781663
ENSG00000245384	0.0361796934166947	3	0.469558684208953
ENSG00000245532	0.0667440671738586	1	0.460126589792458
ENSG00000245748	0.00240839734348752	1	0.353026925932411
ENSG00000245832	0.00195139099618735	3	0.358764100914571
ENSG00000245848	0.0193640617206385	2	0.418226999173811
ENSG00000246334	0.000334087305411845	2	0.34062640474799
ENSG00000246363	0.110687429293575	3	0.56162262377802
ENSG00000246366	0.000517151748211986	1	0.341900930644161
ENSG00000246375	0.000246815001044509	2	0.340915942643786
ENSG00000246731	0.0247734429876786	2	0.444868818863759
ENSG00000246820	0.00239513149649795	3	0.367717459123063
ENSG00000247081	0.00013844352200354	2	0.339515870281364
ENSG00000247095	0.00422024717993208	2	0.367629309638217
ENSG00000247570	0.0124301658326941	3	0.412034884748237
ENSG00000247809	0.0254288634554093	1	0.434203390561936
ENSG00000248015	0.0161713206153602	2	0.399992458125994
ENSG00000248113	0.00175193331309997	3	0.362400765562237
ENSG00000248150	0.0110582540684615	3	0.372767235424624
ENSG00000248174	0.0109164156127308	3	0.407065398178061
ENSG00000248202	0.0162448291403974	3	0.418863259450242
ENSG00000248208	0.00786775602582457	2	0.395052679130794
ENSG00000248305	0.000473025506127489	3	0.348490626886554
ENSG00000248371	0.00109537170854446	3	0.356587434573541
ENSG00000248424	0.00480944548723727	3	0.378475814145179
ENSG00000248429	4.09203108584499e-05	1	0.337801283647318
ENSG00000248441	0.0534645389963011	3	0.472253932253965
ENSG00000248445	0.0041707997700039	2	0.36554096465267
ENSG00000248455	0.0379868490415813	3	0.473110095634013
ENSG00000248468	0.00828512680452231	3	0.395109695540817
ENSG00000248485	0.164343899797348	3	0.617332938263386
ENSG00000248508	0.0242354138490167	2	0.408301819629335
ENSG00000248527	0.0552504810211611	1	0.500751377152573
ENSG00000248587	0.0151823618263675	2	0.403624544390507
ENSG00000248690	0.012603227209055	3	0.383810582963532
ENSG00000248714	0.00680831484926003	2	0.389535336244913
ENSG00000248738	0.0408600844782858	3	0.456264840953966
ENSG00000248746	0.00419570331640973	3	0.363485779622623
ENSG00000248810	0.0005766884404238	2	0.346552612238699
ENSG00000248837	0.0445235911579592	3	0.483179524960308
ENSG00000248840	0.00199290225304471	1	0.36418973624699
ENSG00000248874	0.0080684988160753	3	0.393076993813624
ENSG00000248954	0.00611465127523947	1	0.360590541486424
ENSG00000248994	0.0179771948366952	3	0.387676086209525
ENSG00000249004	0.000451322416260114	3	0.346363655494287
ENSG00000249026	0.000921331503983991	3	0.35333749727292
ENSG00000249109	0.0206734225893516	3	0.434755869502487
ENSG00000249114	0.00985616981510362	3	0.378771060647692
ENSG00000249228	0.00885893850467556	3	0.39603212527872
ENSG00000249229	0.00844313727377	3	0.391429255936736
ENSG00000249267	0.0100747002633799	3	0.401711547333249
ENSG00000249306	0.0023714078007242	2	0.361326433556402
ENSG00000249307	0.0396511458134741	2	0.43317042973809
ENSG00000249335	0.0119481965184913	1	0.387154330600464
ENSG00000249381	0.003753842707375	3	0.375173343435982
ENSG00000249436	0.0733738952065663	3	0.528195892625526
ENSG00000249484	0.0361570752830828	3	0.442667379630605
ENSG00000249494	0.00490746867056535	3	0.379069801956687
ENSG00000249553	0.0127007826737101	2	0.38615477169382
ENSG00000249562	0.0150389434327531	3	0.420330406685951
ENSG00000249577	0.00293632848259362	3	0.367088876365948
ENSG00000249626	0.00218910985980669	3	0.35492175839721
ENSG00000249633	0.00211513587702794	1	0.361018124494102
ENSG00000249664	0.0157117544418975	3	0.409822525981121
ENSG00000249669	0.0645095072354117	1	0.503052740866993
ENSG00000249679	0.00704244422445777	3	0.392014952807127
ENSG00000249684	0.0338839265129884	1	0.414638380849358
ENSG00000249740	0.00572070433469107	1	0.375180137910209
ENSG00000249852	0.00461021515013005	1	0.372118925410562
ENSG00000249859	0.0326642946328242	1	0.418138901754869
ENSG00000249899	0.0154435871070753	2	0.396723335713088
ENSG00000249917	0.00501774593139337	3	0.358533850014303
ENSG00000249937	0.021049640611567	3	0.4134294358328
ENSG00000249948	0.0101846278079528	3	0.388509447738399
ENSG00000250064	0.0164563033527074	3	0.424546962382349
ENSG00000250072	0.0907864631709281	2	0.542820442015079
ENSG00000250080	0.00273301323066832	3	0.361109122104082
ENSG00000250091	0.0531051728723108	1	0.456662257154586
ENSG00000250125	0.0376368160368634	3	0.445441112639848
ENSG00000250138	0.00974351855616862	2	0.387610162301104
ENSG00000250155	0.008826866544692	2	0.377436971406711
ENSG00000250198	0.0517679865835344	2	0.494423143041164
ENSG00000250208	0.0126895220167256	1	0.380372234712893
ENSG00000250238	0.027454212677244	3	0.436943057466494
ENSG00000250251	0.0403655764562728	1	0.477524858929117
ENSG00000250286	0.00270504041088304	3	0.36858197205465
ENSG00000250290	0.00113026367022917	1	0.352957322082626
ENSG00000250293	0.0021949083066779	3	0.35638127229959
ENSG00000250302	0.0114906058209551	3	0.409159306480765
ENSG00000250306	0.00411749964041108	3	0.365041377128095
ENSG00000250310	0.0231960348881147	3	0.405672297211965
ENSG00000250343	0.000315462524301813	3	0.34293567023613
ENSG00000250358	0.000923495314822054	3	0.354672538056056
ENSG00000250366	0.115336404984825	3	0.565372579409098
ENSG00000250397	0.0599233646247174	1	0.499005564052473
ENSG00000250485	0.00656363622242273	3	0.386156012777311
ENSG00000250551	0.00727499483580019	3	0.393405067743305
ENSG00000250602	0.00190195409104565	1	0.363281762099931
ENSG00000250634	0.0141514047525718	3	0.400100534216773
ENSG00000250635	9.97891890185398e-05	2	0.340001496196265
ENSG00000250644	0.00281558027850259	1	0.359891354671441
ENSG00000250668	0.00677650685466136	3	0.390349053760255
ENSG00000250687	0.00267280601637265	2	0.368667887884817
ENSG00000250722	0.127462308468596	2	0.572391940658401
ENSG00000250723	0.0255415043775784	3	0.431428193709482
ENSG00000250731	0.00162212876351686	2	0.352614481970948
ENSG00000250770	0.0430660950292888	3	0.435413790890361
ENSG00000250771	0.0235345380261092	2	0.441513261187466
ENSG00000250786	0.0230360532814312	2	0.441690558260388
ENSG00000250803	0.00361232666497568	3	0.375154841296441
ENSG00000250815	0.00484058360133388	3	0.380919031776063
ENSG00000250842	0.0075705849995793	3	0.392567038614289
ENSG00000250863	0.0317766018962372	1	0.43418564234268
ENSG00000250969	0.00574928196107738	2	0.362681476837662
ENSG00000250982	0.00882048593454265	3	0.398079881528153
ENSG00000250999	0.00412874424458376	1	0.361227144994954
ENSG00000251079	0.000156496764390446	1	0.341790309771756
ENSG00000251106	0.00692186086667324	2	0.383453167409427
ENSG00000251108	0.0019480775860844	3	0.361995293897307
ENSG00000251138	0.10254031789987	2	0.535885593473944
ENSG00000251173	0.0116866617191368	3	0.408182748759785
ENSG00000251193	0.00256355672796227	3	0.366545849868
ENSG00000251204	0.00541610485849142	3	0.38467149057903
ENSG00000251209	0.0466548096849063	3	0.436560427475763
ENSG00000251211	0.00385128186955275	1	0.360012854699035
ENSG00000251226	0.0441742595493125	3	0.456983221047369
ENSG00000251250	0.011675147139933	3	0.409793077559173
ENSG00000251294	0.0198332788419348	3	0.433641677959743
ENSG00000251298	0.00104945854448724	3	0.353380279931036
ENSG00000251322	0.0890589497149036	1	0.510565918608424
ENSG00000251350	0.00637721643628275	1	0.389101703484052
ENSG00000251372	0.0214723898083549	1	0.401311315029551
ENSG00000251413	0.00304103692511304	3	0.369572366836251
ENSG00000251423	0.0366325352569459	3	0.469632154105152
ENSG00000251429	0.125341083708418	2	0.589108426149447
ENSG00000251442	0.0376554844975915	2	0.45835241826458
ENSG00000251460	0.0125623363397367	3	0.390024309666781
ENSG00000251504	0.0129912760124862	2	0.383889263476601
ENSG00000251532	0.00430563539440354	3	0.378937964114303
ENSG00000251536	0.0163601279243359	1	0.382967997950271
ENSG00000251600	0.0468284574308987	3	0.466790506416936
ENSG00000251634	0.0385544140461398	2	0.430900263868596
ENSG00000251637	0.0033531348144904	3	0.371709916934775
ENSG00000251692	0.00269974110622739	3	0.369130926862005
ENSG00000251791	0.00910339780212366	3	0.397474056552233
ENSG00000252010	0.0236509503548213	3	0.423199284456103
ENSG00000252464	0.0145887312204617	3	0.405346237435336
ENSG00000253001	0.00312882946005066	3	0.364249014040948
ENSG00000253107	0.0137617879979888	3	0.415384877423497
ENSG00000253123	0.014408987687793	1	0.406595458491755
ENSG00000253125	0.00621129175543433	3	0.379346950367419
ENSG00000253142	0.00525906474365456	3	0.384029567115211
ENSG00000253159	0.0145463037750234	1	0.418141995320662
ENSG00000253162	0.0100040650608982	3	0.399486401194834
ENSG00000253311	0.00614677475769454	3	0.385952473421622
ENSG00000253361	0.0194849962858703	1	0.399480240229201
ENSG00000253372	0.00181910050887157	1	0.354252587775665
ENSG00000253507	0.00574850753904754	3	0.3865952938731
ENSG00000253521	0.0381028645157613	1	0.417266992396627
ENSG00000253547	0.0299596623591102	3	0.445920976529767
ENSG00000253553	0.0380378748497779	3	0.472943084344796
ENSG00000253570	0.0108954256491156	3	0.397430725018453
ENSG00000253621	0.00305412152855888	3	0.370294223380447
ENSG00000253663	0.00768768908510253	3	0.391819383703821
ENSG00000253671	0.0201862907618343	2	0.434677040414466
ENSG00000253686	0.0593870826757212	1	0.423963791457885
ENSG00000253762	0.018184564859651	3	0.423786532891781
ENSG00000253764	0.00344033279386513	1	0.367787947368823
ENSG00000253807	0.0380318583370948	2	0.450372369721881
ENSG00000253872	0.00300903962292143	3	0.367204000939657
ENSG00000253877	0.0929719425616039	2	0.505032187904725
ENSG00000253893	0.00372444588946685	1	0.355976713436983
ENSG00000253932	0.00469293612072286	1	0.376058187045797
ENSG00000253967	0.00545003648993925	3	0.385525981237589
ENSG00000253988	0.00282817030087468	3	0.359544138127255
ENSG00000254081	0.0768688121351764	2	0.491048774280253
ENSG00000254083	0.00682483033113934	3	0.390835678553748
ENSG00000254087	0.0100818041132735	2	0.403843035550548
ENSG00000254092	0.0253735492352571	3	0.433714798623842
ENSG00000254101	0.0713022239238713	3	0.518125452561345
ENSG00000254109	0.00266334723409489	1	0.368985547811837
ENSG00000254114	0.00194655527243692	3	0.364075224431792
ENSG00000254126	0.0014071057107381	3	0.355657206664743
ENSG00000254244	0.00499908198242716	3	0.381606490796997
ENSG00000254254	0.00829490876609096	3	0.397844970847298
ENSG00000254266	0.00668428744110272	3	0.391200785292608
ENSG00000254290	0.00135319688333724	3	0.356847977459635
ENSG00000254302	0.00557926249606744	3	0.363209367848311
ENSG00000254319	0.00678725547335401	3	0.390225450348825
ENSG00000254361	0.0192993112598593	3	0.420864660170676
ENSG00000254363	0.0317479277201458	3	0.447325184068938
ENSG00000254396	0.00248597687131391	3	0.360440836299707
ENSG00000254415	0.0240899569055464	2	0.443956510163974
ENSG00000254459	0.00141428693926382	3	0.359716352812783
ENSG00000254481	0.00877433418538598	3	0.388666230679712
ENSG00000254510	0.0179694398658631	3	0.426657650119734
ENSG00000254527	0.00705421936710171	3	0.378026224555352
ENSG00000254561	0.0238979849742513	3	0.428105101554833
ENSG00000254587	0.0140344624183489	3	0.416394693234727
ENSG00000254606	0.000670945839649884	3	0.350788564409992
ENSG00000254648	0.00387299964014587	1	0.372112862402668
ENSG00000254664	0.0138240970192014	3	0.404944382693601
ENSG00000254681	0.0279274699523175	1	0.412990606077149
ENSG00000254684	0.00279397818829119	3	0.357754135814306
ENSG00000254701	0.011828801042737	2	0.406803240621104
ENSG00000254739	0.0230306756371236	1	0.441635910240568
ENSG00000254744	0.000706499238970371	1	0.345192920478719
ENSG00000254746	0.0746007430311573	1	0.474523005585422
ENSG00000254791	0.00196651427964145	3	0.359425550064307
ENSG00000254860	0.0158448416445924	2	0.40448786517387
ENSG00000254896	0.0288336195911132	1	0.412530415174467
ENSG00000254912	0.00186778401226484	3	0.36365980039952
ENSG00000254919	0.000572927371062071	3	0.34847004790463
ENSG00000255002	0.000402198853302504	2	0.347086235331828
ENSG00000255031	0.00258792403521646	1	0.368491780289967
ENSG00000255052	0.00964617354567521	3	0.372927429198507
ENSG00000255087	0.0573887506027678	3	0.502060932962466
ENSG00000255099	0.0128726725457198	3	0.40879027651035
ENSG00000255107	0.00648752096455618	3	0.389239095093518
ENSG00000255162	0.00703831904598751	3	0.392721152250027
ENSG00000255176	0.0423055235528651	2	0.480872186063118
ENSG00000255240	0.00239624669826755	3	0.361647586462465
ENSG00000255274	0.00315047021657278	3	0.366210134557894
ENSG00000255346	0.0151000144947002	3	0.381643904610874
ENSG00000255347	0.00490958820529119	3	0.377940805940935
ENSG00000255355	0.00470989941323574	3	0.379565134179807
ENSG00000255367	0.00899305170252063	3	0.386465708498228
ENSG00000255374	0.00246781648873073	3	0.365126246153443
ENSG00000255389	0.000288343645535316	1	0.345209768843441
ENSG00000255495	0.0102476558908016	1	0.39811364199222
ENSG00000255521	0.00572293771734467	2	0.384825680993609
ENSG00000255532	0.0139007601759698	3	0.414468298266809
ENSG00000255545	0.0204727756182885	3	0.39367682594445
ENSG00000255553	0.000662353759683598	3	0.348565989801586
ENSG00000255595	0.0627557379310366	3	0.490134921255343
ENSG00000255690	0.000658752577860411	1	0.345957758790138
ENSG00000255974	0.00518535258386277	3	0.381902557794109
ENSG00000255980	0.0115481586907582	2	0.388709897730623
ENSG00000256030	0.00394003958139033	1	0.376610351149211
ENSG00000256193	0.163816677017148	3	0.619326005884115
ENSG00000256235	0.0260916997310906	1	0.446690986167473
ENSG00000256268	0.00914187664937782	3	0.397457444534373
ENSG00000256271	0.00165174656171763	3	0.36186142237135
ENSG00000256310	0.0108480070120689	3	0.399805077590379
ENSG00000256341	0.00354626724800122	1	0.364612196322562
ENSG00000256422	0.0645679066135039	3	0.509636328607624
ENSG00000256443	0.169496798570222	1	0.607752710808769
ENSG00000256463	0.0696258520486409	1	0.521474652095516
ENSG00000256481	0.000822365296592964	3	0.346394296008771
ENSG00000256540	0.00627972791421971	1	0.379933041626072
ENSG00000256542	0.0255254406205759	1	0.422641079569982
ENSG00000256654	0.0296302240225669	1	0.40026977165075
ENSG00000256694	0.00196283677935039	3	0.353021215353812
ENSG00000256751	0.00343920402219466	2	0.353622274325093
ENSG00000256837	0.00187573762917481	3	0.36379895658966
ENSG00000256847	0.0215826120528803	3	0.41350287537503
ENSG00000256902	0.0072292376630827	1	0.392881691898203
ENSG00000256913	0.00098750995895247	3	0.352813974281825
ENSG00000256943	0.0138767457284585	3	0.391133559323498
ENSG00000256955	0.0360401957708589	1	0.458877270210143
ENSG00000257008	0.00865875637561064	3	0.369910288959998
ENSG00000257037	0.00759292013053492	3	0.387941367506379
ENSG00000257252	0.00310629221438974	3	0.371566593362702
ENSG00000257322	0.00380467648002758	3	0.376826740407337
ENSG00000257335	0.0254830152370594	1	0.432773777169246
ENSG00000257337	0.0220920145629114	2	0.435059177002734
ENSG00000257360	0.0024481361334151	3	0.36815465735649
ENSG00000257434	0.022740439397251	3	0.439501012807596
ENSG00000257446	0.00113695807400194	3	0.347295385013293
ENSG00000257480	0.00726674614155787	3	0.392819601382
ENSG00000257522	0.0586128899167982	3	0.505858885922575
ENSG00000257585	0.0779295208070583	2	0.52789402238678
ENSG00000257660	0.00352746666627179	3	0.375225279090345
ENSG00000257711	0.00376817734937984	3	0.370384532085132
ENSG00000257718	0.00992616187473172	3	0.401516802422951
ENSG00000257743	0.00880280876028028	1	0.393577463610288
ENSG00000257787	0.0154443678900944	3	0.420525969414836
ENSG00000257800	0.0170442174030703	2	0.407985233361406
ENSG00000257894	0.00576930828148714	3	0.364001333083255
ENSG00000257954	0.0229391830318876	1	0.438073233545794
ENSG00000257986	0.0468015596325256	3	0.463267894866634
ENSG00000258102	0.0222735568733716	3	0.415770282242834
ENSG00000258107	0.0175462143216063	3	0.423181861174074
ENSG00000258227	0.00671831696485337	2	0.372375966518032
ENSG00000258320	0.0124699477180323	3	0.395709527328499
ENSG00000258342	0.153773397425204	2	0.604116791374951
ENSG00000258357	0.00209677116068951	2	0.353284872268071
ENSG00000258376	0.00322038138881398	1	0.371138242613501
ENSG00000258390	0.00150906087279579	3	0.359384416654576
ENSG00000258408	0.00463604376958748	3	0.360563051074948
ENSG00000258476	0.00872357362169607	3	0.395477585380418
ENSG00000258479	0.00149710513544987	3	0.360279065126799
ENSG00000258498	0.0229557744138035	1	0.441159452300139
ENSG00000258520	0.00442456183301299	3	0.38008713398292
ENSG00000258551	0.00481289124807782	3	0.379378563190053
ENSG00000258590	0.0216528619370721	3	0.438212932241541
ENSG00000258593	0.00596185057605236	3	0.367549575913042
ENSG00000258647	0.0371238597656515	1	0.466474500772046
ENSG00000258701	0.0187405846184742	1	0.400516185985576
ENSG00000258702	0.0288108157994026	3	0.452691007346432
ENSG00000258735	0.00323003350932916	3	0.36568285656044
ENSG00000258744	0.00159879076818648	3	0.35606455706804
ENSG00000258768	0.0645334052662658	3	0.516528737762454
ENSG00000258794	0.0250580445860308	1	0.411431312873914
ENSG00000258819	0.00330985937648631	3	0.354430389559828
ENSG00000258844	0.100436734242692	2	0.54979787814572
ENSG00000258913	0.00500679993104225	3	0.372543784407171
ENSG00000258919	0.00647799532440152	3	0.387175959074726
ENSG00000258926	0.00038285023410578	3	0.346432557500251
ENSG00000259030	0.00892174253159572	3	0.366849220635155
ENSG00000259065	0.00811649044079166	2	0.376082907583936
ENSG00000259070	0.125243421460067	2	0.589928137474609
ENSG00000259129	0.00249009137111267	3	0.368144644190728
ENSG00000259144	0.00629116913517458	2	0.375173606325447
ENSG00000259205	0.014634749731904	1	0.419407717404795
ENSG00000259207	0.0151145829741918	2	0.379122896031661
ENSG00000259255	0.00265416018452147	2	0.369209103745113
ENSG00000259291	0.0012608676170065	1	0.351123612477939
ENSG00000259366	0.0017618631394376	1	0.361856979846592
ENSG00000259379	0.00320760790633146	3	0.357949378725181
ENSG00000259395	0.00405424649048647	3	0.367130321634601
ENSG00000259415	0.00233296643054792	3	0.367351162039346
ENSG00000259432	0.00611804244092029	3	0.385313444388721
ENSG00000259433	0.00983588102550526	2	0.403517445155637
ENSG00000259436	0.00310130288395538	3	0.37251014181496
ENSG00000259439	0.00604824394638781	3	0.380421287337439
ENSG00000259446	0.0043587190856802	3	0.379957682420178
ENSG00000259459	0.00458509715918565	3	0.381051673460911
ENSG00000259462	0.014542873815832	2	0.416006246663472
ENSG00000259465	0.000181226827817849	3	0.341865881066381
ENSG00000259470	0.0027776842911893	3	0.370478878608253
ENSG00000259476	0.00382717757170115	3	0.369749881977308
ENSG00000259477	0.00298494657244974	3	0.368884545279042
ENSG00000259478	0.00834370581789612	3	0.386547408281261
ENSG00000259505	0.00231982487776394	3	0.356178573509634
ENSG00000259520	0.0162913928849793	3	0.390950132683325
ENSG00000259531	0.00192824991425278	3	0.356014730268406
ENSG00000259600	0.00450552323311371	3	0.361952770389293
ENSG00000259616	0.00340283249403506	1	0.356773486465814
ENSG00000259630	3.88915446536409e-05	1	0.33729388743439
ENSG00000259660	0.0200045088540335	2	0.418085155172906
ENSG00000259666	0.00446727734798613	1	0.371009777244187
ENSG00000259671	0.00417073878834695	3	0.378617369063876
ENSG00000259676	0.00633017381354251	3	0.387630400153615
ENSG00000259828	0.0162031108718507	3	0.411711765719338
ENSG00000259834	0.0756181161013022	3	0.531934236803101
ENSG00000259845	0.0251950218189742	3	0.417011017785348
ENSG00000259848	0.00213439240483404	3	0.352805397368821
ENSG00000259867	0.0066609128932249	3	0.382995666837564
ENSG00000259891	0.0285080462388194	2	0.409574594750716
ENSG00000259905	0.00952813739460523	2	0.392244169304637
ENSG00000259946	0.031399088239208	3	0.420020097571268
ENSG00000259964	0.0369646565337913	3	0.456962122274821
ENSG00000259984	0.00125726704859008	3	0.358176443041456
ENSG00000260008	0.0051501114719722	1	0.358395021754726
ENSG00000260019	0.0244328993317838	2	0.416416129660384
ENSG00000260036	0.00477831523971961	3	0.378323087020609
ENSG00000260042	0.00682795135013992	2	0.372935669434036
ENSG00000260075	0.00725444860603552	3	0.390712989251666
ENSG00000260095	0.00557185389144754	3	0.386066228912589
ENSG00000260105	0.00262214249838877	3	0.354754033506343
ENSG00000260157	0.0343841543521181	3	0.459499995475121
ENSG00000260198	0.0231737854033545	1	0.437518997602453
ENSG00000260211	0.00711170688742979	3	0.393042486004495
ENSG00000260279	0.0074546496457627	1	0.388914818169439
ENSG00000260314	0.0202474853309033	3	0.396226975764802
ENSG00000260316	0.0779047789700124	1	0.534622749369161
ENSG00000260328	0.0681428531493726	3	0.516128802767432
ENSG00000260337	0.028773713286301	1	0.444333865701901
ENSG00000260394	0.00049085329455778	3	0.347865231122577
ENSG00000260395	0.0144330138227224	1	0.409343864471359
ENSG00000260404	0.0259894646128526	1	0.448539650313497
ENSG00000260412	0.107414207758212	3	0.569420374382783
ENSG00000260422	0.00132024836410038	2	0.357404216358946
ENSG00000260426	0.0142999756143303	2	0.41717974612932
ENSG00000260439	0.0127508983740505	2	0.410202398611868
ENSG00000260451	0.0080654753681143	3	0.369430317179268
ENSG00000260496	0.011946062125468	3	0.410495739369449
ENSG00000260528	0.00253927694741929	1	0.368691199491117
ENSG00000260532	0.0023781820843275	3	0.362221303484231
ENSG00000260549	0.0034932564291118	1	0.372328421828623
ENSG00000260581	0.0355342775128292	3	0.467252138302386
ENSG00000260604	0.00682080383319272	1	0.378425046602857
ENSG00000260619	0.0105386753070317	3	0.406106187919187
ENSG00000260651	0.00277883967313308	3	0.37030483447849
ENSG00000260653	0.00680211852904189	3	0.388673967654959
ENSG00000260658	0.0303035328930384	3	0.450386508931332
ENSG00000260721	0.00426983054898245	3	0.377194811187895
ENSG00000260776	0.00134398518611289	2	0.35255251100437
ENSG00000260788	0.0676742755221557	2	0.513543148588366
ENSG00000260797	0.00973786292318302	3	0.403335007762171
ENSG00000260807	0.0107429685897708	1	0.397933673357907
ENSG00000260851	0.000458418167122443	3	0.347819099483895
ENSG00000260876	0.00488505417754515	3	0.382153748618359
ENSG00000260912	0.0144346540259879	1	0.412655403480759
ENSG00000260951	0.0198025993298204	3	0.432706362421101
ENSG00000260953	0.0100161112547618	3	0.395271645075064
ENSG00000261003	0.0161250943103868	3	0.407170847922522
ENSG00000261037	0.0751893685709312	3	0.5174177501749
ENSG00000261044	0.00705003828729489	3	0.38336921235217
ENSG00000261090	0.00788940282588524	3	0.395818973525211
ENSG00000261120	0.0075229569771581	3	0.393178363512879
ENSG00000261121	0.0571986114458176	2	0.49903796641211
ENSG00000261150	0.015685755445555	1	0.422425979597111
ENSG00000261199	0.00922248061970032	3	0.401404936009606
ENSG00000261208	0.00883232348544283	3	0.371300585972615
ENSG00000261221	0.0377325884617299	1	0.470774392081708
ENSG00000261226	0.078627253830915	1	0.53463937110921
ENSG00000261239	0.00374839076934641	3	0.375450874835853
ENSG00000261292	0.0971020933469925	3	0.556602588185732
ENSG00000261325	0.0820008822819355	3	0.535188597184236
ENSG00000261327	0.00243012207914151	2	0.367726267164883
ENSG00000261329	0.0579736718701845	2	0.506454304162618
ENSG00000261340	0.0628576905254081	3	0.514061647614021
ENSG00000261342	0.0372584217379279	1	0.465612472518399
ENSG00000261349	0.00136624031700416	1	0.357944182315489
ENSG00000261371	0.106267944565561	1	0.544914986497486
ENSG00000261502	0.0324698072215908	3	0.457680165903211
ENSG00000261519	0.00298524628753905	3	0.364519058946573
ENSG00000261529	0.00264652736845805	1	0.356570106462077
ENSG00000261553	0.0338990512048746	3	0.454875510128702
ENSG00000261575	0.00951481464101889	3	0.40241121727357
ENSG00000261600	0.0147293061293841	3	0.415153963894685
ENSG00000261613	0.0177492153291025	1	0.407015067437534
ENSG00000261617	0.0250511355537817	2	0.43858477945342
ENSG00000261618	0.0030101979500724	2	0.368509575534847
ENSG00000261625	0.00318888270243389	1	0.362281934401256
ENSG00000261656	0.00124602367779536	3	0.34750379227822
ENSG00000261663	0.00234562813204942	1	0.365480563085257
ENSG00000261664	0.0095148907099114	3	0.398728378694188
ENSG00000261678	0.0698782592218532	1	0.426119215929467
ENSG00000261692	0.00242067172983496	3	0.354327592577925
ENSG00000261710	0.0250490457274914	2	0.444332472662348
ENSG00000261711	0.00363426289493429	2	0.373907789599436
ENSG00000261738	0.0602172126996454	3	0.49248927728064
ENSG00000261739	0.033893202058808	3	0.465226792146377
ENSG00000261744	0.0162086508067656	1	0.423620869797717
ENSG00000261757	0.0445827624115186	3	0.47680792620135
ENSG00000261766	0.00230562456456529	3	0.350118263698192
ENSG00000261770	0.0174382792550475	1	0.414421707539538
ENSG00000261783	0.00259286989784024	3	0.363637064825066
ENSG00000261786	0.0294883496699468	1	0.392263895065578
ENSG00000261795	0.0372653207116034	2	0.471745569943682
ENSG00000261798	0.0035087370419612	3	0.355549101357145
ENSG00000261807	0.00694898608691508	3	0.380603179520237
ENSG00000261819	0.00292233946610088	3	0.370541724863532
ENSG00000261821	0.000770870486300868	3	0.346175734748257
ENSG00000261879	0.0349192656109312	1	0.458431869054203
ENSG00000261924	2.15054934779024e-05	3	0.336428048441325
ENSG00000261971	0.0208227348539479	1	0.427378983292484
ENSG00000261997	0.0365791889140504	2	0.445904474162678
ENSG00000262038	0.00192285415143512	3	0.364103760586588
ENSG00000262074	0.00581235565101901	3	0.366703707834649
ENSG00000262097	0.00905782968053737	1	0.400804023351741
ENSG00000262136	0.000454180399497295	1	0.347479712866791
ENSG00000262188	0.0480224319285898	2	0.489413787270296
ENSG00000262223	0.0765322473121708	2	0.533052281328671
ENSG00000262370	0.000467092542713043	2	0.344327198667119
ENSG00000262380	0.00610573397239167	2	0.38858570328085
ENSG00000262381	0.00643799585626448	3	0.387391602164374
ENSG00000262412	0.00368854125632689	3	0.376094277482263
ENSG00000262497	0.00331644294544264	3	0.373951249579313
ENSG00000262500	0.00197690832003961	3	0.360360297508722
ENSG00000262539	0.00304107379290275	3	0.369386885334498
ENSG00000262655	0.000604556334195094	1	0.350574826408006
ENSG00000262700	0.0119615109220497	1	0.409692642133489
ENSG00000262772	0.00280978643121543	3	0.369040884700252
ENSG00000262873	0.00921555183227452	3	0.384661493541297
ENSG00000262877	0.0227494320258524	2	0.419688141661371
ENSG00000262898	0.00831946032896091	3	0.397453014144333
ENSG00000262979	0.000244360677540412	3	0.343651595119299
ENSG00000263006	0.0101846666855711	3	0.401247683966729
ENSG00000263278	0.0719166708039976	1	0.505214984064428
ENSG00000263280	0.00911562450806935	3	0.393748558838937
ENSG00000263426	0.00473858693780771	3	0.365882969039466
ENSG00000263503	0.00392760333974007	1	0.369124291493216
ENSG00000263603	0.0308613514404025	1	0.454284323464375
ENSG00000263740	0.0115676936161963	1	0.38324315378664
ENSG00000263745	0.0119312340278996	3	0.407029701694107
ENSG00000263934	0.0213700680252241	1	0.410409564810157
ENSG00000264057	0.00287843208530347	3	0.368184522978922
ENSG00000264070	0.0141247831819313	3	0.397974326823244
ENSG00000264104	0.00933394465085735	3	0.388036661098617
ENSG00000264343	0.000239011223245211	2	0.343185853393939
ENSG00000264522	0.042387326766965	2	0.477819122900659
ENSG00000264739	0.00304719317428881	3	0.366498451878578
ENSG00000264790	0.00912613563128639	3	0.399873636057944
ENSG00000264812	0.00315683931623068	3	0.37110347707244
ENSG00000264880	0.00527156707323007	3	0.376971706136268
ENSG00000264895	0.0111562668319812	1	0.406442931169236
ENSG00000264964	0.00845091189104497	3	0.382857731124728
ENSG00000264985	0.00732521671902553	3	0.383164572641819
ENSG00000265018	0.00985444792820678	3	0.372940439456448
ENSG00000265107	0.0202165740825782	1	0.434763571685455
ENSG00000265179	0.0558242021491328	3	0.494619227633343
ENSG00000265240	0.0103342694891171	3	0.404351843394583
ENSG00000265313	0.070718762148914	3	0.524708204456873
ENSG00000265531	0.0147034880882734	2	0.413400350404911
ENSG00000265590	0.0155482766245254	1	0.419121060685975
ENSG00000265728	0.00261819758518211	1	0.353483301733963
ENSG00000265763	0.0362249648008042	2	0.463094476891231
ENSG00000265972	0.0477912559470058	2	0.438073689089586
ENSG00000266003	0.0294973489166704	2	0.424575081990094
ENSG00000266066	0.012632314048152	3	0.413209766447981
ENSG00000266074	0.0248979697135083	1	0.442829515553606
ENSG00000266202	0.0066158697125257	3	0.390309354226328
ENSG00000266237	0.0132674511030288	3	0.415085517464902
ENSG00000266256	0.00801868024178798	1	0.372051472820939
ENSG00000266258	0.0023150811595114	2	0.357437167586897
ENSG00000266274	0.0010270048286205	2	0.345933697709771
ENSG00000266302	0.00205251876431944	1	0.358745146734358
ENSG00000266456	0.0381033681552364	3	0.461814977373926
ENSG00000266489	0.0246756935359971	3	0.444224617593086
ENSG00000266505	0.00647302813499628	3	0.390023730845611
ENSG00000266578	0.00447859906739867	1	0.362236948521079
ENSG00000266588	0.00959681461666562	3	0.402133426768816
ENSG00000266613	0.00474483489894362	3	0.381750347139501
ENSG00000266714	0.0205515213245667	2	0.401303462594577
ENSG00000266777	0.0486603504364371	1	0.489907119855885
ENSG00000266818	0.0107011303129789	3	0.405622909413322
ENSG00000266821	0.00299927183477866	3	0.369476029517406
ENSG00000266918	0.000154926498475483	1	0.338505814749228
ENSG00000266934	0.0158700457522678	1	0.417936142543634
ENSG00000266968	0.0130367598826278	3	0.407089266541792
ENSG00000266998	0.0065736624951529	1	0.390717335891177
ENSG00000267056	0.00148559760194178	1	0.358206353836361
ENSG00000267065	0.021218241180834	1	0.434520022360085
ENSG00000267074	0.00049862946287571	3	0.348983562117245
ENSG00000267107	0.116382283549645	1	0.573518017685524
ENSG00000267115	0.00382014693263422	3	0.367970328018187
ENSG00000267123	0.00147354944815259	3	0.359395183279554
ENSG00000267169	0.0231258907159319	1	0.39026895777658
ENSG00000267185	0.00328107986988646	3	0.369946049207864
ENSG00000267265	0.00449023204307164	3	0.36243827601764
ENSG00000267279	0.00127780292715485	3	0.346323138873308
ENSG00000267287	0.00741524605804667	2	0.379309777609385
ENSG00000267288	0.0018944791572526	1	0.357374360223207
ENSG00000267313	0.00779992692210285	3	0.393839624938277
ENSG00000267336	0.0231286916905656	3	0.437335197904993
ENSG00000267412	0.0125876540264138	1	0.394943222105234
ENSG00000267416	0.00109522369393744	3	0.356436748827676
ENSG00000267432	0.0818951306337946	2	0.510554283910688
ENSG00000267480	0.0061285502979489	3	0.362282331311871
ENSG00000267493	0.000935441981874008	3	0.354098511019232
ENSG00000267506	0.0308766845809834	3	0.432656096370101
ENSG00000267519	0.0424734551345347	1	0.462894624447896
ENSG00000267533	0.00498114055723764	3	0.370773222578104
ENSG00000267570	0.00850662809441949	3	0.398690684901161
ENSG00000267594	0.000550702688017268	2	0.348094763464937
ENSG00000267610	0.00307755802336174	1	0.371245623800555
ENSG00000267623	0.0245367617385551	3	0.445244261528101
ENSG00000267643	0.00902133911952807	3	0.392358548262298
ENSG00000267644	0.000952775617679924	3	0.353344258368604
ENSG00000267690	0.00201399756075649	1	0.362495709130602
ENSG00000267713	0.00564607460087652	3	0.375297949669801
ENSG00000267731	0.0167365657946514	3	0.412177030740109
ENSG00000267737	0.00510614585433611	3	0.361708062378583
ENSG00000267749	0.021529046590291	1	0.406288729688679
ENSG00000267801	0.00760479358485378	2	0.371284721943059
ENSG00000267808	0.00434608529429259	3	0.366890945831814
ENSG00000267882	0.020957709968991	1	0.436474491726712
ENSG00000267892	0.00122057307820178	3	0.346010503178753
ENSG00000267919	0.00387033309554741	3	0.374046701159271
ENSG00000267934	0.00824256108410404	1	0.367157700308823
ENSG00000268043	0.0072354938376914	1	0.386295716018079
ENSG00000268055	0.0237576732035273	3	0.419228732134169
ENSG00000268105	0.00454640071823309	3	0.371656309372505
ENSG00000268119	0.0102043125134564	3	0.403232643634619
ENSG00000268170	0.0649206338128719	2	0.500563364790253
ENSG00000268182	0.0867336866386247	3	0.546298009931643
ENSG00000268272	0.00881875604897753	3	0.399714985817912
ENSG00000268297	0.0228800844129009	3	0.43350046922649
ENSG00000268333	0.000158142820309348	1	0.339876589821202
ENSG00000268388	0.041172248362352	1	0.473757478092793
ENSG00000268460	0.0101843229198373	1	0.404951628655912
ENSG00000268575	0.0216913736331882	1	0.415913395508823
ENSG00000268601	0.00774004058090294	3	0.393567227448591
ENSG00000268658	0.0153666449982033	3	0.421124819267887
ENSG00000268670	0.0405326732233726	1	0.475383079830699
ENSG00000268717	0.00295280812493126	3	0.370510099387242
ENSG00000268758	0.0308269175151449	2	0.45472581503242
ENSG00000268830	0.0059474854547894	3	0.387659472419245
ENSG00000268849	0.00383476293958385	2	0.362639515778253
ENSG00000269038	0.003548337682726	3	0.374750752716766
ENSG00000269053	0.00191761984499228	1	0.353757571624444
ENSG00000269067	0.00459378909969599	2	0.373139598439534
ENSG00000269072	0.00651462782690182	3	0.388528302329346
ENSG00000269113	0.0224588209547452	1	0.435715399784083
ENSG00000269139	0.00645602933401968	3	0.390147067752705
ENSG00000269220	0.00163981041873285	3	0.359586276173274
ENSG00000269236	0.00606694905127503	3	0.376563893970862
ENSG00000269345	0.00298902569679127	3	0.359175598410135
ENSG00000269553	0.0284787722232946	2	0.45262007211679
ENSG00000269637	0.00376127906068147	3	0.373400110891754
ENSG00000269699	0.0167123159866438	3	0.421716633145191
ENSG00000269707	0.00608514967534501	3	0.386691940782278
ENSG00000269755	0.00573509656070881	3	0.386862056183343
ENSG00000269800	0.0047720404555559	2	0.364674244307499
ENSG00000269825	0.0195650258422574	1	0.416748897035183
ENSG00000269889	0.00668132749573402	3	0.382173327239376
ENSG00000269891	0.0462597139424972	1	0.471080568124794
ENSG00000269896	0.029058236574128	1	0.432714753973952
ENSG00000269933	0.0178326442810275	3	0.428475478020525
ENSG00000269945	0.0361558859151155	3	0.40388521075452
ENSG00000269956	0.0048274270095533	3	0.367499031334991
ENSG00000269959	0.00496216215851653	1	0.382215087562312
ENSG00000269983	0.0057557815923609	3	0.383809571691938
ENSG00000269986	0.0141744960597909	3	0.415249621464783
ENSG00000270000	0.000337451676104661	2	0.345940587064117
ENSG00000270006	0.00186793829820198	3	0.35789107474813
ENSG00000270025	0.00729380309859229	3	0.389315558233052
ENSG00000270031	0.00251689901166952	3	0.368655922626244
ENSG00000270074	0.00630379825840721	1	0.369283326907411
ENSG00000270127	0.00231349509219558	3	0.352637698845432
ENSG00000270164	0.010332596721367	2	0.400532879687501
ENSG00000270248	0.00942288650639733	3	0.398881544125692
ENSG00000270504	0.010455641639186	1	0.393243678981578
ENSG00000270629	0.0258901097417797	1	0.443191473075053
ENSG00000270640	0.00880641680607941	1	0.398662154746341
ENSG00000270802	0.00432909932255587	3	0.35673795056678
ENSG00000270953	0.0981102543831176	3	0.559811854666148
ENSG00000271028	0.00259956691632379	3	0.368090531924207
ENSG00000271040	0.0068281920034291	3	0.391477033826522
ENSG00000271192	0.00737145194869904	3	0.392397540166216
ENSG00000271204	0.0259820308638959	1	0.441890244797847
ENSG00000271208	0.00335772978115645	3	0.365973461411465
ENSG00000271228	0.0126126797349982	3	0.402158760571303
ENSG00000271234	0.00406868829931217	3	0.378164234394238
ENSG00000271239	0.00276325775055064	3	0.369684971862606
ENSG00000271254	0.0178596610645034	2	0.415979488705651
ENSG00000271414	0.00522783052402942	3	0.3687736891296
ENSG00000271461	0.0237149590615163	1	0.420968924731188
ENSG00000271503	0.00128574400563963	2	0.352358183956313
ENSG00000271538	0.027035516343296	3	0.4060071631315
ENSG00000271605	0.048663916522109	2	0.490235226703203
ENSG00000271614	0.0592466052228866	3	0.508005256958026
ENSG00000271631	0.00257130261161242	3	0.366355577538403
ENSG00000271643	0.00593743945782177	3	0.385387570308769
ENSG00000271715	0.00284510764430035	3	0.360044301871054
ENSG00000271784	0.00586142262216205	3	0.38069071105609
ENSG00000271824	0.0240879533441495	3	0.431474357916173
ENSG00000271856	0.00823620130713454	3	0.397320670342052
ENSG00000271959	0.014930079038828	1	0.42001453651527
ENSG00000271991	0.00379487812165868	3	0.376664197425003
ENSG00000272021	0.00464757864374754	3	0.367084754962632
ENSG00000272033	0.0177342744708119	3	0.424706678042707
ENSG00000272079	0.00876986013528858	1	0.392507388725902
ENSG00000272138	0.00515390018597772	3	0.383733450080069
ENSG00000272146	0.00250234628119406	3	0.366062839654418
ENSG00000272183	0.00173741785333514	1	0.362164429748324
ENSG00000272186	0.00480955841507313	3	0.377207520910222
ENSG00000272203	0.00235077953381324	3	0.367099173923722
ENSG00000272217	0.00446223663445877	1	0.3732105072795
ENSG00000272232	0.00146538012742803	3	0.355246465388265
ENSG00000272274	0.0219787795956481	3	0.412185321410327
ENSG00000272305	0.00629965317138159	3	0.373296961974516
ENSG00000272320	0.00212046891130391	3	0.35656569859719
ENSG00000272321	0.0756549425814095	3	0.490936837315192
ENSG00000272333	0.0355229541789729	1	0.467172298878238
ENSG00000272334	0.00638574131109315	3	0.3752908844566
ENSG00000272354	0.0127235808086185	3	0.413490603889995
ENSG00000272374	0.0156768340457799	1	0.42231909379221
ENSG00000272386	0.00366813708042779	3	0.361262698158185
ENSG00000272398	0.0323425968309802	3	0.461765692954796
ENSG00000272426	0.00302455705254956	3	0.367394171313473
ENSG00000272442	0.00778458054383391	3	0.39049938125577
ENSG00000272468	0.00248969230328777	3	0.365417888941828
ENSG00000272482	0.00336029994510767	3	0.374190458171484
ENSG00000272505	0.0271450813628566	3	0.40842225376902
ENSG00000272512	0.0377961395775931	1	0.471864684422534
ENSG00000272555	0.00066112327148371	3	0.342382397217672
ENSG00000272556	0.0120834973678063	1	0.372355268774176
ENSG00000272562	0.0219066593177514	3	0.388716039926359
ENSG00000272566	0.00713344443986519	3	0.381645543593367
ENSG00000272568	0.0144139733764866	1	0.402470549333483
ENSG00000272574	0.00202257930228678	3	0.364929141202297
ENSG00000272636	0.0645723279695295	1	0.418504459012872
ENSG00000272668	0.00326769661581228	1	0.373648412438593
ENSG00000272690	0.0046174180713916	1	0.381224717912629
ENSG00000272727	0.00276003902924804	2	0.35407071576376
ENSG00000272734	0.0185126085577665	1	0.430325915686114
ENSG00000272745	0.0100606386171707	3	0.399543071157805
ENSG00000272787	0.0009424784683848	3	0.344414821183658
ENSG00000272789	0.00151571536387707	3	0.356812637085859
ENSG00000272795	0.00614208874035027	3	0.388772863209213
ENSG00000272808	0.0726850007103146	2	0.519635499921011
ENSG00000272823	0.00316100760053106	3	0.369583635339014
ENSG00000272832	0.00650785717006752	3	0.390424271176003
ENSG00000272855	0.00244225716878854	3	0.365784397859117
ENSG00000272861	0.00319785384412097	3	0.372368244726884
ENSG00000272872	0.00802106634944433	3	0.376605184040514
ENSG00000272977	0.000781826770358651	2	0.347231205937252
ENSG00000273013	0.00421697658942199	3	0.370997204004939
ENSG00000273018	0.0160539691958203	3	0.413357382911753
ENSG00000273085	0.0108247864147264	3	0.407174488404811
ENSG00000273100	0.0213389798551666	1	0.433774206101741
ENSG00000273136	0.0355141243615976	1	0.463967094720368
ENSG00000273142	0.0171686462135644	1	0.40721177308151
ENSG00000273151	0.0323515036304772	1	0.403524328375337
ENSG00000273173	0.0455383878090363	3	0.485910309861621
ENSG00000273179	0.00462473918798434	3	0.357765857143346
ENSG00000273214	0.00850881408188142	2	0.383949711456264
ENSG00000273230	0.0753298115779539	1	0.529598068224506
ENSG00000273257	0.00216633234918229	3	0.359950643016298
ENSG00000273259	0.018217291696393	2	0.419067081919182
ENSG00000273265	0.00475789375183777	3	0.367441184616062
ENSG00000273267	0.000448628201279222	1	0.343097127627016
ENSG00000273295	0.0130072903927806	1	0.414412594635498
ENSG00000273301	0.102356194556097	3	0.563410803595207
ENSG00000273319	0.0175846398207037	1	0.422805206758202
ENSG00000273368	0.0080949431980103	3	0.397087909111017
ENSG00000273394	0.0178041175804545	3	0.428282430702081
ENSG00000273407	0.00826848238430511	3	0.394310578270095
ENSG00000273451	0.0127659242329363	1	0.411833357483327
ENSG00000273487	0.0063860016553523	3	0.387868125530634
ENSG00000273507	0.0477520016966656	2	0.457810348938807
ENSG00000273540	0.0423342441680908	3	0.47683938257828
ENSG00000273580	0.00456280892489791	1	0.37625171339546
ENSG00000273604	0.0476063260548084	3	0.434129040977876
ENSG00000273650	0.00202918850899303	3	0.364834728251246
ENSG00000273669	0.00741878416463881	3	0.393974628364528
ENSG00000273748	0.0034063810557452	3	0.373161933072045
ENSG00000273796	0.00708180701283545	3	0.38160087682247
ENSG00000273853	0.0201834854190703	3	0.433683992943857
ENSG00000274080	0.0668045858652871	1	0.503975565029866
ENSG00000274156	0.00130945733155519	1	0.351296093877913
ENSG00000274225	0.00104646253388918	3	0.35487868825415
ENSG00000274227	0.00551226497161073	3	0.38446357172858
ENSG00000274276	0.00307075274823687	3	0.372063018333356
ENSG00000274367	0.00658063282808274	3	0.375883131637536
ENSG00000274376	0.0405563242131628	1	0.445999564381192
ENSG00000274414	0.00368530088120822	1	0.376165911882116
ENSG00000274471	0.00174483840983819	3	0.360445451671028
ENSG00000274512	0.0305766999973457	1	0.452367284357227
ENSG00000274602	0.0401380805924967	1	0.474157287780992
ENSG00000274618	0.0255262787859966	3	0.442325327677967
ENSG00000274642	0.0130216097849494	1	0.380132814729399
ENSG00000274767	0.0151240059975957	3	0.376729958185035
ENSG00000274922	0.0108773217202681	2	0.394621856348365
ENSG00000274949	0.00887439742353824	3	0.39875027327914
ENSG00000275088	0.0104792123976925	3	0.375662339891799
ENSG00000275119	0.00567930545281403	3	0.386456279588463
ENSG00000275131	0.0229611628571031	1	0.440745389262973
ENSG00000275144	0.0131375170094573	1	0.380301700398617
ENSG00000275197	0.00276377984555198	3	0.367120351101343
ENSG00000275228	0.0115457088672212	3	0.409251773523863
ENSG00000275302	0.0024600759159813	3	0.360873211879346
ENSG00000275342	0.0245532576062029	3	0.440697322494078
ENSG00000275358	0.00297982602106728	1	0.358143483953979
ENSG00000275379	0.00367775769865131	2	0.374038853903838
ENSG00000275393	0.00379251763124677	3	0.372454548944664
ENSG00000275395	0.179389142793983	2	0.511681369723229
ENSG00000275413	0.00632271958760966	3	0.388738979803965
ENSG00000275464	0.00109623093894584	2	0.34774581692067
ENSG00000275585	0.00696611709731132	2	0.38391117237002
ENSG00000275591	0.0119109173430303	3	0.41021246338651
ENSG00000275620	0.0570914731788493	2	0.480240671376425
ENSG00000275674	0.00487871185591582	3	0.365087901138949
ENSG00000275832	0.0264625459839526	2	0.442819225127232
ENSG00000275895	0.00972720402676297	2	0.36776817171679
ENSG00000275953	0.00904567419386793	3	0.397532491238902
ENSG00000275993	0.0164869889526675	1	0.419976724292749
ENSG00000275995	0.0112985778430875	3	0.408817550907561
ENSG00000276043	0.0241200615982808	2	0.4073786471726
ENSG00000276085	0.00934142838313823	3	0.391760935003201
ENSG00000276128	0.0461581400735315	3	0.472368529302913
ENSG00000276231	0.0149754792392679	2	0.412762089184482
ENSG00000276256	0.000882543511687595	3	0.345718774545844
ENSG00000276462	0.035059388422097	3	0.455816069600238
ENSG00000276550	0.107889450137596	1	0.564497064007469
ENSG00000276691	0.00176924496896202	3	0.355498835208553
ENSG00000276702	0.00683977510138656	3	0.391527162076244
ENSG00000276805	0.0162943337488994	1	0.399422079731858
ENSG00000276957	0.00434934978781965	3	0.369764592280762
ENSG00000276975	0.00852066172938426	1	0.391871331826093
ENSG00000276980	0.028644667320129	2	0.450147787138346
ENSG00000277020	0.000237165015125718	3	0.342014348788261
ENSG00000277075	0.0677716550854743	3	0.505976430944658
ENSG00000277087	0.00428876138344214	3	0.358201847354269
ENSG00000277103	0.0301941988708316	1	0.435663857975392
ENSG00000277112	0.00237598080748658	3	0.367431767559281
ENSG00000277117	0.0543686478381518	2	0.489198248333285
ENSG00000277144	0.0141290212007474	3	0.379914381853743
ENSG00000277157	0.0228841945398682	3	0.43967953154073
ENSG00000277186	0.00927095481823548	3	0.400420953264523
ENSG00000277196	0.00929371403467261	1	0.400569443608663
ENSG00000277258	0.0424227798900644	1	0.459224949454908
ENSG00000277310	0.00648845815413057	3	0.390308562678513
ENSG00000277363	0.00725893275294154	2	0.393254462569554
ENSG00000277400	0.00156502329938624	2	0.34960538673264
ENSG00000277425	0.00246028317154412	2	0.360428477944916
ENSG00000277494	0.159692991948577	2	0.622486637473771
ENSG00000277496	0.00908723513903043	1	0.399422337805518
ENSG00000277526	0.00772345432413291	3	0.38092078390375
ENSG00000277587	0.00223842431156585	3	0.362598305505793
ENSG00000277708	0.00697954382927912	3	0.39093155658368
ENSG00000277758	0.013729495183071	1	0.384112456132358
ENSG00000277763	0.0049106828807628	3	0.379565467112644
ENSG00000277775	0.00203772619536324	3	0.352707429114432
ENSG00000277825	0.00714991667366682	1	0.380856575233691
ENSG00000277829	0.016674628878623	2	0.413400592476081
ENSG00000277918	0.00774714575814939	3	0.395588351834927
ENSG00000277957	0.00157287808161677	3	0.355621061125427
ENSG00000278041	0.0352605232285028	2	0.467846190541644
ENSG00000278075	0.00580368296658207	1	0.366805950347433
ENSG00000278384	0.0263318942705693	1	0.434895913146899
ENSG00000278416	0.00490554054770298	3	0.382769861929622
ENSG00000278475	0.00250965504018386	3	0.364204022210922
ENSG00000278492	0.00632225985061652	3	0.38716203460722
ENSG00000278558	0.00833885896886122	1	0.364717202541949
ENSG00000278631	0.00814903329494365	3	0.393751362127655
ENSG00000278705	0.00659637458206064	1	0.376756773696598
ENSG00000278817	0.00635261068300075	3	0.389184558813513
ENSG00000278840	0.0209077840725188	3	0.435955627617205
ENSG00000278864	0.0227997115402884	1	0.439621047641954
ENSG00000278909	0.00864542624342701	1	0.379233231882928
ENSG00000278925	0.00552739551773396	3	0.381405832988693
ENSG00000278931	0.00050829863757551	3	0.344944159725945
ENSG00000278949	0.0149228075107052	1	0.420265609507738
ENSG00000278952	0.00192215149593244	3	0.362821055302925
ENSG00000278962	0.0758942753194418	3	0.53205422919265
ENSG00000278974	0.000530471801638677	1	0.349246133008085
ENSG00000279012	0.00586217205340633	3	0.383874532744253
ENSG00000279017	0.00586352677431656	3	0.363277486352892
ENSG00000279019	0.00568660111943342	1	0.381230324125393
ENSG00000279042	0.0370126171023164	3	0.402155708549899
ENSG00000279047	0.00693491608024199	3	0.392289984030332
ENSG00000279058	0.00286001231572797	3	0.3659101733424
ENSG00000279077	0.0143782174741597	1	0.414444076684346
ENSG00000279082	0.0225732061243168	1	0.40020791438749
ENSG00000279090	0.0785644410547025	3	0.53530543153337
ENSG00000279099	0.0374307940630456	3	0.455184088943322
ENSG00000279107	0.00389654635047165	1	0.375753370987834
ENSG00000279118	0.00493524313271654	2	0.373685922240221
ENSG00000279123	0.00345983283917617	3	0.374067717709739
ENSG00000279166	0.0240580759832986	2	0.438631623217261
ENSG00000279175	0.0232318862945224	1	0.440417074095978
ENSG00000279200	0.0109898722545851	3	0.37326406400568
ENSG00000279207	0.00359986406569734	2	0.375432699633523
ENSG00000279208	0.00207034971034725	3	0.357853280762099
ENSG00000279233	0.0434657848984621	1	0.47350302070262
ENSG00000279237	0.00437679640205646	1	0.363931595179563
ENSG00000279249	0.00959820378067433	3	0.380662114551724
ENSG00000279254	0.00298410200336796	3	0.361584929704344
ENSG00000279261	0.00689582892557217	3	0.384142983897311
ENSG00000279263	0.0059306599378337	3	0.379449260528787
ENSG00000279267	0.018288101942084	3	0.427016848283445
ENSG00000279283	0.0455120048905063	1	0.486538948512852
ENSG00000279289	0.0338707139241106	1	0.465093126900078
ENSG00000279311	0.00887989843844794	1	0.392058925803657
ENSG00000279320	0.0198441758412425	1	0.426151752265286
ENSG00000279377	0.000605988305596328	3	0.350571971768507
ENSG00000279387	0.0394882821046662	1	0.468119498792533
ENSG00000279388	0.00696634611906011	3	0.387731110198937
ENSG00000279419	0.121937792527295	2	0.535576264970512
ENSG00000279455	0.0034605417201542	2	0.368667957214643
ENSG00000279495	0.0257614513861493	2	0.417710567055701
ENSG00000279518	0.0247454750942411	1	0.414234382837472
ENSG00000279543	0.0186095953530534	1	0.411166105787661
ENSG00000279555	0.0211830855548942	1	0.43425211702951
ENSG00000279602	0.000753773285140813	1	0.351044779762004
ENSG00000279619	0.0295297098326078	1	0.419514853806302
ENSG00000279622	0.0049472832563745	3	0.380270270722697
ENSG00000279642	0.00298263999285031	3	0.365236894873709
ENSG00000279650	0.00233403480742655	3	0.362175041268465
ENSG00000279656	0.000820262940283367	3	0.34427052701133
ENSG00000279660	9.10322462629454e-05	1	0.338023344682853
ENSG00000279668	0.037372430166913	1	0.406573621809307
ENSG00000279672	0.0127271820063678	1	0.412242565645403
ENSG00000279674	0.0391574818436817	1	0.400205489977665
ENSG00000279675	0.0805602579128956	3	0.535058745117486
ENSG00000279678	0.0388224097466745	1	0.463732502099911
ENSG00000279679	0.0044892827630274	3	0.378625559327685
ENSG00000279685	0.051159453317654	1	0.495749774591981
ENSG00000279700	0.0213198049877904	1	0.433864122079031
ENSG00000279711	0.00500122845055051	3	0.36770591286819
ENSG00000279712	0.074749144096921	1	0.47581708209351
ENSG00000279713	0.00212559912872967	3	0.363063817455636
ENSG00000279717	0.0148513365853067	3	0.417943989756968
ENSG00000279718	0.00169440212545469	1	0.349555201366487
ENSG00000279757	0.000230196521913917	1	0.339633923294044
ENSG00000279759	0.0275171953256631	1	0.451850688851613
ENSG00000279764	0.0245192435101306	1	0.434497048796068
ENSG00000279789	0.0109737163192103	1	0.400211445592542
ENSG00000279811	0.118589642921223	2	0.582928704268796
ENSG00000279819	0.0523623351130632	2	0.492492523269788
ENSG00000279821	0.0551443153165897	1	0.501541941629704
ENSG00000279833	0.00360381697428169	1	0.370160684161033
ENSG00000279860	0.0139904826976405	3	0.417467427976176
ENSG00000279875	0.0385028799623636	3	0.472908702848725
ENSG00000279878	0.0409362866375369	1	0.45021842331564
ENSG00000279886	0.00175834452718115	2	0.354697073529919
ENSG00000279932	0.0048856880753545	1	0.382646090771248
ENSG00000280003	0.00338915274313534	1	0.37394306067246
ENSG00000280007	0.0226385605151742	1	0.440358885134506
ENSG00000280022	0.0230078828167509	3	0.440189532140423
ENSG00000280035	0.056076925220383	1	0.499107801032083
ENSG00000280061	0.0413326078677633	2	0.464102433598013
ENSG00000280063	0.034875582217775	1	0.465435223224683
ENSG00000280092	1.37163388712613e-05	1	0.335422724109764
ENSG00000280094	0.00865582991774705	3	0.398217781239009
ENSG00000280105	0.061422404195394	3	0.511956652579381
ENSG00000280132	0.000274659852787407	3	0.343362749281814
ENSG00000280136	0.00587596226127707	3	0.38563341069023
ENSG00000280152	0.0410474572635434	1	0.472155178076987
ENSG00000280194	0.00305357777131499	3	0.372287793057625
ENSG00000280200	0.000674299412589563	3	0.345855958164779
ENSG00000280206	0.0238906202442309	2	0.443756416959212
ENSG00000280207	0.0219113371770061	1	0.403084721799441
ENSG00000280212	0.00321612462192	3	0.373101502944965
ENSG00000280213	0.0517341323874166	1	0.471749227699137
ENSG00000280219	0.00262225128364724	1	0.366476063842642
ENSG00000280222	0.0435277453999661	1	0.482141822801003
ENSG00000280229	0.0073901167468241	3	0.392121206168867
ENSG00000280231	0.00930902060513217	1	0.395454519844807
ENSG00000280234	0.0537123903308604	1	0.437139143859356
ENSG00000280255	0.0558041938399801	3	0.503449969291037
ENSG00000280287	0.124329784677223	1	0.568946877207263
ENSG00000280334	0.0015153729820393	2	0.347575646079417
ENSG00000280381	0.0425788662488283	1	0.47619144162354
ENSG00000280385	0.029429088623942	3	0.455962445959107
ENSG00000280387	0.00154784639831784	3	0.349153389263012
ENSG00000280395	0.0094566677478034	3	0.401971464030685
ENSG00000280415	0.0111237152808361	3	0.408179114107348
ENSG00000280418	0.00626857432920569	3	0.386649818704378
ENSG00000280425	0.00296396173079772	3	0.368387205937262
ENSG00000280434	0.0330846221142568	1	0.461906929219131
ENSG00000280604	0.0270742245001748	1	0.445388005041285
ENSG00000280639	0.000788959472555417	2	0.344260183498746
ENSG00000280660	0.0330769648292956	1	0.453875755890391
ENSG00000280670	0.00482136882836237	2	0.38147600997315
ENSG00000280776	0.0880807921156228	3	0.54750454117258
ENSG00000280916	0.00411368234308085	1	0.366371693385262
ENSG00000281162	0.00417702796581032	1	0.367936600938172
ENSG00000281186	0.0229827753748095	2	0.419207632178129
ENSG00000281196	0.00594293421383707	3	0.37936708859917
ENSG00000281327	0.00629792096927073	1	0.368425863076358
ENSG00000281333	0.0154474444585325	3	0.41757574302308
ENSG00000281692	0.025621525869078	2	0.446202769335041
ENSG00000281741	0.00777958129699519	3	0.395278739264124
ENSG00000281969	0.048978763494936	2	0.48602636837496
ENSG00000281974	0.00448389172485097	1	0.377891294999655
ENSG00000282024	0.00159535932844235	2	0.355879958904582
ENSG00000282080	0.0069647227623636	3	0.387508114847853
ENSG00000282142	0.00418360464587209	3	0.378839153757032
ENSG00000282160	0.0186497710029119	1	0.398701564070374
ENSG00000282458	0.00744375620259163	1	0.394104705616332
ENSG00000282572	0.00212949801098949	2	0.365787731260989
ENSG00000282608	0.031102156081345	2	0.459420471809826
ENSG00000282692	0.0360336355202969	1	0.410738815090067
ENSG00000282826	0.0492524936389835	3	0.49208670859632
ENSG00000282855	0.00636830204809702	3	0.376886748309201
ENSG00000282882	0.00991563955609875	3	0.400740199834165
ENSG00000282885	0.00203270052383131	3	0.36496237001232
ENSG00000282890	0.00704219463440969	3	0.390607609702335
ENSG00000282961	0.00251142036338103	1	0.368620896596923
ENSG00000282988	0.0028768628349386	3	0.360636987385488
ENSG00000283033	0.0119551232828125	3	0.408309291144899
ENSG00000283050	0.0159812905189741	2	0.377330906545736
ENSG00000283096	0.00104762942166836	3	0.356038310772003
ENSG00000283097	0.00677482128217632	3	0.371895887464829
ENSG00000283128	0.00367987866035446	2	0.366063333112327
ENSG00000283199	0.0401903705867148	1	0.467032946922303
ENSG00000283294	0.0248308898339806	3	0.388678765517361
ENSG00000283431	0.0155719530379934	2	0.405545771304676
ENSG00000283443	0.00374313982798669	3	0.371397198238125
ENSG00000283445	0.0319360223721304	3	0.445344402343318
ENSG00000283462	0.0915404069481132	2	0.51202604345702
ENSG00000283486	0.0165709620385757	2	0.423416221149013
ENSG00000283503	0.0209827750373249	3	0.430933858463104
ENSG00000283529	0.0310384836851896	1	0.420827051764308
ENSG00000283608	0.0104374119159844	2	0.391666414456278
ENSG00000283632	0.00425667066740776	3	0.365093603593919
ENSG00000283635	0.00258485028116939	3	0.353805057116588
ENSG00000283646	0.0233408104060875	3	0.43856788307605
ENSG00000283674	0.0271741452036433	1	0.410013932742206
ENSG00000283709	0.0371761201279986	1	0.416238851792794
ENSG00000283914	0.00193450945913154	2	0.364215244282172
ENSG00000283930	0.0138889920109587	2	0.375520538586485
ENSG00000283994	0.00194633793214061	3	0.359072747276691
ENSG00000284138	0.00295917633736165	1	0.368608630658119
ENSG00000284194	0.0012865783669781	3	0.358395984552417
ENSG00000284471	0.0087203402629612	1	0.388756885386888
ENSG00000284491	0.00940639845498048	3	0.399697600749518
ENSG00000284513	0.0251920605157181	1	0.405394593787928
ENSG00000284623	0.00230973509727372	3	0.365781984216891
ENSG00000284624	0.0530476736932399	1	0.484696262459607
ENSG00000284696	0.0105815204591216	3	0.404743571019098
ENSG00000284703	0.0442894399206536	3	0.483645095130555
ENSG00000284713	0.0176319840559052	1	0.398455026611804
ENSG00000284716	0.0058962566957308	1	0.367708714126317
ENSG00000284723	0.00730225570877752	3	0.393412818807971
ENSG00000284748	0.00569357857483632	3	0.386117002212457
ENSG00000284839	0.0111767385549525	3	0.40726378084324
ENSG00000284848	0.0423758585123514	3	0.453260542853414
ENSG00000284930	0.00153065782431883	3	0.354471344390872
ENSG00000284959	0.00942656657668117	1	0.399259306620495
ENSG00000284969	0.00402433272582625	3	0.376159147687649
ENSG00000284977	0.000518670858578929	1	0.346219653692216
ENSG00000285030	0.00459868371905148	3	0.375069279031977
ENSG00000285051	0.0864699627977945	2	0.539764664371076
ENSG00000285106	0.0401558466212706	1	0.451066413386263
ENSG00000285210	0.0214713171039607	3	0.397493332389507
ENSG00000285215	0.0136164414849851	3	0.410498903809163
ENSG00000285218	0.0133711184130053	2	0.382627819524887
ENSG00000285230	0.0223006081395887	2	0.390503127651818
ENSG00000285269	0.0309034973930333	2	0.453932971370584
ENSG00000285314	0.00500677811516925	3	0.376370120011548
ENSG00000285417	0.00709454674466081	3	0.392485415587201
ENSG00000285437	0.0197755583527561	1	0.433633638250762
ENSG00000285476	0.062989524668353	3	0.448049147095903
ENSG00000285517	0.0631227769466097	3	0.509647776106043
ENSG00000285523	0.0057364456720308	3	0.386823882237568
ENSG00000285529	0.0034884022779551	3	0.373391354641411
ENSG00000285534	0.00246341221273794	2	0.352093454135854
ENSG00000285561	0.0623717035261255	3	0.51198657025234
ENSG00000285564	0.0343122220321921	2	0.45805277607188
ENSG00000285567	0.00654950513236707	3	0.390610820886463
ENSG00000285572	0.019375372532995	3	0.432223059722005
ENSG00000285578	0.0689021583708321	3	0.515464224961739
ENSG00000285581	0.0247411888177239	1	0.43539467388633
ENSG00000285601	0.0211285307016283	3	0.43597763593997
ENSG00000285610	0.00700103325631141	2	0.377345756186906
ENSG00000285631	0.0103095549194981	3	0.399029679233907
ENSG00000285633	0.00618358161580246	3	0.378563857801453
ENSG00000285634	0.0656330298272702	3	0.507782684993035
ENSG00000285638	0.0163038175664539	3	0.424203560986818
ENSG00000285644	0.000218656702972053	3	0.340698577521725
ENSG00000285705	0.00274631391151547	3	0.356848862086025
ENSG00000285729	0.00334731550251866	3	0.368936911149456
ENSG00000285735	0.0432475901271595	3	0.480205109882745
ENSG00000285751	0.00645786044400665	3	0.380347822609078
ENSG00000285752	0.00196152824744478	3	0.363838213263006
ENSG00000285761	0.000353094406175813	3	0.343591191888359
ENSG00000285778	0.0189513290496737	3	0.429867073306352
ENSG00000285810	0.0125415203140523	3	0.412710916405944
ENSG00000285817	0.0163988924339434	3	0.423711901636934
ENSG00000285837	0.00181349226447225	3	0.354254459140983
ENSG00000285883	0.0391659127104922	3	0.474337332702688
ENSG00000285885	0.0174903868490384	3	0.425052490910006
ENSG00000285887	0.00267558577724702	3	0.367836365750095
ENSG00000285908	0.00392540152633247	3	0.376919768947754
ENSG00000285919	0.00638604600827319	3	0.386516599749372
ENSG00000285934	0.00264538934216751	3	0.360018996206243
ENSG00000285939	0.0373530553638497	3	0.467830172510491
ENSG00000285957	0.00183985963951638	2	0.362445196814777
ENSG00000285967	0.0238790710960716	3	0.424561316399714
ENSG00000285969	0.00889581866212008	3	0.400172425094757
ENSG00000285972	0.0101825023717319	2	0.391690611389202
ENSG00000285994	0.0118819504078154	1	0.379684318860183
ENSG00000285999	0.0040497835062181	2	0.360687639925102
ENSG00000286003	0.0161918061752284	3	0.423922236205377
ENSG00000286016	0.0167406601800418	3	0.41000072943639
ENSG00000286021	0.0626621561413474	3	0.49672380410286
ENSG00000286033	0.00584750348111163	3	0.384968331472314
ENSG00000286043	0.00799130755272759	3	0.366821742877623
ENSG00000286056	0.0197137610374419	3	0.407206788048727
ENSG00000286058	0.0179896826750019	3	0.414830804093776
ENSG00000286084	0.0718318878707166	3	0.526714241890208
ENSG00000286102	0.0080483710495417	3	0.389648653503789
ENSG00000286109	0.00839018629929122	3	0.398062864327143
ENSG00000286115	0.00397639077928469	3	0.376923765920728
ENSG00000286117	0.00752871778186925	3	0.389098015654348
ENSG00000286121	0.00899062483883717	3	0.390727364259469
ENSG00000286153	0.00626669016067172	3	0.379821838902367
ENSG00000286159	0.0163273497190098	2	0.420247411905511
ENSG00000286186	0.00171591657813186	2	0.35508554543413
ENSG00000286189	0.00345336590505996	3	0.374185610167686
ENSG00000286194	0.00169191929491197	2	0.349390781652688
ENSG00000286198	0.0367163015456267	3	0.465017714839086
ENSG00000286218	0.0147187242702196	3	0.417932943011063
ENSG00000286220	0.0380283812591037	2	0.460710355951333
ENSG00000286269	0.0511648994438475	3	0.466519412864571
