Database	ID	Final Term	Gene Ratio	Fold Enrichment	p value	adjust p value	-Log(Adj P)	Count	Gene IDs
BP	GO:0006909	BP Phagocytosis	0.0456730769230769	2.78122456247456	2.25139924876933e-13	1.09733199385017e-09	8.95966195831051	57	ANXA11/AZU1/CD14/SCARB1/CEACAM4/CLN3/CNN2/CSK/CYBA/DNM2/DOCK2/FCER1G/FCN1/FGR/GSN/HCK/ICAM3/ITGAM/ITGB2/ITGB3/MYD88/MYH9/NCF2/NCF4/PAK1/PECAM1/PLCG2/PLD2/PRKCD/RARA/SLC11A1/SYK/TGFB1/THBS1/TYROBP/VAV1/RAB7A/DYSF/MARCO/ELMO1/ARHGAP25/SIRPB1/LMAN2/CORO1A/TREX1/CD300A/JMJD6/PIP5K1C/SH3BP1/PYCARD/XKR8/RAB20/RAB34/SIRPA/CD300LF/UNC13D/PEAR1
BP	GO:0007015	BP Actin filament organization	0.0625	2.18636018237082	1.12099028902583e-11	2.73185333435595e-08	7.56354262043329	78	ACTG1/ACTN1/ADD1/ALDOA/ARF1/RHOA/RHOG/ARRB1/CAPG/CAPZB/CFL1/CNN2/DBN1/DIAPH1/DNM2/CTTN/PTK2B/FLII/GRB2/GSN/HCK/HCLS1/INPPL1/ITGB5/MYO1F/MYO7B/PAK1/PFN1/PRKCD/PXN/RAC1/RAC2/SLC9A1/SRF/VASP/WIPF1/ZYX/TAGLN2/GAS7/NRP1/PSTPIP1/PDLIM1/ARHGEF2/PPM1F/ELMO1/ARHGAP25/WDR1/ARPC4/ARPC1B/CDC42EP2/ARPC1A/GAS2L1/TRIOBP/CDC42EP1/CORO1A/TWF2/COTL1/SH3BP1/PYCARD/F11R/MSRB1/INPP5K/SSH3/BIN3/PREX1/GBA2/MICAL1/MARCKSL1/CORO7/MICALL2/LIMD2/PPP1R9B/FCHSD1/ESAM/MYADM/ARAP1/SAMD14/KCTD13
BP	GO:0002275	BP Myeloid cell activation involved in immune response	0.0240384615384615	3.59296953046953	1.08599208885391e-10	1.76437514702466e-07	6.75340906831942	30	DOCK2/FCER1G/FES/FGR/GRN/IL4R/ITGAM/ITGB2/LGALS9/MYD88/PIK3CD/PLCG2/PTAFR/PTPN6/RAC2/SPI1/STX4/STXBP2/SYK/TYROBP/LAT2/DYSF/GAB2/LILRA2/TREX1/CD300A/SBNO2/PYCARD/PRAM1/UNC13D
BP	GO:0050900	BP Leukocyte migration	0.0536858974358974	2.13796191553545	9.0985006607719e-10	7.95015676328511e-07	6.09962430772611	67	ADAM8/AGER/AKT1/ALOX5/RHOA/AZU1/C5AR1/CCR1/CNN2/CSF1R/CSF3R/DUSP1/PTK2B/FCER1G/FUT7/GBA1/GP1BA/FFAR2/HCK/HMOX1/CXCR1/CXCR2/IL16/ITGA2B/ITGB2/ITGB3/LGALS9/MYD88/MYH9/NINJ1/CCN3/PECAM1/PF4/PIK3CD/MAPK3/PTAFR/RAC1/RAC2/SELP/SELPLG/ST3GAL4/STK10/SYK/TGFB1/THBS1/TRPM2/VAV1/WDR1/CORO1A/CD300A/PIP5K1C/DAPK2/IL17RA/C5AR2/PYCARD/F11R/TREM1/TRPM4/PREX1/CXCL16/GPSM3/RIN3/SLC8B1/NLRP12/JAML/SPNS2/SIRPA
BP	GO:0002274	BP Myeloid leukocyte activation	0.0400641025641026	2.45264764048009	9.67398056748955e-10	7.95015676328511e-07	6.09962430772611	50	AGER/AZU1/C5AR1/CD33/CEBPA/CLU/DOCK2/FCER1G/FES/FGR/GRN/IL4R/CXCR2/IL16/ITGAM/ITGB2/LGALS9/LTBR/MYD88/PIK3CD/PLCG2/PRKCD/PTAFR/PTPN6/RAC2/RELB/SLC11A1/SPI1/STX4/STXBP2/SYK/TGFB1/THBS1/TYROBP/LAT2/DYSF/GAB2/NDRG1/LILRB4/LILRA2/TREX1/CD300A/SBNO2/JMJD6/PYCARD/PREX1/PRAM1/BATF2/CD300LF/UNC13D
BP	GO:0060627	BP Regulation of vesicle-mediated transport	0.0657051282051282	1.96415667665668	9.78681587601778e-10	7.95015676328511e-07	6.09962430772611	82	ACTB/ACTG1/AP2A1/ARF1/ARHGAP1/ARRB1/ARRB2/AZU1/CD14/SCARB1/CD63/AP2M1/CLU/CLN3/CNN2/CSK/CYBA/DLG4/DOCK2/FCER1G/FCN1/FES/FGR/GNAI2/HCK/IL4R/ITGAM/ITGB2/ITGB3/LAMP1/LGALS9/LRPAP1/PLCG2/PLD2/SEPTIN5/SEPTIN4/MAPK3/MAP2K2/PTAFR/RAC1/RAC2/SLC11A1/SPI1/STX4/STXBP2/SYK/TGFB1/TSC2/NR1H2/RAB7A/DYSF/NRP1/UNC119/HGS/RAB11B/RAB3D/GAB2/FLOT1/SIRPB1/EHD1/LMAN2/CORO1A/PACSIN2/CD300A/RPH3A/CHMP2A/PYCARD/RAB4B/NECAB2/VPS18/MICAL1/RIN3/RUFY1/DNAJC5/PRAM1/STON2/LRSAM1/SIRPA/CD300LF/UNC13D/TPCN2/ANKRD13D
BP	GO:0071706	BP Tumor necrosis factor superfamily cytokine production	0.032051282051282	2.63484432234432	5.01441216873315e-09	3.05503061380067e-06	5.5149844334286	40	ADAM8/AGER/ARRB2/AZU1/BCL3/TSPO/CD14/TNFRSF8/CD33/CLU/CYBA/GSTP1/HLA-E/LGALS9/MYD88/OAS1/OAS2/PF4/PLCG2/PTAFR/PTPN6/RARA/STAT3/SYK/TGFB1/THBS1/TYROBP/ZFP36/ARHGEF2/MAPKAPK2/ARID5A/LILRB4/LILRA2/TREX1/C5AR2/PYCARD/VSIR/FRMD8/SIRPA/LILRA5
BP	GO:1903555	BP Regulation of tumor necrosis factor superfamily cytokine production	0.032051282051282	2.63484432234432	5.01441216873315e-09	3.05503061380067e-06	5.5149844334286	40	ADAM8/AGER/ARRB2/AZU1/BCL3/TSPO/CD14/TNFRSF8/CD33/CLU/CYBA/GSTP1/HLA-E/LGALS9/MYD88/OAS1/OAS2/PF4/PLCG2/PTAFR/PTPN6/RARA/STAT3/SYK/TGFB1/THBS1/TYROBP/ZFP36/ARHGEF2/MAPKAPK2/ARID5A/LILRB4/LILRA2/TREX1/C5AR2/PYCARD/VSIR/FRMD8/SIRPA/LILRA5
BP	GO:0006935	BP Chemotaxis	0.0520833333333333	2.04582622298066	1.0580076514168e-08	4.21265969726984e-06	5.37544362218507	65	ADAM8/AGER/ALOX5/RHOA/RHOG/ARRB2/AZU1/C5AR1/CCR1/CSF1R/CSF3R/DOCK2/DUSP1/DUSP3/PTK2B/FCER1G/FES/FPR1/FFAR2/CXCR1/CXCR2/IL16/ITGB2/ITGB3/LGALS9/LSP1/NINJ1/CCN3/PF4/PIK3CD/PLAUR/PRKCD/MAPK3/PTAFR/RAC1/RAC2/RNASE2/STX4/SYK/TGFB1/THBS1/TRPM2/TSC2/VAV1/NRP1/PPM1F/SEMA4D/SEMA4B/CORO1A/PIP5K1C/DAPK2/IL17RA/PRKD2/C5AR2/TREM1/TRPM4/PREX1/CXCL16/GPSM3/SEMA4A/RIN3/SLC8B1/CMTM7/CMTM5/JAML
BP	GO:0007033	BP Vacuole organization	0.0408653846153846	2.27207590115199	1.1236064026366e-08	4.21265969726984e-06	5.37544362218507	51	ATP6V0B/ATP6V0A1/TPP1/CLN3/CTSD/GAA/GBA1/GRN/HPS1/LAMP1/CHMP1A/PI4KB/RALB/LAPTM5/RAB7A/TFEB/ULK1/MTMR3/ATP6V1F/ATG13/TOM1/TCIRG1/ATG7/CORO1A/TREX1/GABARAP/ATG2A/ATG4B/WIPI2/CHMP2A/CLN6/LAMTOR1/WIPI1/RAB20/NSFL1C/ELAPOR1/VPS18/TP53INP2/ATG9A/PHF23/RAB1B/RAB34/SPNS1/FHIP1B/MAP1LC3A/ATG16L2/LRSAM1/CHMP4B/TPCN2/RAB43/RNASEK
BP	GO:0045088	BP Regulation of innate immune response	0.0608974358974359	1.88405534877309	2.73272091648136e-08	9.51377267637868e-06	5.02164722989466	76	ADAM8/ADAR/AKT1/ARRB2/SERPING1/CD14/CYBA/FCN1/FGR/FFAR2/GPS2/GRN/HCK/HLA-B/HLA-E/HSPA1A/IRF1/IRF7/LAMP1/LGALS9/LRCH4/MEFV/MYD88/NINJ1/OAS1/PAK1/PLCG2/PTPN6/PVR/SEC14L1/SLC19A1/SPI1/TRIM21/SYK/TGFB1/TYROBP/NR1H2/VAV1/TRIM25/MAPKAPK3/SQSTM1/MAPKAPK2/ISG15/N4BP1/FLOT1/TNIP1/KAT5/CD300C/TRAFD1/LILRA2/TREX1/CD300A/NLRP1/SIRT2/ZDHHC5/SMPDL3B/PYCARD/SLC15A3/PARP14/NAGK/NPLOC4/GPR108/ZNFX1/NLRX1/CPTP/ZBP1/TRIM11/ZDHHC18/ZDHHC12/RNF185/NLRP3/RASGRP4/CD300LF/PIK3R6/NLRP6/NCF1
BP	GO:0016032	BP Viral process	0.0592948717948718	1.87995779473052	4.59339009152133e-08	1.49254555373833e-05	4.82607240496558	74	ADAR/GRK2/AKT1/ANPEP/SCARB1/CFL1/CSF1R/CSNK2B/FCN1/GSK3A/GSN/HLA-DRB1/HSPA1A/IRF7/ITGA5/ITGB3/ITGB5/LAMP1/LGALS9/MGAT1/OAS1/OAS2/OAZ2/P4HB/FURIN/PCBP1/CHMP1A/PVR/NECTIN1/SELPLG/ST3GAL2/ST3GAL4/SP1/TRIM21/USF1/USF2/VCP/ZFP36/TRIM25/RAB7A/NRP1/CLDN9/CTDP1/ISG15/N4BP1/SETDB1/TNIP1/IFITM2/ST6GALNAC2/WWP2/MGAT4B/MON1B/LAMP3/CHMP2A/F11R/INPP5K/VPS37C/EDEM2/ZNFX1/VPS18/VPS37B/TRIM11/TRIM8/RAB1B/ATG16L2/TMEM250/LRSAM1/MVB12A/CHMP4B/APOBEC3A/TPCN2/RAB43/CLEC4G/RNASEK
BP	GO:0019221	BP Cytokine-mediated signaling pathway	0.0576923076923077	1.88096535192852	6.84808532409424e-08	1.96338634527267e-05	4.70699423371087	72	ACTN4/ADAR/AKT1/CEBPA/CCR1/CSF1R/CSF3R/CSNK2B/DOK1/PTK2B/FCER1G/GPS2/GSTP1/HCK/HCLS1/HSPA1A/IL1RN/IL4R/CXCR1/CXCR2/IL10RB/IL16/ILK/IRF1/IRF7/MYD88/OAS1/OAS2/P4HB/PF4/PRKACA/MAPK3/PTPN6/RAF1/SPI1/STAT3/STAT5A/STAT6/SYK/TNFRSF1A/TNFRSF1B/TYK2/NR1H2/LAPTM5/ULK1/SOCS3/MAPKAPK2/ISG15/TBKBP1/SPATA2/LILRB2/AGPAT1/AGPAT2/IFITM2/SH2B2/TNFSF13B/LILRB4/LILRA1/LILRA2/TREX1/IL17RA/NKIRAS2/PYCARD/TOLLIP/PARP14/ZBP1/RNF185/CD300LF/NLRP6/PELI3/LILRA5/SLC27A1
BP	GO:0009611	BP Response to wounding	0.0600961538461538	1.83460645786574	1.06864210909616e-07	2.7484616268985e-05	4.56091032213015	75	ACTB/ACTG1/AGER/ALOX12/ALOX5/RHOA/BAX/TSPO/SERPING1/SCARB1/CDKN1A/CCR1/CNN2/COMT/EXTL3/F12/FCER1G/GP1BA/GP9/GRN/HMOX1/ILK/ITGA5/ITGB3/ITGB4/ITGB5/ITPK1/MYH9/PAK1/CHMP1A/PF4/SERPINA1/PLAUR/PLCG2/PRKCD/MAP2K2/MAP2K7/PTPN6/PTPRF/RAC1/RAF1/SELP/ST3GAL4/SLC11A1/SPP1/SRF/STAT3/SYK/TBXA2R/TGFB1/THBS1/TLN1/TYROBP/USF1/VAV1/VWF/ZFP36/NRP1/MYL9/CHMP2A/CERS2/F11R/GP6/MRTFA/RIPOR1/MPIG6B/FERMT3/EMILIN2/LRG1/JAML/CHMP4B/NLRP6/C6orf89/TREML1/PEAR1
BP	GO:0032103	BP Positive regulation of response to external stimulus	0.0721153846153846	1.72552174956021	1.12780534546512e-07	2.7484616268985e-05	4.56091032213015	90	ADAM8/AGER/AKT1/ALOX5AP/ARRB2/AZU1/C5AR1/CD14/CEBPA/CCR1/CSF1R/CYBA/PTK2B/FCN1/FFAR2/GPS2/GRN/HCK/HLA-E/HSPA1A/IL16/IRF1/IRF7/LAMP1/LGALS9/LRCH4/MEFV/MYD88/NINJ1/OAS1/PAK1/PLCG2/MAPK3/MAPK13/PVR/RAC1/RAC2/SEC14L1/SLC19A1/SPI1/STX4/SYK/TGFB1/THBS1/TNFRSF1A/TYROBP/USF1/VAV1/TRIM25/MAPKAPK3/NRP1/SQSTM1/MAPKAPK2/PPM1F/FLOT1/TNIP1/KAT5/LILRA2/TREX1/CD300A/NLRP1/SIRT2/DAPK2/IL17RA/PRKD2/ZDHHC5/SMPDL3B/PYCARD/SLC15A3/RNF31/NAGK/NPLOC4/GPR108/ZNFX1/GPSM3/NLRX1/CPTP/ZBP1/TRIM11/EMILIN2/ZDHHC18/ZDHHC12/LRSAM1/RNF185/NLRP12/NLRP3/RASGRP4/CD300LF/NLRP6/LILRA5
BP	GO:0006898	BP Receptor-mediated endocytosis	0.0376602564102564	2.18904995467495	1.41749944125672e-07	3.00386620725445e-05	4.52231941479207	47	GRK2/AP2A1/ARF1/ARRB1/ARRB2/ASGR1/CD14/CD63/AP2M1/CLU/CLN3/DLG4/DNM1/DNM2/CTTN/FCER1G/GAK/GRB2/CXCR1/CXCR2/ITGAM/ITGB2/ITGB3/LRP3/LRPAP1/PI4KB/PLCG2/RAC1/RALB/SYK/MARCO/UNC119/HGS/PDLIM7/FLOT1/LILRB4/FCHO1/STAB1/PIP5K1C/NECAB2/CXCL16/RIN3/STON2/ARHGAP27/TPCN2/ANKRD13D/RNASEK
BP	GO:0050727	BP Regulation of inflammatory response	0.0480769230769231	1.96910073911853	1.64778638742205e-07	3.21252434091803e-05	4.49315357305012	60	ADAM8/AGER/ALOX5/ALOX5AP/CEBPA/EXTL3/F12/FGR/FUT7/GBA1/GGT1/FFAR2/GPS2/GRN/GSTP1/HCK/HLA-DRB1/HLA-E/IL16/MEFV/MMP9/MYD88/NINJ1/CCN3/FURIN/PLCG2/PRKCD/MAPK13/PTPN6/STAT3/SYK/TGFB1/TNFRSF1A/TNFRSF1B/ZFP36/BAP1/PGLYRP1/SOCS3/SPATA2/LPCAT3/TNIP1/TREX1/MGLL/NLRP1/SBNO2/IL17RA/ZDHHC5/SMPDL3B/PYCARD/GPSM3/RHBDF2/NLRX1/AKNA/ZBP1/NLRP12/NLRP3/SIRPA/NLRP6/LILRA5/NCF1
BP	GO:0008360	BP Regulation of cell shape	0.0248397435897436	2.67178139228373	1.87500912385158e-07	3.51492094986639e-05	4.45408443776304	31	ALDOA/RHOG/FMNL1/CSF1R/DAPK3/DIAPH1/MARK2/PTK2B/FES/FGR/HCK/ITGB2/MYH9/PLXNA2/RAC1/LST1/NHERF1/WDR1/CDC42EP2/SEMA4D/CDC42EP1/CORO1A/PLXND1/PARVB/F11R/PLEKHO1/PARVG/SEMA4A/FGD3/ARAP1/PEAK3
BP	GO:0032418	BP Lysosome localization	0.0184294871794872	3.16574579027937	2.51942478161869e-07	4.54802829096649e-05	4.34217684245123	23	FES/FGR/IL4R/LGALS9/MYH9/PIK3CD/RAC2/STXBP2/SYK/LAT2/TFEB/PLEKHM1/GAB2/CD300A/PLEKHM2/RNF167/DEF8/LAMTOR1/KXD1/NDEL1/RAB34/UNC13D/BORCS8
BP	GO:0007186	BP G protein-coupled receptor signaling pathway	0.063301282051282	1.76400594462035	2.71148158881082e-07	4.60600456873109e-05	4.33667563559156	79	ADCY6/GRK2/AKT1/APLP2/ARRB1/ARRB2/AZU1/C5AR1/CALM3/ADGRE5/CCR1/LTB4R/ECE1/ADGRE1/PTK2B/FCN1/FPR1/FZD2/GNA15/GNAI2/GNAZ/GNB1/GNB2/GNG5/GP1BA/FFAR2/GRK6/GSK3A/HRH2/CXCR1/CXCR2/ITGB3/KCNQ1/OPRL1/PF4/PLCB2/PRKACA/PSAP/PTAFR/PTGIR/PTPN6/RAC1/RAC2/TBXA2R/VAV1/MARCO/S1PR4/HCAR3/LPAR2/NHERF1/HOMER3/ARHGEF11/RGS19/RGS14/MGLL/MGRN1/NCSTN/PIK3R5/PRKD2/C5AR2/GPR162/RAPGEFL1/INPP5K/NECAB2/ZDHHC7/AGTRAP/PREX1/RIC8A/KLF16/PPP1R9B/ORAI1/RASGRP4/SPNS2/PIK3R6/GPBAR1/OXER1/NLRP6/ADCY4/ADGRG3
BP	GO:0050878	BP Regulation of body fluid levels	0.0424679487179487	2.03651509081197	2.83504589786485e-07	4.60600456873109e-05	4.33667563559156	53	ACTB/ACTG1/ADCY6/ALOX12/SERPING1/CYBA/F12/FCER1G/FOSL2/GNAI2/GP1BA/GP9/ILK/ITGB3/ITPK1/MTX1/MYH9/NFE2/OAS2/OPRL1/PF4/SERPINA1/PLAUR/PLCG2/PRKACA/PRKCD/PTPN6/SELP/ST3GAL4/SRF/STAT5A/SYK/TBXA2R/THBS1/TLN1/NR1H2/USF1/USF2/VAV1/VDR/VWF/MYL9/ZNF385A/F11R/ZBTB7B/GP6/INPP5K/MPIG6B/FERMT3/EMILIN2/NLRP6/TREML1/PEAR1
BP	GO:1990849	BP Vacuolar localization	0.0184294871794872	3.1191907051282	3.42074050653307e-07	5.37828684801361e-05	4.26935603863423	23	FES/FGR/IL4R/LGALS9/MYH9/PIK3CD/RAC2/STXBP2/SYK/LAT2/TFEB/PLEKHM1/GAB2/CD300A/PLEKHM2/RNF167/DEF8/LAMTOR1/KXD1/NDEL1/RAB34/UNC13D/BORCS8
BP	GO:0002764	BP Immune response-regulating signaling pathway	0.0713141025641026	1.68879425187296	3.59251993552612e-07	5.47185692679822e-05	4.26186526668165	89	AKT1/ARRB2/BAX/C5AR1/CD14/CD33/CSK/CYBA/DUSP3/FCER1G/FCN1/FGR/FOSL2/FPR1/FFAR2/GPS2/GRB2/HCK/HLA-DRB1/HSPA1A/INPP5D/IRF1/IRF7/ITGAM/LRCH4/MEFV/MYD88/NINJ1/OAS1/PAK1/PIK3CD/PLCG2/PLD2/PRKCD/MAP2K7/PTPN6/SEC14L1/SLC19A1/SYK/TYROBP/VAV1/LAT2/TRIM25/LAPTM5/MAPKAPK3/SQSTM1/MAPKAPK2/THEMIS2/FLOT1/LILRB2/TNIP1/SH2B2/RBCK1/LILRB4/LILRA1/LILRB3/LILRA2/TREX1/CD300A/NLRP1/SIRT2/FCHO1/PRKD2/ZDHHC5/C5AR2/SMPDL3B/PYCARD/GP6/SLC15A3/SPG21/RNF31/NAGK/NPLOC4/GPR108/LILRA6/NLRX1/CPTP/TRIM11/PRAM1/ZDHHC18/NFKBID/ZDHHC12/NLRP3/CD300LB/OSCAR/CD300LF/NFAM1/NLRP6/LILRA5
BP	GO:0032102	BP Negative regulation of response to external stimulus	0.047275641025641	1.92941614384434	4.33455646596812e-07	6.40200855003897e-05	4.1936837501806	59	ADAR/ALOX12/ALOX5/ARRB2/SERPING1/DUSP1/DUSP3/EXTL3/F12/FGR/GBA1/GP1BA/GPS2/GRN/GSTP1/HCK/HLA-B/HLA-DRB1/HLA-E/LGALS9/MEFV/CCN3/OAS1/FURIN/PF4/PLAUR/PRKCD/PTPN6/SPP1/TRIM21/STAT3/SYK/TGFB1/THBS1/TNFRSF1A/TNFRSF1B/NR1H2/USF1/ZFP36/NRP1/PGLYRP1/SOCS3/ISG15/LPCAT3/TRAFD1/LILRA2/TREX1/C5AR2/SMPDL3B/CERS2/PARP14/RHBDF2/NLRX1/RIN3/ZDHHC18/NLRP12/NLRP3/SIRPA/NLRP6
BP	GO:0043254	BP Regulation of protein-containing complex assembly	0.0536858974358974	1.83344508483603	5.27297484447476e-07	7.01373884291932e-05	4.15405040914037	67	ADD1/RHOA/BAX/CAPG/CAPZB/CLU/DCTN1/CTTN/PTK2B/FES/FLII/GAK/GBA1/GRB2/GSN/H3-3A/H3-3B/HCK/HCLS1/HSPA1A/MEFV/MYD88/PAK1/PFN1/PLCG2/PRKCD/RAC1/RAF1/RALB/SELP/SYK/TGFB1/NR1H2/VASP/VCP/ULK1/NAPA/ISG15/OSBPL2/BCL2L11/CDC42EP2/TRIOBP/CDC42EP1/CORO1A/TWF2/MAPRE3/SIRT2/JMJD6/VPS39/COTL1/TFIP11/ZDHHC5/PYCARD/SSH3/NCLN/PREX1/VPS18/GBA2/CPTP/TRIM11/MED25/PSRC1/ZDHHC12/FCHSD1/BMF/ESAM/MYADM
BP	GO:0030595	BP Leukocyte chemotaxis	0.032051282051282	2.18271127294796	1.29199531537172e-06	0.000139937448158262	3.85406604996719	40	ADAM8/ALOX5/AZU1/C5AR1/CCR1/CSF1R/CSF3R/DUSP1/PTK2B/FCER1G/FFAR2/CXCR1/CXCR2/IL16/ITGB2/LGALS9/NINJ1/CCN3/PF4/PIK3CD/MAPK3/RAC1/RAC2/SYK/THBS1/TRPM2/VAV1/CORO1A/PIP5K1C/DAPK2/IL17RA/C5AR2/TREM1/TRPM4/PREX1/CXCL16/GPSM3/RIN3/SLC8B1/JAML
BP	GO:0002697	BP Regulation of immune effector process	0.0504807692307692	1.8212638654449	1.4610617170658e-06	0.000154809017586494	3.81020374537153	63	AGER/ARRB2/SERPING1/FCN1/FES/FGR/FUT7/FFAR2/GRN/HK1/HLA-B/HLA-C/HLA-DRB1/HLA-E/HLX/IL4R/ITGAM/ITGB2/JUNB/LAMP1/LGALS9/MYD88/PLCG2/PTAFR/PTPN6/PVR/RAC2/RARA/SECTM1/SPI1/STAT5A/STAT6/STX4/STXBP2/SUPT6H/SYK/TGFB1/TNFRSF1B/TYROBP/VAV1/LAPTM5/TNFSF13/PGLYRP1/MAPKAPK2/LITAF/GAB2/ARID5A/LILRB4/TREX1/CD300A/PYCARD/ZBTB7B/TRPM4/CUEDC2/NLRX1/PRAM1/NFKBID/NLRP3/RASGRP4/PIK3R6/UNC13D/CLEC4G/NCF1
BP	GO:0002831	BP Regulation of response to biotic stimulus	0.0649038461538462	1.67109254001033	1.88324523982295e-06	0.000183578745977941	3.73617760112396	81	ADAM8/ADAR/AKT1/ARRB2/SERPING1/CD14/CYBA/FCN1/FGR/FFAR2/GPS2/GRN/HCK/HLA-B/HLA-DRB1/HLA-E/HSPA1A/IRF1/IRF7/LAMP1/LGALS9/LRCH4/MEFV/MYD88/NINJ1/OAS1/PAK1/PLCG2/MAPK3/PTPN6/PVR/SEC14L1/SLC19A1/SPI1/TRIM21/SYK/TGFB1/TYROBP/NR1H2/VAV1/TRIM25/MAPKAPK3/SQSTM1/MAPKAPK2/ISG15/N4BP1/FLOT1/TNIP1/KAT5/CD300C/TRAFD1/LILRA2/TREX1/CD300A/NLRP1/SIRT2/ZDHHC5/SMPDL3B/PYCARD/SLC15A3/PARP14/RNF31/NAGK/NPLOC4/GPR108/ZNFX1/NLRX1/CPTP/ZBP1/TRIM11/EMILIN2/ZDHHC18/ZDHHC12/LRSAM1/RNF185/NLRP3/RASGRP4/CD300LF/PIK3R6/NLRP6/NCF1
BP	GO:0043299	BP Leukocyte degranulation	0.0168269230769231	2.97940088757396	2.57321956038682e-06	0.000232942408548013	3.63275143837923	21	FES/FGR/HCK/IL4R/ITGAM/ITGB2/LAMP1/LGALS9/PIK3CD/PTAFR/RAC2/SPI1/STX4/STXBP2/SYK/LAT2/GAB2/CORO1A/CD300A/PRAM1/UNC13D
BP	GO:0042554	BP Superoxide anion generation	0.0104166666666667	4.13397988505747	3.44704975788154e-06	0.000289671043446804	3.53809491625568	13	ALOX12/CYBA/GNAI2/GSTP1/ITGAM/ITGB2/NCF2/NCF4/PRKCD/SYK/TGFB1/TYROBP/NCF1
BP	GO:0032970	BP Regulation of actin filament-based process	0.0432692307692308	1.85815513777268	4.40597196696143e-06	0.000363978090965594	3.43892475717267	54	ACTA2/ACTG1/ADD1/ARF1/RHOA/RHOG/CAPG/CAPZB/CNN2/CSF1R/DAPK3/DVL3/CTTN/PTK2B/FLII/GRB2/GSN/HCK/HCLS1/ITGB3/MYBPC3/MYH9/PAK1/PFN1/PRKCD/PXN/RAC1/SLC9A1/TGFB1/TRPM2/VASP/NRP1/PPM1F/WDR1/CDC42EP2/TRIOBP/CDC42EP1/CORO1A/TWF2/COTL1/SH3BP1/PYCARD/F11R/INPP5K/TRPM4/SSH3/PREX1/GBA2/ARAP3/FCHSD1/ESAM/MYADM/ARAP1/PEAK3
BP	GO:0045453	BP Bone resorption	0.0136217948717949	3.26610910790598	5.68149440906239e-06	0.000432681308590158	3.36383186549341	17	ADAM8/TPP1/CSF1R/CSK/PTK2B/INPP5D/ITGB3/RAC2/SPP1/SYK/RAB7A/RAB3D/PLEKHM1/TCIRG1/DEF8/GPR137/LRRK1
BP	GO:0043085	BP Positive regulation of catalytic activity	0.0673076923076923	1.60714570699011	6.01230262485514e-06	0.00044399943929612	3.35261757833303	84	ABR/AGER/AKT1/RHOA/RHOG/ATP2A3/CALM3/CASP9/CCND3/SCARB1/CDKN1A/CSF1R/CTSD/DAP/DVL3/MARK2/PTK2B/GRN/GSK3A/GSN/HLA-DRB1/HSPA1A/ITGAM/ITGB2/ITGB3/LGALS9/MEFV/MAP3K11/PAK1/POR/PRKCD/MAPK3/MAP2K2/MAP2K3/MAP2K7/PSAP/MAP4K2/RAF1/RALB/STAT3/STX4/SYK/THBS1/TSC2/UBE2L3/NR1H2/VCP/VDR/XRCC1/LAPTM5/AXIN1/UNC119/PPM1F/BCL2L11/PSME3/SEMA4D/RBCK1/RGS14/ADAP1/NLRP1/MAPRE3/SRGAP2/NCSTN/PIK3R5/SH3BP1/SIPA1L1/PYCARD/TAX1BP3/FZR1/TBC1D2/ADAP2/PSENEN/RCN3/VSIR/ARAP3/NDEL1/PSRC1/ORAI1/NLRP12/STRADA/ARAP1/PIK3R6/LILRA5/PLIN5
BP	GO:0002683	BP Negative regulation of immune system process	0.0584935897435897	1.65813478906151	8.09762048667936e-06	0.000548504929153498	3.26081946527332	73	ADAR/AKT1/ARRB2/SERPING1/CD33/CD68/CEBPA/CNN2/DUSP1/DUSP3/FGR/GPS2/GRN/HCK/HLA-B/HLA-DRB1/HLA-E/HLX/HMOX1/IL4R/INPP5D/IRF1/LGALS9/MEFV/CCN3/OAS1/FURIN/PTPN6/RARA/SEC14L1/SPI1/TRIM21/STAT5A/STAT6/SYK/TGFB1/THBS1/TYROBP/NR1H2/LAPTM5/LST1/SQSTM1/PGLYRP1/ISG15/LILRB2/TRAFD1/LILRB4/LILRB3/LILRA2/TREX1/CD300A/SIRT2/C5AR2/SMPDL3B/ZBTB7B/PARP14/TAPBPL/NPLOC4/GPR137/GPR108/VSIR/CUEDC2/RHBDF2/NLRX1/RIN3/CPTP/TRIM11/RASSF5/ZDHHC18/ZDHHC12/CD300LF/NLRP6/CLEC4G
BP	GO:0046718	BP Symbiont entry into host cell	0.0240384615384615	2.30548878205128	8.45809008650518e-06	0.000564722343583921	3.24816502879715	30	GRK2/ANPEP/SCARB1/FCN1/GSN/HLA-DRB1/HSPA1A/ITGA5/ITGB3/ITGB5/LAMP1/LGALS9/P4HB/FURIN/PVR/NECTIN1/SELPLG/TRIM21/TRIM25/NRP1/CLDN9/IFITM2/WWP2/F11R/VPS18/TRIM11/TRIM8/TPCN2/CLEC4G/RNASEK
BP	GO:0031623	BP Receptor internalization	0.0208333333333333	2.44664115646259	1.06622750500254e-05	0.000692905714584315	3.15932585690559	26	GRK2/AP2A1/ARF1/ARRB1/ARRB2/CD63/AP2M1/DLG4/DNM1/DNM2/FCER1G/GRB2/CXCR1/CXCR2/ITGB2/ITGB3/LRPAP1/PLCG2/RALB/SYK/HGS/FLOT1/LILRB4/NECAB2/RIN3/ANKRD13D
BP	GO:0051258	BP Protein polymerization	0.0376602564102564	1.88448648272018	1.23413769956384e-05	0.000771177839445407	3.1128454588055	47	ADD1/CAPG/CAPZB/CSNK1D/DCTN1/DIAPH1/DNM2/CTTN/PTK2B/FES/FLII/GRB2/GSN/HCK/HCLS1/HSPA1A/PAK1/PFN1/PRKCD/RAC1/VASP/TUBA1A/GAS7/PSTPIP1/ARPC4/CDC42EP2/TRIOBP/CDC42EP1/CORO1A/TWF2/MAPRE3/COTL1/CHMP2A/PYCARD/MSRB1/NDE1/SSH3/PREX1/GBA2/CORO7/MICALL2/NDEL1/PSRC1/FCHSD1/ESAM/MYADM/CHMP4B
BP	GO:0045785	BP Positive regulation of cell adhesion	0.0528846153846154	1.68600841679097	1.2604976988302e-05	0.000777679213177012	3.10919950927835	66	ACTB/ADAM8/AGER/AKT1/ALOX5/RHOA/AZU1/CSK/PTK2B/FLOT2/FUT7/GP1BA/HLA-DRB1/HLA-E/HLX/IL4R/ILK/ITGA5/ITGB2/ITGB3/LGALS9/P4HB/PLAUR/PTAFR/PTPN6/RAC1/RARA/SELP/ST3GAL4/SMARCD2/SMARCD3/STX4/SYK/TGFB1/TYK2/VAV1/NRP1/AP3D1/SART1/PPM1F/FLOT1/LILRB2/SIRPB1/KAT5/TNFSF13B/LILRB4/TRIOBP/CORO1A/FCHO1/PRKD2/POLDIP2/PYCARD/F11R/ZBTB7B/GP6/APBB1IP/PREX1/VSIR/EMILIN2/NFKBID/MYADM/NLRP3/SIRPA/PIK3R6/UNC13D/CCDC88B
BP	GO:0009617	BP Response to bacterium	0.0649038461538462	1.5893156710311	1.35072039335203e-05	0.000822926399649726	3.0846390051952	81	AKT1/ALPL/RHOA/AZU1/BCL3/TSPO/C5AR1/CASP9/CD14/SCARB1/CD68/CYBA/FCER1G/FGR/FOS/FOSL2/GPM6A/GRN/GSTP1/HCK/HLA-B/HLA-DRB1/HLA-E/ITGAM/LGALS9/MMP9/MYD88/NFKB2/NFKBIB/OAS1/OAS2/PF4/PLCG2/PRKCD/MAPK3/MAP2K3/MAP2K7/PTAFR/PTGIR/PYGL/RARA/UPF1/SELP/SLC11A1/SYK/TBXA2R/TNFRSF1A/TNFRSF1B/ZFP36/MAPKAPK3/RAB7A/TFEB/PGLYRP1/MAPKAPK2/LITAF/ISG15/HDAC5/LILRB2/TNIP1/RBCK1/ARID5A/LILRA2/NLRP1/SBNO2/STAB1/PYCARD/MARCHF2/TREM1/PAF1/RNF31/NAGK/ZNFX1/EMILIN2/H2BC12/NLRP3/RASGRP4/LRG1/CMPK2/SIRPA/GBP6/NLRP6
BP	GO:0032956	BP Regulation of actin cytoskeleton organization	0.0392628205128205	1.83689350114655	1.67195616187188e-05	0.000948544663316038	3.02294221503887	49	ACTG1/ADD1/ARF1/RHOA/RHOG/CAPG/CAPZB/CSF1R/DAPK3/DVL3/CTTN/PTK2B/FLII/GRB2/GSN/HCK/HCLS1/ITGB3/PAK1/PFN1/PRKCD/PXN/RAC1/SLC9A1/TGFB1/TRPM2/VASP/NRP1/PPM1F/WDR1/CDC42EP2/TRIOBP/CDC42EP1/CORO1A/TWF2/COTL1/SH3BP1/PYCARD/F11R/INPP5K/SSH3/PREX1/GBA2/ARAP3/FCHSD1/ESAM/MYADM/ARAP1/PEAK3
BP	GO:0007596	BP Blood coagulation	0.0288461538461538	2.06205207835643	1.68417244683033e-05	0.000948544663316038	3.02294221503887	36	ACTB/ACTG1/ALOX12/SERPING1/F12/FCER1G/GP1BA/GP9/ILK/ITGB3/ITPK1/MYH9/PF4/SERPINA1/PLAUR/PLCG2/PRKCD/PTPN6/SELP/ST3GAL4/SRF/SYK/TBXA2R/THBS1/TLN1/USF1/VAV1/VWF/MYL9/F11R/GP6/MPIG6B/FERMT3/EMILIN2/TREML1/PEAR1
BP	GO:0051336	BP Regulation of hydrolase activity	0.0576923076923077	1.62740384615385	1.80761237920471e-05	0.000999666101959669	3.00014503429111	72	ABR/AGER/AKT1/APLP2/RHOA/RHOG/ATP2A3/SERPING1/CALM3/CASP9/CDKN2D/COL7A1/CST3/CSTB/CTSD/DAP/DVL3/GAPDH/GRN/GSN/HSPA1A/LGALS9/MEFV/MMP9/OAS1/FURIN/SERPINA1/PLAUR/PRKCD/PSAP/RAF1/SPINT1/STAT3/SYK/THBS1/TIMP2/TSC2/NR1H2/VAV1/VCP/LAPTM5/PPM1F/BCL2L11/PSME3/SEMA4D/RGS14/SPINT2/ADAP1/NLRP1/SRGAP2/NCSTN/SH3BP1/TBC1D10B/SIPA1L1/LAMP3/PYCARD/TAX1BP3/GMIP/TBC1D2/ADAP2/PSENEN/RCN3/VSIR/ARAP3/MICAL1/RIPOR1/NDEL1/BCL2L12/FGD3/NLRP12/ARAP1/PLIN5
BP	GO:0002444	BP Myeloid leukocyte mediated immunity	0.0200320512820513	2.42683029689609	1.82540588991404e-05	0.000999666101959669	3.00014503429111	25	AZU1/FES/FGR/HLA-E/IL4R/ITGAM/ITGB2/LGALS9/MYD88/PIK3CD/PTAFR/RAC2/SPI1/STX4/STXBP2/SYK/TYROBP/LAT2/GAB2/WDR1/CD300A/TREM1/PRAM1/NLRP6/UNC13D
BP	GO:0016236	BP Macroautophagy	0.0480769230769231	1.70776946818613	2.09095509187178e-05	0.00113236834642034	2.9460122791578	60	AKT1/ATP6V0B/ATP6V0A1/TSPO/CAPN1/CAPNS1/CLN3/CTSD/CTTN/GAA/GAPDH/GBA1/GSK3A/HMOX1/CHMP1A/PRKACA/MAPK3/QSOX1/RALB/TSC2/VCP/RAB7A/ULK1/SQSTM1/MTMR3/ATP6V0D1/HGS/ATG13/PLEKHM1/TOM1/TCIRG1/KAT5/ATG7/GABARAP/ATG2A/ATG4B/VPS39/POLDIP2/WIPI2/CHMP2A/VPS37C/WIPI1/RNF31/NSFL1C/ELAPOR1/TP53INP2/MTMR14/ATG9A/PHF23/VPS37B/RAB1B/SESN2/VPS25/MAP1LC3A/ATG16L2/LRSAM1/MVB12A/CHMP4B/ZDHHC19/RAB43
BP	GO:0050817	BP Coagulation	0.0288461538461538	2.03675082586126	2.24023471443489e-05	0.00118683739110388	2.92560877976817	36	ACTB/ACTG1/ALOX12/SERPING1/F12/FCER1G/GP1BA/GP9/ILK/ITGB3/ITPK1/MYH9/PF4/SERPINA1/PLAUR/PLCG2/PRKCD/PTPN6/SELP/ST3GAL4/SRF/SYK/TBXA2R/THBS1/TLN1/USF1/VAV1/VWF/MYL9/F11R/GP6/MPIG6B/FERMT3/EMILIN2/TREML1/PEAR1
BP	GO:0052547	BP Regulation of peptidase activity	0.0344551282051282	1.89734005030058	2.4073465644945e-05	0.00124823480376023	2.90370371242146	43	AGER/AKT1/APLP2/ATP2A3/SERPING1/CASP9/CDKN2D/COL7A1/CST3/CSTB/CTSD/DAP/GAPDH/GRN/GSN/LGALS9/MEFV/MMP9/FURIN/SERPINA1/PLAUR/RAF1/SPINT1/STAT3/SYK/THBS1/TIMP2/VCP/LAPTM5/PPM1F/BCL2L11/PSME3/SPINT2/NLRP1/NCSTN/LAMP3/PYCARD/PSENEN/RCN3/VSIR/MICAL1/BCL2L12/NLRP12
BP	GO:1903131	BP Mononuclear cell differentiation	0.0592948717948718	1.5981842610941	2.62424061741283e-05	0.00133234883013231	2.87538205506966	74	ACTB/ADAM8/AGER/RHOA/BAX/BCL3/CEBPA/CLPTM1/CSF1R/DOCK2/PTK2B/FCER1G/FES/FOS/FOSL2/FUT7/GBA1/GPS2/HCLS1/HLA-B/HLA-DRB1/HLX/IL4R/INPP5D/IRF1/IRF7/JUNB/LGALS9/LTBR/MMP9/MYD88/MYH9/PF4/PIK3CD/PLCG2/PTPN6/RARA/RELB/SMARCD2/SMARCD3/SPI1/SRF/STAT3/STAT5A/STAT6/SYK/TGFB1/TRPM2/VAV1/AP3D1/PGLYRP1/SOCS3/SART1/HDAC5/LILRB2/TCIRG1/KAT5/TNFSF13B/KDELR1/LILRB4/ACIN1/JMJD6/ZBTB7B/PREX1/VSIR/SEMA4A/NFKBID/CMTM7/NLRP3/BATF2/PIK3R6/NFAM1/ADGRG3/CLEC4G
BP	GO:0030833	BP Regulation of actin filament polymerization	0.0208333333333333	2.32787216828479	2.76701518262448e-05	0.00139035381444451	2.85687466729432	26	ADD1/CAPG/CAPZB/CTTN/PTK2B/FLII/GRB2/GSN/HCK/HCLS1/PFN1/PRKCD/VASP/CDC42EP2/TRIOBP/CDC42EP1/CORO1A/TWF2/COTL1/PYCARD/SSH3/PREX1/GBA2/FCHSD1/ESAM/MYADM
BP	GO:0002685	BP Regulation of leukocyte migration	0.0296474358974359	1.99539379967012	2.79676553275038e-05	0.00139096277618626	2.85668449208791	37	ADAM8/AGER/AKT1/RHOA/C5AR1/CCR1/CNN2/CSF1R/DUSP1/PTK2B/FUT7/GP1BA/HMOX1/ITGA2B/ITGB3/LGALS9/MYD88/NINJ1/CCN3/MAPK3/PTAFR/RAC1/RAC2/SELP/ST3GAL4/STK10/TGFB1/THBS1/CORO1A/CD300A/DAPK2/C5AR2/PYCARD/GPSM3/RIN3/SLC8B1/SPNS2
BP	GO:0050777	BP Negative regulation of immune response	0.0288461538461538	2.01206293706294	2.95953938705069e-05	0.00144247949724851	2.8408903509938	36	ADAR/ARRB2/SERPING1/FGR/GRN/HCK/HLA-B/HLA-DRB1/HLA-E/HLX/IL4R/INPP5D/LGALS9/OAS1/FURIN/PTPN6/SPI1/TRIM21/STAT5A/STAT6/SYK/TGFB1/NR1H2/PGLYRP1/ISG15/TRAFD1/LILRB4/TREX1/CD300A/ZBTB7B/PARP14/RHBDF2/NLRX1/ZDHHC18/NLRP6/CLEC4G
BP	GO:0051452	BP Intracellular ph reduction	0.0120192307692308	3.14384833916084	3.38562268832023e-05	0.00160208980416241	2.79531314345836	15	ATP6V0B/ATP6V0A1/CLN3/GRN/LAMP1/SLC11A1/RAB7A/ATP6V0D1/ATP6V1F/TCIRG1/SLC9A8/CLN6/RAB20/TPCN2/RNASEK
BP	GO:0043312	BP Neutrophil degranulation	0.00560897435897436	5.8685168997669	3.85825001720264e-05	0.0017909629127472	2.74691340742624	7	ITGAM/ITGB2/PTAFR/SPI1/STXBP2/SYK/PRAM1
BP	GO:0032535	BP Regulation of cellular component size	0.0392628205128205	1.77903858772461	4.01274132000377e-05	0.00181093529571281	2.74209706664723	49	ADD1/RHOA/CAPG/CAPZB/AP2M1/CLN3/DNM1/DNM2/E2F4/CTTN/PTK2B/FLII/GRB2/GSN/HCK/HCLS1/PFN1/PRKCD/RAC1/SPP1/SRF/VASP/VAV1/ULK1/NRP1/NHERF1/IST1/WDR1/CDC42EP2/SEMA4D/TRIOBP/CDC42EP1/CORO1A/TWF2/WDTC1/COTL1/SH3BP1/PYCARD/SSH3/SLC12A9/PREX1/GBA2/KXD1/RIN3/FCHSD1/ESAM/MYADM/LAMTOR4/BORCS8
BP	GO:0045862	BP Positive regulation of proteolysis	0.0392628205128205	1.77903858772461	4.01274132000377e-05	0.00181093529571281	2.74209706664723	49	ADAM8/AGER/AKT1/ATP2A3/CASP9/CEBPA/CLU/CSNK1D/CTSD/DAP/ENO1/F12/PTK2B/GBA1/GRN/GSK3A/GSN/HSPA1A/LGALS9/MEFV/MYH9/FURIN/SGTA/STAT3/SYK/TNFRSF1B/VCP/LAPTM5/AXIN1/PPM1F/IST1/BCL2L11/PSME3/ZER1/GABARAP/NLRP1/SIRT2/NCSTN/PYCARD/FZR1/SIRT6/CLN6/AURKAIP1/PSENEN/RCN3/VSIR/TRAF7/RNF185/NLRP12
BP	GO:0043304	BP Regulation of mast cell degranulation	0.00801282051282051	4.19179778554779	4.11486580267734e-05	0.00182722247193105	2.73820857226982	10	FES/FGR/IL4R/LGALS9/RAC2/STXBP2/SYK/GAB2/CD300A/UNC13D
BP	GO:0016050	BP Vesicle organization	0.0456730769230769	1.69564981389578	4.12380943603642e-05	0.00182722247193105	2.73820857226982	57	AP1B1/ATP6V0B/ATP6V0A1/AP2M1/CLN3/CSNK1D/DLG4/DNM1/DNM2/HPS1/RAB8A/CHMP1A/RFX2/STX4/STX5/SURF4/RAB7A/STX10/SQSTM1/AP1M1/AP3D1/ATP6V0D1/HGS/ATP6V1F/IST1/PLEKHM1/TOM1/CORO1A/RPH3A/SCAP/SLC9A8/VPS39/ZNF385A/CIDEB/CHMP2A/SNX11/UBAP1/RAB4B/LAMTOR1/VPS37C/PI4K2A/RAB20/TMEM127/VPS18/TRAPPC1/VPS37B/RUFY1/RAB34/FHIP1B/VPS25/ARFGAP2/ACRBP/MVB12A/CHMP4B/GARIN1A/RNASEK/PEF1
BP	GO:0031329	BP Regulation of cellular catabolic process	0.0528846153846154	1.61874744271686	4.76002454571482e-05	0.00207146068176911	2.68372330559657	66	ADAM8/AKT1/AKT2/ATP6V0B/ATP6V0A1/TSPO/CAPN1/CAPNS1/SCARB1/CLN3/DAP/DAPK3/CTTN/GAPDH/GBA1/GSK3A/HMOX1/MEFV/RAB8A/FURIN/PHKG2/CTSA/PRKACA/PRKCD/MAPK3/PSAP/QSOX1/RALB/TRIM21/STAT3/TIMP2/TNFRSF1B/TSC2/LAPTM5/TFEB/ULK1/SQSTM1/MTMR3/ATP6V0D1/ATG13/TOM1/KAT5/CAMKK2/SIRT2/ATG2A/DAPK2/POLDIP2/LAMP3/PYCARD/WIPI1/RNF31/GPR137/PNPLA2/ELAPOR1/PHF23/CPTP/TRIM8/SESN2/KAT8/BMF/LRSAM1/CHMP4B/ZDHHC19/NLRP6/TPCN2/PLIN5
BP	GO:0010876	BP Lipid localization	0.0456730769230769	1.6793975792578	5.45667043961657e-05	0.00233296594058695	2.63209160150763	57	AKT1/AKT2/TSPO/SCARB1/CLU/CLN3/COMT/GBA1/FFAR2/GPS2/HDLBP/ITGB3/KCNQ1/FURIN/PITPNA/PRKCD/PSAP/RXRA/SPP1/SURF4/SYK/THBS1/NR1H2/SLC25A11/DGAT1/ABCC3/PITPNM1/OSBPL2/LPCAT3/PLIN3/STARD10/EHD1/STARD3/SLC27A3/ATG2A/PISD/ZDHHC5/LRP10/CIDEB/SLCO3A1/SLC43A3/LAMTOR1/XKR8/APOBR/RETN/PNPLA2/GRAMD1A/ATG9A/SLC66A2/CPTP/EEPD1/SPNS1/DGAT2/SPNS2/TPCN2/SLC27A1/PLIN5
BP	GO:0002532	BP Production of molecular mediator involved in inflammatory response	0.015224358974359	2.61518130501339	6.00027401540986e-05	0.00253120227622932	2.59667314763509	19	ALOX5/ALOX5AP/EXTL3/GRN/IL4R/MEFV/MYD88/STAT3/SYK/BAP1/LILRB4/PLD3/IL17RA/PYCARD/PBXIP1/GPSM3/CUEDC2/SIRPA/NCF1
BP	GO:0042110	BP T cell activation	0.0641025641025641	1.52744598396772	6.40718464931822e-05	0.00266911264792966	2.57363309674757	80	ACTB/ADAM8/AGER/AKT1/RHOA/BAX/BCL3/CCND3/CLPTM1/CSK/DOCK2/DUSP3/FCER1G/FKBP1A/FLOT2/FOSL2/FUT7/GBA1/GRB2/GSN/HLA-DRB1/HLA-E/HLX/IL4R/IRF1/JUNB/LGALS9/MYH9/PIK3CD/PTPN6/RAC2/RARA/RELB/SLC11A1/SMARCD2/SMARCD3/SPI1/SRF/STAT3/STAT5A/STAT6/SYK/TGFB1/TNFRSF1B/TYK2/TYROBP/VAV1/LAPTM5/AP3D1/SOCS3/SART1/LILRB2/TCIRG1/SIRPB1/KAT5/TNFSF13B/KDELR1/LILRB4/CORO1A/TREX1/CD300A/FCHO1/JMJD6/NCSTN/PYCARD/ZBTB7B/APBB1IP/ALKBH5/PREX1/WDFY4/VSIR/SEMA4A/TREML2/NFKBID/NLRP3/JAML/SIRPA/PIK3R6/CCDC88B/CLEC4G
BP	GO:0007159	BP Leukocyte cell-cell adhesion	0.0480769230769231	1.64189112074869	6.87781213694454e-05	0.00281701313911493	2.55021112737283	60	ACTB/ADAM8/AGER/AKT1/ALOX5/RHOA/CSK/DUSP3/FLOT2/FUT7/GP1BA/HLA-DRB1/HLA-E/HLX/IL4R/IRF1/ITGA5/ITGB2/LGALS9/PECAM1/PTAFR/PTPN6/RAC2/RARA/SELP/SELPLG/ST3GAL4/SMARCD2/SMARCD3/STAT5A/STK10/SYK/TGFB1/TYK2/VAV1/LAPTM5/AP3D1/SART1/LILRB2/TNIP1/SIRPB1/SEMA4D/KAT5/TNFSF13B/LILRB4/CORO1A/CD300A/FCHO1/PYCARD/F11R/ZBTB7B/VSIR/FERMT3/NFKBID/NLRP3/LRG1/SIRPA/PIK3R6/CCDC88B/CLEC4G
BP	GO:0040017	BP Positive regulation of locomotion	0.0536858974358974	1.58428459894806	8.25145282703413e-05	0.00321740648631715	2.49249406697731	67	ACTA2/ACTG1/ACTN4/ADAM8/AGER/AKT1/AKT2/RHOA/AZU1/C5AR1/SCARB1/CCR1/CSF1R/DAPK3/PTK2B/FGR/FUT7/GNAI2/GRN/HMOX1/IL16/ITGA2B/ITGA5/ITGAX/ITGB3/LGALS9/MAZ/MMP9/PAK1/PECAM1/PFN1/PIK3CD/PLCG2/MAPK3/MAP2K2/MAP2K3/PTAFR/RAC1/RAC2/S100A11/SELP/SP1/SPARC/STAT3/STAT5A/STX4/TGFB1/THBS1/NRP1/ARHGEF2/PPM1F/SEMA4D/SEMA4B/CORO1A/DAPK2/PRKD2/PYCARD/HDAC7/PREX1/CXCL16/GPSM3/VSIR/SEMA4A/RIPOR1/FERMT3/MYADM/GLIPR2
BP	GO:0010256	BP Endomembrane system organization	0.0641025641025641	1.5149002263992	8.5281215171623e-05	0.00327291844682276	2.48506481612069	80	AP1B1/AKT1/AKT2/ATP6V0B/ATP6V0A1/CLU/CLN3/CSNK1D/DCTN1/DNM1/DNM2/FOLR3/GAK/GSN/HPS1/ILK/LMNA/RAB8A/MYH9/CHMP1A/PRKCD/MAPK3/MAP2K2/RFX2/SGTA/STX4/STX5/SURF4/RAB7A/HDAC3/SQSTM1/AP1M1/AP3D1/SYNGR2/HGS/ATP6V1F/NHERF1/IST1/OSBPL2/TOM1/LPCAT3/FLOT1/NDRG1/PACSIN2/RPH3A/SIRT2/PLEKHM2/SLC9A8/CTDNEP1/ZNF385A/AKAP8L/CHMP2A/UBAP1/WDR83OS/LAMTOR1/VPS37C/XKR8/PI4K2A/TMEM127/NPLOC4/BIN3/NSFL1C/NCLN/VPS18/GORASP1/ATG9A/CORO7/VPS37B/REEP4/RAB1B/FHIP1B/VPS25/ACRBP/MVB12A/CHMP4B/TANGO2/RAB43/GARIN1A/FAM174B/RNASEK
BP	GO:0022411	BP Cellular component disassembly	0.0504807692307692	1.60492589247769	9.10523828633032e-05	0.00344022724089721	2.46341286957724	63	ADAM8/ADD1/BAX/CAPG/CAPZB/CFL1/CLN3/CST3/DCTN1/DUSP3/FLII/GAK/GBA1/GSN/ITGAM/MAP1A/MMP9/MMP19/NFE2/FURIN/CHMP1A/RAC2/UPF1/SH3GL1/SKIC2/SMARCD2/SMARCD3/TRIM21/STX5/TGFB1/TPSAB1/VCP/ADAM15/NAPA/ARHGEF2/IST1/WDR1/TOM1/FLOT1/PLIN3/KATNB1/KAT5/GAS2L1/TRIOBP/GABARAP/TWF2/TCF25/ACIN1/CTDNEP1/SH3BP1/TFIP11/AKAP8L/CHMP2A/MAP1S/PNPLA2/PBXIP1/NCKAP5L/MICAL1/PHF23/MAP1LC3A/PPP1R9B/CHMP4B/DEDD2
BP	GO:0046849	BP Bone remodeling	0.0136217948717949	2.70298684792219	9.22773845151115e-05	0.00345969209328195	2.46096255095836	17	ADAM8/TPP1/CSF1R/CSK/PTK2B/INPP5D/ITGB3/RAC2/SPP1/SYK/RAB7A/RAB3D/PLEKHM1/TCIRG1/DEF8/GPR137/LRRK1
BP	GO:0016052	BP Carbohydrate catabolic process	0.0240384615384615	2.04932336182336	9.34470765356547e-05	0.00347680191629604	2.458820051655	30	ALDOA/ENO1/FBP1/FUT7/GAA/GALK1/GAPDH/GLB1/GSK3A/HK1/HK3/MAN2B1/NAGA/NEU1/PFKFB3/PGD/PGM1/PHKG2/PKM/PMM2/PPP1CA/PRKACA/PYGL/STAT3/TPI1/TREX1/ATG2A/WIPI2/SIRT6/WIPI1
BP	GO:0043542	BP Endothelial cell migration	0.0256410256410256	1.99393624393624	9.65273118778549e-05	0.00356419786433837	2.44803819436438	32	AKT1/RHOA/SCARB1/CLN3/CSNK2B/EPHB4/PTK2B/GLUL/GRN/HMOX1/ITGB3/MYH9/CCN3/PIK3CD/MAP2K3/PXN/RAC1/SP1/SPARC/SRF/STAT5A/TBXA2R/TGFB1/THBS1/NRP1/HDAC5/PTP4A3/PLXND1/SH3BP1/PRKD2/HDAC7/SEMA4A
BP	GO:0001932	BP Regulation of protein phosphorylation	0.0641025641025641	1.50870431545278	9.81509432534928e-05	0.0035951208528173	2.44428650588486	80	ACTB/ADAR/AGER/AKT1/RHOA/ARRB1/ARRB2/C5AR1/CALM3/CCND3/CDKN1A/CDKN2D/CSF1R/CSNK1D/DUSP1/DUSP3/DVL3/MARK2/PTK2B/FGR/GBA1/GSTP1/HCLS1/HLA-DRB1/ITGA5/ITGB2/ITGB3/LIMK2/MAP3K11/MMP9/PAK1/PECAM1/PLAUR/PLCG2/PRKCD/MAP2K2/MAP2K3/MAP2K7/PTPN6/MAP4K2/RAC1/RAF1/RALB/SYK/TGFB1/THBS1/TSC2/AXIN1/NRP1/HDAC3/UNC119/HGS/ARHGEF2/NHERF1/PPM1F/MVP/FLOT1/SEMA4D/RGS14/CAMKK2/LILRB4/CD300A/MAPRE3/SIRT2/PIK3R5/SLCO3A1/PYCARD/INPP5K/PARP14/MICAL1/LRRK1/SESN2/VPS25/PSRC1/NLRP12/STRADA/HEXIM2/SIRPA/PIK3R6/LILRA5
BP	GO:0010324	BP Membrane invagination	0.0128205128205128	2.78398645379777	9.99967868909333e-05	0.0035951208528173	2.44428650588486	16	ARF1/RHOA/GSN/ITGAM/ITGB2/MYH9/PLCG2/THBS1/MARCO/HGS/ELMO1/ARHGAP25/CD300A/SH3BP1/CHMP2A/XKR8
BP	GO:0141084	BP Inflammasome-mediated signaling pathway	0.00961538461538462	3.35343822843823	0.000101113717916255	0.00359612974784872	2.44416464737313	12	MEFV/MYD88/PLCG2/NLRP1/SIRT2/ZDHHC5/PYCARD/CPTP/TRIM11/ZDHHC12/NLRP3/NLRP6
BP	GO:0036344	BP Platelet morphogenesis	0.00801282051282051	3.8424813034188	0.000101819020353534	0.00359612974784872	2.44416464737313	10	ACTN1/CASP9/MYH9/PTPN6/SRF/BAP1/WDR1/NBEAL2/ZNF385A/MPIG6B
BP	GO:1902903	BP Regulation of supramolecular fiber organization	0.0424679487179487	1.67384801984545	0.000107768416275126	0.0037010936366007	2.43166992724086	53	ACTG1/ADD1/ARF1/RHOA/CAPG/CAPZB/CLU/DAPK3/DCTN1/CTTN/PTK2B/FES/FLII/GRB2/GSN/HCK/HCLS1/HSPA1A/MAP1A/PAK1/PFN1/PRKCD/PXN/RAC1/SLC9A1/VASP/NRP1/ARHGEF2/PPM1F/WDR1/KATNB1/CDC42EP2/GAS2L1/TRIOBP/CDC42EP1/CORO1A/TWF2/MAPRE3/COTL1/SH3BP1/PYCARD/F11R/INPP5K/SSH3/MAP1S/PREX1/GBA2/COLGALT1/PSRC1/FCHSD1/ESAM/MYADM/ARAP1
BP	GO:0051051	BP Negative regulation of transport	0.0408653846153846	1.69179752351965	0.000109464685240519	0.0037010936366007	2.43166992724086	51	AKT1/AKT2/ARHGAP1/TSPO/CALM3/CNN2/CSK/DLG4/PTK2B/GNAI2/GNAZ/FFAR2/GSK3A/ITGB3/KCNQ1/LGALS9/LRPAP1/MMP9/CCN3/OAZ2/RAC1/SPI1/TGFB1/THBS1/TNFRSF1A/TNFRSF1B/NR1H2/RAB7A/DYSF/UNC119/NHERF1/PPM1F/PPIF/LILRB2/OS9/WWP2/CORO1A/PACSIN2/CD300A/PNKD/SIRT6/INPP5K/NECAB2/RHBDF2/RIN3/MIDN/LRSAM1/SLC43A2/SIRPA/CD300LF/ANKRD13D
BP	GO:0060249	BP Anatomical structure homeostasis	0.0272435897435897	1.9235980022023	0.000125258260300092	0.00408861167019806	2.38842413608272	34	ACTB/ACTG1/ADAM8/ALPL/BAX/TPP1/CSF1R/CSK/PTK2B/FOSL2/INPP5D/ITGB3/MTF1/PECAM1/RAC2/SPP1/SRF/SYK/CLDN5/TUBA1A/RAB7A/BAP1/TJP2/RAB3D/PLEKHM1/TCIRG1/CORO1A/F11R/DEF8/GPR137/TP53INP2/LRRK1/ESAM/CHMP4B
BP	GO:0090066	BP Regulation of anatomical structure size	0.0456730769230769	1.62740384615385	0.00013268091448543	0.00422671096210448	2.37399744979459	57	ACTA2/ADCY6/ADD1/RHOA/CAPG/CAPZB/AP2M1/CLN3/DNM1/DNM2/E2F4/ECE1/CTTN/PTK2B/FLII/GRB2/GSN/HCK/HCLS1/HRH2/PFN1/PRKCD/RAC1/SPP1/SRF/TBXA2R/TBXAS1/VASP/VAV1/ULK1/NRP1/PLOD3/NHERF1/IST1/WDR1/CDC42EP2/SEMA4D/TRIOBP/CDC42EP1/CORO1A/TWF2/WDTC1/COTL1/SH3BP1/PYCARD/TRPM4/SSH3/SLC12A9/PREX1/GBA2/KXD1/RIN3/FCHSD1/ESAM/MYADM/LAMTOR4/BORCS8
BP	GO:0050867	BP Positive regulation of cell activation	0.0440705128205128	1.63615332919768	0.000149846009428534	0.00468172724329921	2.32959389183133	55	ACTA2/ACTB/ADAM8/AGER/AKT1/RHOA/CDKN1A/CEBPA/CSK/FLOT2/GP1BA/GP9/HLA-DRB1/HLA-E/HLX/IL4R/IL16/INPP5D/LGALS9/MYD88/PTPN6/RARA/RPS6KA1/SELP/SMARCD2/SMARCD3/SPI1/STAT6/SYK/TGFB1/THBS1/TYK2/TYROBP/VAV1/TNFSF13/AP3D1/SART1/LILRB2/SIRPB1/KAT5/TNFSF13B/LILRB4/LILRA2/CORO1A/FCHO1/PYCARD/ZBTB7B/VSIR/NFKBID/NLRP3/SIRPA/PIK3R6/CCDC88B/LILRA5/PEAR1
BP	GO:0031589	BP Cell-substrate adhesion	0.0352564102564103	1.74148508858809	0.000162301017133921	0.00497631136793832	2.30309245364946	44	ACTG1/ACTN4/ACTN1/RHOA/CD63/DAPK3/DUSP3/CTTN/PTK2B/ILK/ITGA2B/ITGA5/ITGAM/ITGAX/ITGB2/ITGB3/ITGB4/ITGB5/P4HB/PXN/RAC1/RAC2/SLC9A1/SRF/THBS1/THBS3/TLN1/VWF/ZYX/ADAM15/NRP1/PPM1F/BCL2L11/TRIOBP/CORO1A/SRGAP2/POLDIP2/PARVB/PREX1/PARVG/MICALL2/FERMT3/MYADM/UNC13D
BP	GO:0140632	BP Canonical inflammasome complex assembly	0.00881410256410256	3.38138354700855	0.000180558514319879	0.00529818589738437	2.27587280768623	11	MEFV/MYD88/PLCG2/NLRP1/SIRT2/ZDHHC5/PYCARD/CPTP/ZDHHC12/NLRP3/NLRP6
BP	GO:0032930	BP Positive regulation of superoxide anion generation	0.00641025641025641	4.33974358974359	0.000184871998538957	0.00532536467774969	2.27365064664764	8	GNAI2/GSTP1/ITGAM/ITGB2/PRKCD/SYK/TGFB1/TYROBP
BP	GO:1902107	BP Positive regulation of leukocyte differentiation	0.0256410256410256	1.92877492877493	0.000185743125814002	0.00532536467774969	2.27365064664764	32	ACTB/ADAM8/AGER/RHOA/CCR1/FES/FOS/HCLS1/HLA-DRB1/HLX/IL4R/INPP5D/LGALS9/PF4/RARA/SMARCD2/SMARCD3/SPI1/SYK/TGFB1/TYROBP/AP3D1/SART1/LILRB2/KAT5/LILRB4/ACIN1/ZBTB7B/VSIR/NFKBID/NLRP3/PIK3R6
BP	GO:0071222	BP Cellular response to lipopolysaccharide	0.0272435897435897	1.87752379855673	0.000204523162665674	0.00572899939558906	2.24192122356857	34	AKT1/RHOA/TSPO/CD14/SCARB1/CD68/GSTP1/HCK/MMP9/MYD88/NFKBIB/PF4/PLCG2/MAPK3/MAP2K3/MAP2K7/PTAFR/RARA/UPF1/TBXA2R/TNFRSF1B/ZFP36/LITAF/HDAC5/LILRB2/TNIP1/ARID5A/LILRA2/SBNO2/PYCARD/PAF1/NLRP3/CMPK2/SIRPA
BP	GO:0007034	BP Vacuolar transport	0.0248397435897436	1.93162573631324	0.000226209736623729	0.00619408009159582	2.20802318336521	31	CLU/CLN3/GAK/GRN/HSPA1A/LAMP1/CHMP1A/PSAP/VCP/LAPTM5/RAB7A/SQSTM1/AP3D1/ATP6V0D1/HGS/PLEKHM1/MON1B/DENND3/GGA3/MGRN1/VPS39/CHMP2A/UBAP1/VPS37C/VPS18/VPS37B/FHIP1B/VPS25/MVB12A/CHMP4B/TPCN2
BP	GO:0097300	BP Programmed necrotic cell death	0.0112179487179487	2.80668199554069	0.000244644879081414	0.00658784055603764	2.18125692050274	14	BAX/TSPO/ITPK1/NINJ1/PYGL/ARHGEF2/SPATA2/PPIF/RBCK1/ADPRS/RNF31/ATG9A/ZBP1/NLRP6
BP	GO:0034341	BP Response to type ii interferon	0.0184294871794872	2.16433640763998	0.000256191158384571	0.00679206434856447	2.16799820820373	23	ACTG1/DAPK3/GAPDH/GSN/HCK/IRF1/LGALS9/MEFV/RAF1/SLC11A1/TRIM21/STX4/TYK2/NR1H2/ZYX/CDC42EP2/IFITM2/PARP14/RAB20/CXCL16/SIRPA/GBP6/RAB43
BP	GO:0033280	BP Response to vitamin d	0.00721153846153846	3.77261800699301	0.000269265209082961	0.00701817448700722	2.15377583848562	9	ALPL/CDKN2D/FES/RXRA/SPP1/TGFB1/VDR/TRIM25/TPCN2
BP	GO:0001909	BP Leukocyte mediated cytotoxicity	0.0216346153846154	2.00800635856079	0.000291989203082875	0.00749029145171545	2.125501283314	27	AGER/ARRB2/AZU1/GRB2/HLA-B/HLA-C/HLA-DRB1/HLA-E/ITGAM/LAMP1/LGALS9/MYD88/PTPN6/PVR/SPI1/STXBP2/TGFB1/TYROBP/VAV1/TUBB4B/CORO1A/PLEKHM2/TREM1/RNF19B/PIK3R6/NLRP6/UNC13D
BP	GO:0001906	BP Cell killing	0.0272435897435897	1.83360511321038	0.000326019490394172	0.00814881536503176	2.08890552228141	34	AGER/ARRB2/AZU1/GAPDH/GRB2/HLA-B/HLA-C/HLA-DRB1/HLA-E/ITGAM/LAMP1/LGALS9/MYD88/NINJ1/PF4/PTPN6/PVR/SPI1/STXBP2/SYK/TGFB1/TYROBP/VAV1/PGLYRP1/TUBB4B/CORO1A/PLEKHM2/TOR2A/TREM1/H2BC12/RNF19B/PIK3R6/NLRP6/UNC13D
BP	GO:0006911	BP Phagocytosis, engulfment	0.00961538461538462	2.99090436590437	0.000349905858346313	0.00865706169329912	2.06262948753482	12	GSN/ITGAM/ITGB2/MYH9/PLCG2/THBS1/MARCO/ELMO1/ARHGAP25/CD300A/SH3BP1/XKR8
BP	GO:0034109	BP Homotypic cell-cell adhesion	0.0144230769230769	2.37135989010989	0.000359316322365561	0.00880054148346604	2.05549060557181	18	ACTB/ACTG1/ALOX12/ILK/ITGB3/MYH9/PLAUR/PRKCD/PTPN6/SYK/TLN1/TJP2/MYL9/F11R/GP6/FERMT3/EMILIN2/PEAR1
BP	GO:0006885	BP Regulation of ph	0.0144230769230769	2.33796045503792	0.000433397294525761	0.0101070737488926	1.995374565345	18	ATP6V0B/ATP6V0A1/CLN3/GRN/LAMP1/MAPK3/SLC9A1/SLC11A1/RAB7A/ATP6V0D1/ATP6V1F/TCIRG1/SLC9A8/CLN6/RAB20/SPNS1/TPCN2/RNASEK
BP	GO:0043303	BP Mast cell degranulation	0.00961538461538462	2.9121963562753	0.000461538701916044	0.0106110360053717	1.97424221181487	12	FES/FGR/IL4R/LGALS9/PIK3CD/RAC2/STXBP2/SYK/LAT2/GAB2/CD300A/UNC13D
BP	GO:0034103	BP Regulation of tissue remodeling	0.0112179487179487	2.63484432234432	0.000504675002205651	0.0114629287798782	1.94070440589098	14	ADAM8/AGER/CSF1R/CSK/CST3/INPP5D/ITGB3/SPP1/SYK/TGFB1/PLEKHM1/DEF8/GPR137/TMBIM1
BP	GO:0051014	BP Actin filament severing	0.00560897435897436	4.30357905982906	0.000507924887468927	0.0114629287798782	1.94070440589098	7	FMNL1/CAPG/CFL1/FLII/GSN/MYH9/SRGAP2
BP	GO:0090208	BP Positive regulation of triglyceride metabolic process	0.00560897435897436	4.30357905982906	0.000507924887468927	0.0114629287798782	1.94070440589098	7	SCARB1/NR1H2/KAT5/CTDNEP1/PNPLA2/SLC27A1/PLIN5
BP	GO:0006869	BP Lipid transport	0.0384615384615385	1.61552498596294	0.000518687583619209	0.0116501533758526	1.93366835705444	48	AKT1/AKT2/TSPO/SCARB1/CLU/CLN3/COMT/GPS2/HDLBP/ITGB3/KCNQ1/FURIN/PITPNA/PRKCD/PSAP/RXRA/SPP1/SURF4/SYK/THBS1/NR1H2/SLC25A11/ABCC3/PITPNM1/OSBPL2/LPCAT3/STARD10/STARD3/SLC27A3/ATG2A/ZDHHC5/LRP10/CIDEB/SLCO3A1/SLC43A3/LAMTOR1/XKR8/APOBR/RETN/GRAMD1A/ATG9A/SLC66A2/CPTP/EEPD1/SPNS1/SPNS2/TPCN2/SLC27A1
BP	GO:0045017	BP Glycerolipid biosynthetic process	0.0288461538461538	1.75656288156288	0.000521611130982846	0.0116620763872036	1.93322411825434	36	SCARB1/CLN3/IMPA2/INPP5D/INPPL1/PIK3CD/PI4KB/PLCG2/PLD2/NR1H2/DGAT1/MTMR3/PGS1/PITPNM1/IP6K1/LPCAT3/CDIPT/KAT5/AGPAT1/AGPAT2/PIP5K1C/CTDNEP1/PISD/DHRS7B/INPP5K/PI4K2A/PNPLA2/SLC44A2/TTC7A/ABHD4/MTMR14/MBOAT7/DGAT2/TTC7B/SLC27A1/PLIN5
BP	GO:0097191	BP Extrinsic apoptotic signaling pathway	0.0272435897435897	1.78151405885781	0.000565634607930234	0.0125313776320544	1.90200118238883	34	AKT1/BAX/CTTN/MKNK2/GRINA/GSK3A/GSTP1/HMOX1/HSPA1A/LMNA/LTBR/PF4/PPP1CA/PPP2R1A/RAF1/SPI1/STX4/TGFB1/THBS1/TNFRSF1A/TNFRSF1B/TNFRSF10C/NRP1/ARHGEF2/DEDD/BCL2L11/PSME3/RBCK1/GABARAP/PYCARD/TMBIM1/ITPRIP/DEDD2/PELI3
BP	GO:0071375	BP Cellular response to peptide hormone stimulus	0.032051282051282	1.69210185838626	0.000578766519853188	0.0127642896731423	1.89400334847573	40	ADCY6/AKT1/AKT2/CSK/CTSD/FBP1/FOS/FUT7/GNAI2/GRB2/GSK3A/ITGB3/RAB8A/PKM/PRKACA/PRKCD/MAPK3/PXN/RAF1/RPS6KB2/SLC9A1/SP1/STAT3/STAT5A/STAT6/TGFB1/TSC2/TYK2/USF1/SOCS3/ZNF592/HDAC5/SH2B2/WDTC1/ZBTB7B/INPP5K/ZDHHC7/AGTRAP/NDEL1/SLC27A1
BP	GO:0045730	BP Respiratory burst	0.00881410256410256	2.98357371794872	0.000628777777292144	0.013630855575579	1.86547688370375	11	CYBA/GRN/HCK/NCF2/NCF4/PIK3CD/RAC1/RAC2/SLC11A1/CYBC1/NCF1
BP	GO:0002090	BP Regulation of receptor internalization	0.0112179487179487	2.58214743589744	0.000632042133787619	0.013630855575579	1.86547688370375	14	ARF1/ARRB1/ARRB2/CD63/AP2M1/DLG4/ITGB3/LRPAP1/PLCG2/SYK/FLOT1/NECAB2/RIN3/ANKRD13D
BP	GO:0034329	BP Cell junction assembly	0.0384615384615385	1.59802832546515	0.000665589349130792	0.0141047064681021	1.85063594748167	48	ACTB/ACTG1/ACTN1/RHOA/RHOG/DAPK3/DUSP3/CTTN/PTK2B/GPM6A/ITGA5/ITGB3/ITGB4/PECAM1/PLXNA2/PRKACA/NECTIN1/RAC1/SLC9A1/SRF/THBS1/TLN1/CLDN5/NRP1/UBE2M/CLDN9/PPM1F/ELMO1/WDR1/FLOT1/SEMA4D/PLXND1/SRGAP2/PIP5K1C/SH3BP1/POLDIP2/DBNL/F11R/HDAC7/LRFN1/LRRC4/SEMA4A/MICALL2/NTNG2/PPP1R9B/ZDHHC12/ESAM/GPBAR1
BP	GO:1900015	BP Regulation of cytokine production involved in inflammatory response	0.0104166666666667	2.66412037037037	0.00070721957142544	0.0146871344545675	1.83306292932647	13	ALOX5/EXTL3/MEFV/MYD88/STAT3/BAP1/LILRB4/PLD3/IL17RA/PYCARD/GPSM3/CUEDC2/SIRPA
BP	GO:0090594	BP Inflammatory response to wounding	0.00641025641025641	3.68878205128205	0.00071115382258472	0.0146871344545675	1.83306292932647	8	AGER/ALOX5/EXTL3/GRN/HMOX1/PTPN6/STAT3/TGFB1
BP	GO:0140888	BP Interferon-mediated signaling pathway	0.015224358974359	2.19021434294872	0.000732302821271799	0.0150601010585601	1.82217211385725	19	ADAR/HCK/IL10RB/IRF1/IRF7/MYD88/OAS1/OAS2/PTPN6/RAF1/TYK2/NR1H2/ISG15/TBKBP1/IFITM2/TREX1/PARP14/ZBP1/RNF185
BP	GO:0019882	BP Antigen processing and presentation	0.0176282051282051	2.04932336182336	0.000769488657380708	0.0156270321503065	1.80612349435008	22	CD68/CTSD/DNM2/FCER1G/GBA1/HLA-B/HLA-C/HLA-DRB1/HLA-E/RELB/SLC11A1/TAPBP/THBS1/AP3D1/LILRB2/IFI30/RAB35/TREX1/PYCARD/TAPBPL/WDFY4/RAB34
BP	GO:0042327	BP Positive regulation of phosphorylation	0.0424679487179487	1.54672032213567	0.000793446029836404	0.0159803964852175	1.79641244972753	53	AGER/AKT1/RHOA/ARRB1/ARRB2/CALM3/CCND3/CDKN1A/CSF1R/CSNK1D/DVL3/MARK2/PTK2B/HCLS1/HLA-DRB1/ITGA5/ITGB3/LIMK2/MAP3K11/MMP9/PAK1/PECAM1/PLAUR/PLCG2/PRKCD/MAP2K2/MAP2K3/MAP2K7/MAP4K2/RAC1/RAF1/RALB/SYK/TGFB1/THBS1/AXIN1/NRP1/HDAC3/UNC119/ARHGEF2/DHX34/FLOT1/SEMA4D/CAMKK2/MAPRE3/PIK3R5/SLCO3A1/PARP14/LRRK1/PSRC1/STRADA/PIK3R6/LILRA5
BP	GO:0033238	BP Regulation of amine metabolic process	0.00560897435897436	4.03460536858974	0.000818879864883714	0.0164247755614947	1.78450055620169	7	ALDH2/CLN3/ITGAM/ITGB2/SLC7A7/BCKDK/PNKD
BP	GO:0010867	BP Positive regulation of triglyceride biosynthetic process	0.00480769230769231	4.61097756410256	0.00083255679554237	0.0164267957718546	1.78444714224448	6	SCARB1/NR1H2/KAT5/CTDNEP1/SLC27A1/PLIN5
BP	GO:0072659	BP Protein localization to plasma membrane	0.032051282051282	1.66161353661354	0.000838350861870367	0.0164267957718546	1.78444714224448	40	ACTB/AKT1/AKT2/RHOG/CAMK2G/AP2M1/CLN3/CSK/FLOT2/GAK/RAB8A/STX4/TGFB1/TNFRSF1A/RAB7A/SQSTM1/NHERF1/FLOT1/EHD1/GGA3/ZDHHC5/GGA1/F11R/SIRT6/INPP5K/ZDHHC7/PACS1/TTC7A/TMBIM1/GORASP1/RHBDF2/FRMD8/RAB34/PRAM1/PPP1R9B/TMEM88/TTC7B/RILPL2/TSPAN33/RILPL1
BP	GO:1903900	BP Regulation of viral life cycle	0.0200320512820513	1.93738553113553	0.00084221024806025	0.0164267957718546	1.78444714224448	25	ADAR/CSNK2B/FCN1/GSN/HLA-DRB1/LGALS9/OAS1/OAS2/P4HB/FURIN/TRIM21/TRIM25/ISG15/N4BP1/SETDB1/TNIP1/IFITM2/LAMP3/INPP5K/ZNFX1/VPS37B/TRIM11/TRIM8/APOBEC3A/CLEC4G
BP	GO:0097242	BP Amyloid-beta clearance	0.00801282051282051	3.07398504273504	0.000849313199529617	0.0164267957718546	1.78444714224448	10	C5AR1/CLU/ITGAM/ITGB2/LRPAP1/SRF/SYK/TYROBP/MARCO/RAB11B
BP	GO:0051209	BP Release of sequestered calcium ion into cytosol	0.015224358974359	2.16317465970244	0.000861374795933073	0.0165942322346948	1.78004283629237	19	BAX/CALM3/CYBA/DIAPH1/PTK2B/FKBP1A/GP1BA/GP9/ITGB3/PLCB2/PLCG2/PRKACA/PTPN6/TGFB1/TRPM2/CORO1A/SELENON/SLC8B1/TPCN2
BP	GO:0002228	BP Natural killer cell mediated immunity	0.0136217948717949	2.27207590115199	0.000880528446639064	0.0168301790153678	1.77391126459619	17	ARRB2/GRB2/HLA-B/HLA-E/LAMP1/LGALS9/PTPN6/PVR/TGFB1/VAV1/TUBB4B/CORO1A/PLEKHM2/RASGRP4/RNF19B/PIK3R6/UNC13D
BP	GO:0034446	BP Substrate adhesion-dependent cell spreading	0.0136217948717949	2.23961767399267	0.00104770969404754	0.0192699511275009	1.71511938680192	17	ACTN4/RHOA/ILK/ITGB3/P4HB/PXN/RAC1/NRP1/TRIOBP/SRGAP2/PARVB/PREX1/PARVG/MICALL2/FERMT3/MYADM/UNC13D
BP	GO:0010720	BP Positive regulation of cell development	0.0408653846153846	1.54203184110971	0.00105840298167054	0.0193934441077528	1.71234505713236	51	ACTB/ADAM8/ADD1/AGER/RHOA/TSPO/CCR1/CUX1/DBN1/FES/FOS/HCLS1/HLA-DRB1/HLX/IL4R/INPP5D/LGALS9/PF4/PLXNA2/MAP2K2/RARA/SMARCD2/SMARCD3/SPI1/SPINT1/SRF/SYK/TGFB1/CLDN5/TNFRSF1B/TYROBP/NRP1/AP3D1/SART1/FXR2/IST1/LILRB2/SEMA4D/KAT5/RGS14/LILRB4/TWF2/SIRT2/ACIN1/PLXND1/F11R/ZBTB7B/VSIR/NFKBID/NLRP3/PIK3R6
BP	GO:0007565	BP Female pregnancy	0.0168269230769231	2.03853744939271	0.00107845686607508	0.0196134282285445	1.70744648942181	21	AKT1/ARHGDIB/FOS/FOSB/FUT7/H3-3A/H3-3B/ITGA5/ITGB3/ITGB4/JUNB/LGALS9/MMP9/RARA/SLC19A1/SPP1/TGFB1/VDR/DEDD/INTS1/EPN1
BP	GO:0097006	BP Regulation of plasma lipoprotein particle levels	0.0104166666666667	2.55075354609929	0.00110942567410566	0.0200271879095963	1.69838002729568	13	SCARB1/CSK/HMOX1/LRPAP1/FURIN/PCSK6/PRKACA/NR1H2/DGAT1/LPCAT3/EHD1/CIDEB/DGAT2
BP	GO:0071396	BP Cellular response to lipid	0.0536858974358974	1.44700466882844	0.00112564220589216	0.0201892675917271	1.69487943571911	67	ADCY6/AKT1/RHOA/TSPO/CASP9/CD14/SCARB1/CD68/PTK2B/FBP1/FES/FOS/GNB1/FFAR2/GSK3A/GSTP1/HCK/HSPA1A/MMP9/MYD88/NFKBIB/PAK1/PF4/PLCG2/PRKCD/MAPK3/MAP2K3/MAP2K7/PTAFR/RARA/UPF1/RXRA/SAFB/SPP1/SYK/TBXA2R/TGFB1/TNFRSF1B/UBE2L3/VDR/ZFP36/ADAM15/LITAF/HDAC5/BCL2L11/LILRB2/TNIP1/TADA3/KAT5/ARID5A/LILRA2/TWF2/SBNO2/WBP2/PYCARD/PAF1/ZDHHC7/VPS18/GRAMD1A/CALCOCO1/DGAT2/PPP1R9B/NLRP3/CMPK2/SIRPA/GPBAR1/NCF1
BP	GO:0031669	BP Cellular response to nutrient levels	0.0288461538461538	1.6852303787583	0.00114817531405788	0.0204241112434967	1.68985683273645	36	CD68/CDKN1A/COMT/DAP/FES/FOS/GBA1/GLUL/PAK1/MAPK3/RALB/RXRA/SP1/SRF/TSC2/USF1/USF2/VDR/TFEB/ULK1/MTMR3/PLIN3/MICU1/KAT5/ATG7/GAS2L1/GABARAP/RNF167/WIPI2/LAMTOR1/WIPI1/ELAPOR1/RIPOR1/NUAK2/SESN2/MAP1LC3A
BP	GO:0034330	BP Cell junction organization	0.0576923076923077	1.42180036237852	0.00122155116898292	0.0214940086556778	1.66768258056778	72	ACTB/ACTG1/ACTN1/ADD1/AKT1/ARF1/RHOA/RHOG/C5AR1/CFL1/CLN3/CSF1R/CSK/DAPK3/DBN1/DCTN1/DLG4/DUSP3/CTTN/PTK2B/GPM6A/ITGA5/ITGAM/ITGB3/ITGB4/PECAM1/PFN1/PLXNA2/PRKACA/PTPRF/NECTIN1/RAC1/SLC9A1/SPARC/SRF/TGFB1/THBS1/TLN1/CLDN5/VCP/TUBA1A/NRP1/UBE2M/CLDN9/TJP2/PPM1F/ELMO1/WDR1/FLOT1/LILRB2/SEMA4D/DLGAP4/PLXND1/SRGAP2/PIP5K1C/SH3BP1/SIPA1L1/POLDIP2/DBNL/STRN4/F11R/HDAC7/LRFN1/LRRC4/SEMA4A/MICALL2/CCM2/NTNG2/PPP1R9B/ZDHHC12/ESAM/GPBAR1
BP	GO:0071216	BP Cellular response to biotic stimulus	0.0288461538461538	1.67671911421911	0.00126071301261223	0.0218062099478357	1.66141981088967	36	AKT1/RHOA/TSPO/CD14/SCARB1/CD68/CDA/GSTP1/HCK/MMP9/MYD88/NFKBIB/PF4/PLCG2/MAPK3/MAP2K3/MAP2K7/PTAFR/RARA/UPF1/SYK/TBXA2R/TNFRSF1B/ZFP36/LITAF/HDAC5/LILRB2/TNIP1/ARID5A/LILRA2/SBNO2/PYCARD/PAF1/NLRP3/CMPK2/SIRPA
BP	GO:0070661	BP Leukocyte proliferation	0.0360576923076923	1.57192416958042	0.00136700094459485	0.0232152007106456	1.63422755722076	45	AGER/BAX/CCND3/CDKN1A/CLU/CNN2/CSF1R/DOCK2/FOSL2/GBA1/GSTP1/HLA-DRB1/HLA-E/INPP5D/IRF1/JUNB/LGALS9/MYD88/PRKCD/MAPK3/PTPN6/RAC2/SLC11A1/STAT6/SYK/TGFB1/TNFRSF1B/TYK2/TYROBP/LST1/BAP1/LILRB2/TCIRG1/TNFSF13B/LILRB4/CORO1A/CD300A/NCSTN/PYCARD/ZBTB7B/ALKBH5/VSIR/RASSF5/CCDC88B/CLEC4G
BP	GO:0031579	BP Membrane raft organization	0.00641025641025641	3.35343822843823	0.00148122636904921	0.0243997550972443	1.61261453269607	8	CLN3/DOCK2/GSN/ILK/LRCH4/FLOT1/PACSIN2/MYADM
BP	GO:1903035	BP Negative regulation of response to wounding	0.0120192307692308	2.30548878205128	0.00148180703914327	0.0243997550972443	1.61261453269607	15	ALOX12/ALOX5/SERPING1/EXTL3/F12/GP1BA/PF4/PLAUR/PRKCD/PTPN6/SPP1/STAT3/THBS1/USF1/CERS2
BP	GO:0034113	BP Heterotypic cell-cell adhesion	0.00961538461538462	2.57356887298748	0.00156779515771308	0.0253868225870218	1.59539165199259	12	AGER/IL1RN/ITGA5/ITGAM/ITGAX/ITGB2/ITGB3/NINJ1/FLOT1/LILRB2/MYADM/SIRPA
BP	GO:0090148	BP Membrane fission	0.00961538461538462	2.57356887298748	0.00156779515771308	0.0253868225870218	1.59539165199259	12	DNM1/DNM2/CHMP1A/HGS/EXOC3/CHMP2A/UBAP1/VPS37C/VPS37B/VPS25/MVB12A/CHMP4B
BP	GO:0002040	BP Sprouting angiogenesis	0.0144230769230769	2.10120496592016	0.00166177582026599	0.0266430768025541	1.57441562330008	18	AKT1/ALOX5/RHOA/EPHB4/PTK2B/GLUL/HMOX1/ITGA5/PKM/SRF/TBXA2R/TGFB1/THBS1/NRP1/HDAC5/JMJD6/EPN1/HDAC7
BP	GO:0046847	BP Filopodium assembly	0.0104166666666667	2.44664115646259	0.00168655947826178	0.0268636957419866	1.57083423999417	13	CAPZB/CLN3/GPM6A/ITGB4/PRKCD/SRF/TRPM2/NRP1/SRGAP2/SH3BP1/PPP1R9B/FGD3/ARAP1
BP	GO:0018212	BP Peptidyl-tyrosine modification	0.0216346153846154	1.79131502490315	0.00184084957099466	0.0289429058355742	1.53845786834476	27	CSF1R/PTK2B/FES/FGR/HCK/HCLS1/ITGA5/ITGB2/ITGB3/PECAM1/PLCG2/PRKCD/MAPK3/PTPN6/SYK/TGFB1/TPST2/NRP1/UNC119/ARHGEF2/MVP/SEMA4D/LILRB4/PARP14/LRRK1/VPS25/LILRA5
BP	GO:0014044	BP Schwann cell development	0.00801282051282051	2.79453185703186	0.00193389172682273	0.029887356018919	1.52451250306654	10	AKT1/AKT2/GRB2/ILK/ITGB4/MAPK3/MAP2K2/RAF1/NDRG1/SIRT2
BP	GO:0030193	BP Regulation of blood coagulation	0.00961538461538462	2.51507867132867	0.00194667357267345	0.029887356018919	1.52451250306654	12	ALOX12/SERPING1/F12/GP1BA/PF4/PLAUR/PRKCD/ST3GAL4/TBXA2R/THBS1/USF1/EMILIN2
BP	GO:0007212	BP G protein-coupled dopamine receptor signaling pathway	0.00641025641025641	3.20763656633222	0.00205783022877118	0.031148647624319	1.50656080428717	8	ADCY6/ARRB2/GNA15/GNB1/GSK3A/NHERF1/NCSTN/KLF16
BP	GO:0042593	BP Glucose homeostasis	0.0248397435897436	1.70167029151404	0.0020889019364845	0.0313076082512834	1.50435010909804	31	AGER/AKT1/ALOX5/CEBPA/FOSL2/FFAR2/HK1/HK3/HLA-DRB1/OAS1/PRKACA/PYGL/RAF1/SRF/STAT3/STX4/TGFB1/USF1/USF2/RAB11B/KAT5/SIRT6/INPP5K/TRPM4/ADISSP/NADK/SLC8B1/TSC22D4/SESN2/CRTC2/NCF1
BP	GO:0050870	BP Positive regulation of t cell activation	0.0296474358974359	1.61712009357152	0.00211911996139146	0.0315859042563364	1.50050668540201	37	ACTB/ADAM8/AGER/AKT1/RHOA/CSK/FLOT2/HLA-DRB1/HLA-E/HLX/IL4R/LGALS9/PTPN6/RARA/SMARCD2/SMARCD3/SYK/TGFB1/TYK2/VAV1/AP3D1/SART1/LILRB2/SIRPB1/KAT5/TNFSF13B/LILRB4/CORO1A/FCHO1/PYCARD/ZBTB7B/VSIR/NFKBID/NLRP3/SIRPA/PIK3R6/CCDC88B
BP	GO:0051384	BP Response to glucocorticoid	0.0136217948717949	2.09030982905983	0.0023442041405627	0.0337427511696013	1.4718195106898	17	ALPL/CASP9/CDKN1A/COMT/FOS/FOSB/FOSL2/GBA1/GLB1/GSK3A/IL1RN/PTAFR/TGFB1/UBE2L3/ZFP36/BCL2L11/ACSBG1
BP	GO:0006067	BP Ethanol metabolic process	0.00400641025641026	4.61097756410256	0.00234690041987994	0.0337427511696013	1.4718195106898	5	ALDH2/ALDH3B1/SULT1A2/SULT1A1/ACSS2
BP	GO:0006068	BP Ethanol catabolic process	0.00400641025641026	4.61097756410256	0.00234690041987994	0.0337427511696013	1.4718195106898	5	ALDH2/ALDH3B1/SULT1A2/SULT1A1/ACSS2
BP	GO:0006497	BP Protein lipidation	0.00961538461538462	2.45918803418803	0.00239738411858182	0.0343672064528464	1.46385576816597	12	GBA1/GLUL/ULK1/ATG13/ATG7/ZDHHC5/WIPI2/WIPI1/ZDHHC7/ZDHHC18/ZDHHC12/ZDHHC19
BP	GO:0007163	BP Establishment or maintenance of cell polarity	0.0248397435897436	1.68165064102564	0.00252819041373869	0.0357993949067955	1.44612431388296	31	ACTB/RHOA/RHOG/DCTN1/DLG4/DOCK2/MARK2/FLOT2/GSN/ILK/LMNA/MYH9/RAC1/SIPA1/SLC9A1/HDAC3/PDLIM1/NHERF1/ARHGEF11/WDR1/TCIRG1/KAT5/SPINT2/SH3BP1/PLEKHG3/PARVB/NDE1/NSFL1C/PARVG/CORO7/NDEL1
BP	GO:0044706	BP Multi-multicellular organism process	0.0176282051282051	1.87854641500475	0.00253401543759631	0.0357993949067955	1.44612431388296	22	AKT1/ARHGDIB/FOS/FOSB/FUT7/H3-3A/H3-3B/ITGA5/ITGB3/ITGB4/JUNB/LGALS9/MMP9/PTAFR/RARA/SLC19A1/SPP1/TGFB1/VDR/DEDD/INTS1/EPN1
BP	GO:0043434	BP Response to peptide hormone	0.0376602564102564	1.50497184383903	0.00269529391748106	0.0374269588427427	1.42681546039489	47	ADCY6/AKT1/AKT2/ALPL/COMT/CSK/CTSD/FBP1/FOS/FUT7/GNAI2/GRB2/GSK3A/INPPL1/ITGB3/KCNQ1/RAB8A/PKM/PRKACA/PRKCD/MAPK3/PXN/RAF1/RPS6KB2/SLC9A1/SP1/STAT3/STAT5A/STAT6/TGFB1/TSC2/TYK2/USF1/SOCS3/ZNF592/HDAC5/SH2B2/SCAP/WDTC1/ZBTB7B/INPP5K/ZDHHC7/RETN/AGTRAP/NDEL1/SESN2/SLC27A1
BP	GO:0051338	BP Regulation of transferase activity	0.046474358974359	1.43783171353736	0.00272178067523006	0.0376544154615185	1.42418408989792	58	ACTB/ADAR/AKT1/RHOA/C5AR1/CALM3/CCND3/CDKN1A/CDKN2D/CSF1R/DUSP1/DUSP3/MARK2/PTK2B/FGR/GBA1/GSK3A/GSTP1/HLA-DRB1/ITGB3/MAP3K11/PAK1/PRKCD/MAP2K2/MAP2K3/MAP2K7/MAP4K2/RALB/THBS1/TSC2/UBE2L3/XRCC1/ZFP36/AXIN1/UNC119/HGS/NHERF1/PPM1F/MVP/RBCK1/RGS14/CAMKK2/LILRB4/PNKP/CD300A/MAPRE3/PIK3R5/TINF2/PYCARD/FZR1/INPP5K/VPS25/PSRC1/MIDN/STRADA/HEXIM2/PIK3R6/LILRA5
BP	GO:1901699	BP Cellular response to nitrogen compound	0.0536858974358974	1.39789817554241	0.00272712528886254	0.0376544154615185	1.42418408989792	67	ACTB/ADCY6/GRK2/AGER/AKT1/AKT2/ARRB2/CHRNA2/COMT/CSK/CTSD/DIAPH1/FBP1/FOS/FUT7/GNA15/GNAI2/GNB1/GRB2/GSK3A/ITGB3/KCNQ1/RAB8A/PKM/PRKACA/PRKCD/MAPK3/PTAFR/PXN/RAF1/RALB/RPS6KB2/SLC9A1/SP1/STAT3/STAT5A/STAT6/SYK/TGFB1/TSC2/TYK2/TYROBP/USF1/SOCS3/ARHGEF2/NHERF1/ZNF592/HDAC5/FLOT1/SH2B2/TREX1/WDTC1/NCSTN/ZBTB7B/RTF2/INPP5K/TRPM4/ZDHHC7/AGTRAP/SELENON/NDEL1/SESN2/KLF16/PPP1R9B/CRTC2/SLC27A1/CASTOR2
BP	GO:0050920	BP Regulation of chemotaxis	0.0208333333333333	1.76302083333333	0.00278772532850803	0.0382165081885703	1.4177489966037	26	AGER/AZU1/C5AR1/CCR1/CSF1R/DUSP1/DUSP3/PTK2B/IL16/LGALS9/NINJ1/CCN3/MAPK3/RAC1/RAC2/STX4/TGFB1/THBS1/NRP1/PPM1F/DAPK2/PRKD2/C5AR2/GPSM3/RIN3/SLC8B1
BP	GO:0042832	BP Defense response to protozoan	0.00641025641025641	3.07398504273504	0.00279721574360642	0.0382165081885703	1.4177489966037	8	BCL3/IL4R/MYD88/PF4/SLC11A1/BATF2/GBP6/CCDC88B
BP	GO:0060759	BP Regulation of response to cytokine stimulus	0.0216346153846154	1.74120831091985	0.00280912001141313	0.0382448350157196	1.41742720823933	27	ADAR/GPS2/GSTP1/HSPA1A/IL1RN/IRF7/OAS1/PTPN6/SYK/TNFRSF1A/NR1H2/LAPTM5/ULK1/MAPKAPK2/ISG15/SPATA2/AGPAT1/AGPAT2/TREX1/NKIRAS2/PYCARD/PARP14/ZBP1/RNF185/CD300LF/NLRP6/PELI3
BP	GO:0051235	BP Maintenance of location	0.0328525641025641	1.54959082072299	0.00285720790030388	0.0386834202946697	1.41247513362132	41	AKT1/BAX/TSPO/CALM3/SCARB1/CYBA/DBN1/DIAPH1/PTK2B/FKBP1A/GAA/GBA1/GP1BA/GP9/FFAR2/GSN/HK1/ITGB3/PLCB2/PLCG2/PRKACA/PTPN6/TGFB1/TRPM2/NR1H2/DGAT1/PLIN3/RBCK1/EHD1/KDELR1/OS9/CORO1A/TWF2/PISD/CIDEB/PNPLA2/SELENON/SLC8B1/DGAT2/TPCN2/PLIN5
BP	GO:0046634	BP Regulation of alpha-beta t cell activation	0.0168269230769231	1.88020444361464	0.00310252011998477	0.0408230944776984	1.38909407792343	21	AGER/RHOA/HLA-DRB1/HLA-E/HLX/IL4R/IRF1/JUNB/LGALS9/RARA/STAT5A/SYK/TYK2/AP3D1/LILRB4/CD300A/ZBTB7B/VSIR/NFKBID/NLRP3/CLEC4G
BP	GO:0006816	BP Calcium ion transport	0.0344551282051282	1.52516950197239	0.00310737957554906	0.0408230944776984	1.38909407792343	43	ATP2A3/BAX/TSPO/CALM3/CAMK2G/CCR1/CYBA/DIAPH1/PTK2B/FKBP1A/GNAI2/GP1BA/GP9/GPM6A/IL16/ITGB3/PLCB2/PLCG2/PRKACA/PTPN6/SLC9A1/TGFB1/TRPM2/VDR/BEST1/HOMER3/LILRB2/MICU1/LILRA2/CORO1A/TRPC4AP/TOR2A/INPP5K/TRPM4/CHRNA10/SELENON/SLC24A3/SLC8B1/ORAI2/ORAI1/ORAI3/TPCN2/LILRA5
BP	GO:0043549	BP Regulation of kinase activity	0.0400641025641026	1.47315577127877	0.00315131209621772	0.041178271198298	1.38533189047175	50	ACTB/ADAR/AKT1/RHOA/C5AR1/CALM3/CCND3/CDKN1A/CDKN2D/CSF1R/DUSP1/DUSP3/MARK2/PTK2B/FGR/GBA1/GSTP1/HLA-DRB1/ITGB3/MAP3K11/PAK1/PRKCD/MAP2K2/MAP2K3/MAP2K7/MAP4K2/RALB/THBS1/TSC2/AXIN1/UNC119/HGS/NHERF1/PPM1F/MVP/RGS14/CAMKK2/LILRB4/CD300A/MAPRE3/PIK3R5/PYCARD/INPP5K/VPS25/PSRC1/MIDN/STRADA/HEXIM2/PIK3R6/LILRA5
BP	GO:0055082	BP Intracellular chemical homeostasis	0.0560897435897436	1.37641121316494	0.00328401980002813	0.0426729131996413	1.36984770765998	70	AGER/ARF1/ASL/ATP2A3/ATP6V0B/ATP6V0A1/BAX/CALM3/CLN3/CCR1/CYBA/DIAPH1/PTK2B/FKBP1A/FTH1/GP1BA/GP9/GRN/GRINA/GSTP1/HK1/HK3/HLA-DRB1/HMOX1/ITGB3/KCNQ1/LAMP1/PLCB2/PLCG2/PRKACA/MAPK3/PTPN6/RAF1/SLC9A1/SLC11A1/SRF/STX4/TBXAS1/TGFB1/TRPM2/USF1/USF2/VDR/RAB7A/ATP6V0D1/RAB11B/ATP6V1F/NHERF1/OSBPL2/SCO2/TCIRG1/MICU1/KAT5/CORO1A/WDTC1/SLC9A8/TRPM4/CLN6/RAB20/PNPLA2/SELENON/TTC7A/SLC24A3/NADK/SLC8B1/SPNS1/DGAT2/TPCN2/RNASEK/NCF1
BP	GO:0043328	BP Protein transport to vacuole involved in ubiquitin-dependent protein catabolic process via the multivesicular body sorting pathway	0.00480769230769231	3.68878205128205	0.003385635443351	0.0434252293444546	1.36225787920745	6	HGS/UBAP1/VPS37C/VPS37B/VPS25/MVB12A
BP	GO:0071709	BP Membrane assembly	0.00961538461538462	2.35454173486088	0.00355365652509658	0.0445257632476111	1.35138862725192	12	ILK/LRCH4/CHMP1A/STX4/HDAC3/FLOT1/PACSIN2/SIRT2/CHMP2A/NSFL1C/REEP4/CHMP4B
BP	GO:0044091	BP Membrane biogenesis	0.0104166666666667	2.26198899371069	0.00358815207128981	0.0445259051360567	1.3513872433055	13	ILK/LRCH4/CHMP1A/STX4/HDAC3/FLOT1/PACSIN2/SIRT2/CHMP2A/NSFL1C/SELENON/REEP4/CHMP4B
BP	GO:1905952	BP Regulation of lipid localization	0.0176282051282051	1.82777489027489	0.00361046442078038	0.0445259051360567	1.3513872433055	22	AKT1/AKT2/TSPO/SCARB1/GPS2/ITGB3/FURIN/PRKCD/RXRA/SPP1/SURF4/SYK/THBS1/NR1H2/LPCAT3/PLIN3/EHD1/LAMTOR1/RETN/PNPLA2/EEPD1/PLIN5
BP	GO:0045936	BP Negative regulation of phosphate metabolic process	0.030448717948718	1.55748575498576	0.0036500008205049	0.0445259051360567	1.3513872433055	38	ADAR/AKT1/ARRB2/TSPO/CALM3/CDA/CDKN1A/CDKN2D/DUSP1/DUSP3/FBP1/GBA1/GSK3A/GSTP1/PRKACA/PRKCD/PTPN6/STAT3/TGFB1/TSC2/PPM1F/MVP/SEMA4D/RGS14/LILRB4/CD300A/SIRT2/PYCARD/SIRT6/INPP5K/PARP14/MICAL1/VPS25/MIDN/NLRP12/HEXIM2/SIRPA/SLC27A1
BP	GO:0031667	BP Response to nutrient levels	0.0432692307692308	1.43926467318808	0.00366329256453811	0.0445259051360567	1.3513872433055	54	AKT1/ALPL/ASL/BAX/TSPO/CD68/CDKN1A/CDKN2D/COMT/DAP/FBP1/FES/FOS/GBA1/GLUL/GNAI2/PAK1/MAPK3/RALB/RARA/RXRA/SP1/SPP1/SRF/TBXA2R/TGFB1/TSC2/USF1/USF2/VDR/ZFP36/TRIM25/TFEB/ULK1/MTMR3/PLIN3/MICU1/KAT5/ATG7/GAS2L1/GABARAP/SIRT2/SCAP/RNF167/WIPI2/CIDEB/LAMTOR1/WIPI1/ELAPOR1/RIPOR1/NUAK2/SESN2/MAP1LC3A/TPCN2
BP	GO:0061615	BP Glycolytic process through fructose-6-phosphate	0.00560897435897436	3.22768429487179	0.00376031588267024	0.0451423143156028	1.34541617966829	7	ENO1/GALK1/HK1/HK3/PKM/PRKACA/TPI1
BP	GO:0002287	BP Alpha-beta t cell activation involved in immune response	0.0128205128205128	2.04932336182336	0.00383677960441795	0.0458344700782673	1.33880778544218	16	BCL3/HLA-DRB1/HLX/IL4R/JUNB/LGALS9/RARA/RELB/STAT3/STAT5A/STAT6/SOCS3/ZBTB7B/SEMA4A/NFKBID/NLRP3
BP	GO:0072376	BP Protein activation cascade	0.00400641025641026	4.19179778554779	0.003920788424276	0.0460428366083715	1.33683792819137	5	F12/GP1BA/GP9/ITGB3/MVP
BP	GO:0141086	BP Negative regulation of inflammasome-mediated signaling pathway	0.00400641025641026	4.19179778554779	0.003920788424276	0.0460428366083715	1.33683792819137	5	MEFV/SIRT2/CPTP/TRIM11/ZDHHC12
BP	GO:1903238	BP Positive regulation of leukocyte tethering or rolling	0.00400641025641026	4.19179778554779	0.003920788424276	0.0460428366083715	1.33683792819137	5	FUT7/GP1BA/PTAFR/SELP/ST3GAL4
BP	GO:0019320	BP Hexose catabolic process	0.00801282051282051	2.5616542022792	0.00392979483567553	0.0460428366083715	1.33683792819137	10	ENO1/FUT7/GALK1/GLB1/HK1/HK3/PGM1/PKM/PMM2/TPI1
BP	GO:0009896	BP Positive regulation of catabolic process	0.0528846153846154	1.38015654979941	0.00397241811272204	0.0464306136244777	1.33319557668352	66	ADAM8/AKT1/AKT2/BAX/CEBPA/CLU/CSNK1D/PTK2B/GBA1/GSK3A/HMOX1/HSPA1A/MEFV/CNOT3/OAZ2/FURIN/PHKG2/PRKCD/MAPK3/RALB/UPF1/SGTA/TRIM21/STX5/TNFRSF1B/TSC2/VCP/ZFP36/LAPTM5/RAB7A/TFEB/AXIN1/ULK1/SQSTM1/FXR2/GTPBP1/ATG13/TOM1/ZER1/KAT5/ATG7/CAMKK2/GABARAP/SIRT2/ZSWIM8/ATG2A/GGA3/GGA1/MARCHF2/FZR1/SIRT6/ALKBH5/WIPI1/RNF31/SAMD4B/PNPLA2/ELAPOR1/VSIR/TRIM8/SESN2/TRAF7/LRSAM1/RNF185/ZC3H18/ZDHHC19/PLIN5
BP	GO:0050818	BP Regulation of coagulation	0.00961538461538462	2.30548878205128	0.00428054260321656	0.0490902697601824	1.30900458136445	12	ALOX12/SERPING1/F12/GP1BA/PF4/PLAUR/PRKCD/ST3GAL4/TBXA2R/THBS1/USF1/EMILIN2
BP	GO:0044089	BP Positive regulation of cellular component biogenesis	0.0456730769230769	1.41304151157982	0.0043224062242736	0.0494540092420412	1.3057984943375	57	RHOA/BAX/CLU/DCTN1/CTTN/PTK2B/FES/GPM6A/GRB2/HCK/HSPA1A/MYD88/PAK1/PFN1/PLCG2/PXN/RAC1/RAC2/RALB/SRF/SYK/TGFB1/CLDN5/NR1H2/VASP/VCP/RAB7A/ULK1/NRP1/HGS/ISG15/PPM1F/PLEKHM1/SETDB1/BCL2L11/FLOT1/CDC42EP2/SEMA4D/CDC42EP1/TWF2/ATG2A/ZDHHC5/POLDIP2/CHMP2A/PYCARD/DEF8/WIPI1/ELAPOR1/SEMA4A/FUZ/NDEL1/MED25/PSRC1/FCHSD1/BMF/LRSAM1/ARAP1
CC	GO:0030667	CC Secretory granule membrane	0.0655358519660756	3.08558211256746	1.28370775478025e-22	7.80494314906393e-20	19.107630255976	85	ADAM8/ALDH3B1/ANPEP/APLP2/RHOA/RHOG/ATP6V0A1/AZU1/C5AR1/CA4/CD14/CD33/CD63/CD68/ADGRE5/CEACAM3/CYBA/DIAPH1/FCER1G/FLOT2/FPR1/GAA/HLA-B/HLA-C/CXCR1/CXCR2/ITGA2B/ITGAM/ITGAX/ITGB2/ITGB3/LAMP1/PECAM1/PLAUR/PSAP/PTAFR/RAB5C/RAC1/SELP/SLC2A3/SLC11A1/SPARC/STK10/SURF4/TNFRSF1B/TRPM2/TYROBP/RAB7A/DGAT1/SIGLEC5/AP1M1/RAB3D/TOM1/LILRB2/TCIRG1/SIRPB1/AGPAT2/CKAP4/LILRB3/CD300A/EXOC3/NBEAL2/NCSTN/BRI3/LAMP3/SIGLEC9/CYB5R1/RAB4B/RAB24/LAMTOR1/SLC44A2/TMBIM1/MMP25/DOK3/DNAJC5/CYSTM1/ACRBP/ARL8A/SIRPA/NFAM1/ADGRG3/LY6G6F/RAB37/TMEM179B/SIGLEC14
CC	GO:0101002	CC Ficolin-1-rich granule	0.0439475713184271	3.04991064305801	2.65033847541249e-15	8.05702896525397e-13	12.0938250750518	57	ADAM8/ALDOA/ALOX5/RHOA/ATP6V0A1/CAPN1/CDA/CSNK2B/CST3/CSTB/CTSD/CTSZ/DIAPH1/FCER1G/FCN1/FPR1/FTH1/GAA/GLB1/GSN/GSTP1/HK3/HSPA1A/HSPA6/IMPDH1/ITGAX/ITGB2/LAMP1/MMP9/PGM1/SERPINA1/PKM/PYGL/RAC1/SLC2A3/SLC11A1/TIMP2/TRPM2/VCP/SIGLEC5/MVP/LILRB2/TCIRG1/ATG7/CD300A/NBEAL2/COTL1/DBNL/LAMTOR1/DOK3/PLEKHO2/LRG1/CANT1/ARL8A/SIRPA/TMEM179B/SIGLEC14
CC	GO:0015629	CC Actin cytoskeleton	0.0647648419429453	2.14205700376584	5.90701468420658e-12	8.978662319994e-10	9.04678836158648	84	ACTA2/ACTB/ACTG1/ACTN4/ACTN1/ADAM8/ADD1/ALDOA/CAPG/CAPZB/CFL1/CNN2/DBN1/DIAPH1/DNM2/MARK2/CTTN/FGR/FHL3/FLII/FLOT2/GSN/HCK/LASP1/LSP1/MSRA/MYO1F/MYH9/MYO7B/MYO9B/PAK1/PXN/RAC1/RAC2/RARA/SH3GL1/CLDN5/TNNI2/VASP/WIPF1/ZYX/TAGLN2/GAS7/PSTPIP1/PDLIM1/PDLIM7/NHERF1/WDR1/ARPC4/ARPC1B/ACTR1A/FLOT1/APBB3/MYL9/ARPC1A/SH2B2/GAS2L1/TRIOBP/CORO1A/GABARAP/TWF2/ABLIM3/FKBP15/COTL1/SIPA1L1/DBNL/PARVB/TAX1BP3/MSRB1/PPP1R12C/BIN3/VPS18/PARVG/PDLIM2/MICAL1/MICALL2/LIMD2/FERMT3/PPP1R9B/FCHSD1/BMF/MYADM/SAMD14/PEAK3
CC	GO:0005774	CC Vacuolar membrane	0.0693909020817271	1.98358850093623	8.73409584671648e-11	7.58618610686232e-09	8.11997650724463	90	AP2A1/AP1B1/ANPEP/ARRB1/ATP6V0B/ATP6V0A1/AZU1/SCARB1/CD63/CD68/AP2M1/CLN3/CSF3R/CTSD/ECE1/FPR1/GAA/GBA1/GNB1/GNB2/GRN/HLA-DRB1/LAMP1/NEU1/CHMP1A/CTSA/PSAP/RAB5C/SLC11A1/SURF4/TRPM2/TSC2/LAPTM5/RAB7A/TFEB/ULK1/AP1M1/AP3D1/ATP6V0D1/ATP6V1F/LITAF/RAB3D/PLEKHM1/TOM1/AP1M2/FLOT1/TCIRG1/TM9SF1/IFITM2/STARD3/CKAP4/GABARAP/ATG4B/PLEKHM2/VPS39/NCSTN/PLD3/BRI3/RNF167/LAMP3/CHMP2A/MARCHF2/SLC15A3/SLC35F6/LAMTOR1/WIPI1/PI4K2A/GPR137/SLC44A2/ELAPOR1/VPS18/PGAP6/TMBIM1/KXD1/DNAJC5/SESN2/SPNS1/MAP1LC3A/AP5B1/STK11IP/ARL8A/CHMP4B/NFAM1/TPCN2/TMEM150B/RAB37/TMEM179B/LAMTOR4/RNASEK/BORCS8
CC	GO:0030139	CC Endocytic vesicle	0.0493446414803392	2.16215972851443	1.38832804110925e-09	6.49310345380327e-08	7.18754767751259	64	ACTG1/ADAM8/AP2A1/ANXA11/ARRB1/ARRB2/ATP6V0B/ATP6V0A1/FMNL1/CAMK2G/SCARB1/AP2M1/CSF3R/CYBA/DLG4/DNM1/DNM2/CTTN/FLOT2/FZD2/GSN/HCLS1/HLA-B/HLA-C/HLA-DRB1/HLA-E/ITGB5/CD82/LAMP1/RAB8A/NCF2/NCF4/RAC2/SLC11A1/SPARC/STX4/SYK/TAPBP/ZYX/RAB7A/DYSF/MARCO/PGLYRP1/ATP6V0D1/HGS/LPAR2/RAB11B/VPS9D1/RIN1/TCIRG1/CDC42EP2/EHD1/RAB35/CORO1A/STAB1/SRGAP2/ZDHHC5/RAB20/RIN3/RAB34/RAB11FIP4/STON2/RAB43/NCF1
CC	GO:0005766	CC Primary lysosome	0.0316114109483423	2.65403216675383	2.60762679572992e-09	1.01554034340388e-07	6.99330281911327	41	ANXA11/ARSA/AZU1/CD63/CD68/CYB5R3/FPR1/GAA/GALNS/GLB1/GRN/IMPDH1/LAMP1/MAN2B1/CTSA/PRKCD/PSAP/RAB5C/RNASE2/STXBP2/SURF4/VCP/RAB3D/IST1/TOM1/TUBB4B/CKAP4/NCSTN/BRI3/PYCARD/TOLLIP/LAMTOR1/RETN/TRAPPC1/DNAJC5/STK11IP/ARL8A/NFAM1/UNC13D/RAB37/TMEM179B
CC	GO:0031252	CC Cell leading edge	0.0524286815728604	1.92495030875768	6.45319814656843e-08	2.0650234069019e-06	5.68507502128084	68	ACTA2/ACTB/ACTN1/AKT1/AKT2/ARF1/RHOA/CAPG/CAPZB/CFL1/DCTN1/DIAPH1/CTTN/PTK2B/FGR/FLOT2/GSN/ILK/INPPL1/ITGA5/ITGB3/ITGB4/MEFV/MYH9/MYO9B/P4HB/PAK1/PLCG2/PXN/RAC1/RAC2/S100A11/SLC9A1/STX4/TLN1/VASP/WIPF1/PSTPIP1/ARHGEF2/PDLIM7/NHERF1/SH2D3C/FLOT1/SH2B2/CORO1A/PACSIN2/TWF2/ABLIM3/PLXND1/SRGAP2/PIP5K1C/PSD4/SH3BP1/DBNL/PARVB/NRBP1/PLEKHO1/INPP5K/APBB1IP/ARAP3/MTMR14/RIPOR1/NDEL1/SH3BGRL3/PPP1R9B/FGD3/MYADM/PEAR1
CC	GO:0010008	CC Endosome membrane	0.0678488820354665	1.74058478144831	1.08218608213923e-07	3.28984568970325e-06	5.48282447216615	88	AP2A1/ARHGAP1/ATP6V0B/ATP6V0A1/CD14/CD63/CD68/AP2M1/CLN3/CTSD/ECE1/FCGRT/HLA-B/HLA-C/HLA-DRB1/HLA-E/IRF7/LAMP1/RAB8A/MYD88/NCF4/FURIN/CHMP1A/RAB5C/RAC1/SH3GL1/SLC11A1/RAB7A/AP3D1/ATP6V0D1/HGS/RAB11B/ATP6V1F/LITAF/PLEKHM1/TOM1/SCAMP2/PLIN3/TCIRG1/NDRG1/IFITM2/EHD1/STARD3/RAB35/PACSIN2/GGA3/PLEKHM2/SLC9A8/VPS39/NCSTN/PIP5K1C/PLD3/RNF167/GGA1/LAMP3/CHMP2A/MARCHF2/UBAP1/SLC15A3/SPG21/RAB4B/YIPF1/LAMTOR1/VPS37C/WIPI1/PI4K2A/PSENEN/ELAPOR1/VPS18/TMBIM1/MICAL1/YIPF2/ATG9A/VPS37B/RUFY1/CPTP/VPS25/RAB11FIP4/MVB12A/SCAMP4/SNX20/SPNS2/ARL8A/CHMP4B/TPCN2/TMEM150B/LAMTOR4/RNASEK
CC	GO:0030027	CC Lamellipodium	0.030840400925212	2.29981275470867	3.06630035831035e-07	8.87766960882235e-06	5.05170102170481	40	ACTA2/ACTB/AKT1/RHOA/CAPG/CAPZB/CFL1/CTTN/PTK2B/FLOT2/GSN/ILK/INPPL1/ITGB3/MEFV/MYO9B/P4HB/PAK1/PXN/RAC1/RAC2/SLC9A1/STX4/VASP/PSTPIP1/FLOT1/CORO1A/TWF2/ABLIM3/PLXND1/SRGAP2/SH3BP1/DBNL/PARVB/NRBP1/APBB1IP/ARAP3/PPP1R9B/FGD3/PEAR1
CC	GO:0030055	CC Cell-substrate junction	0.0524286815728604	1.7831692661863	1.27330976180952e-06	3.10790572691256e-05	4.50753216326321	68	ACTB/ACTG1/ACTN4/ACTN1/ADD1/ARF1/RHOA/RHOG/CAPN1/ADGRE5/CFL1/CNN2/DNM2/CTTN/PTK2B/FES/FHL3/FLII/FLOT2/FZD2/GAK/GNB2/GSN/HCK/HSPA1A/IL16/ILK/ITGA2B/ITGA5/ITGB2/ITGB3/ITGB4/ITGB5/LASP1/MYH9/P4HB/PAK1/PFN1/PLAUR/MAPK3/MAP2K2/PVR/PXN/RAC1/RAC2/SLC9A1/TLN1/VASP/ZYX/NRP1/MPZL1/PDLIM1/ARHGEF2/PDLIM7/ARPC1B/FLOT1/TNFSF13B/TSPAN9/TRIOBP/CDC42EP1/PACSIN2/NCSTN/PIP5K1C/PARVB/APBB1IP/PARVG/FERMT3/PEAK3
CC	GO:0005911	CC Cell-cell junction	0.0470316114109483	1.78690356518939	4.16662648170711e-06	8.80207116498438e-05	4.0554151244762	61	ACTB/ACTG1/ACTN1/ADD1/AKT1/RHOA/CNN2/CSK/DBN1/DLG4/FLOT2/GRB2/ITGA5/ITGB3/MYH9/CCN3/PAK1/PECAM1/PPP1CA/PRKCD/MAP2K2/PTPN6/PVR/NECTIN1/PXN/S100A11/SCN1B/SLC9A1/TLN1/CLDN5/VASP/VAV1/ZYX/ADAM15/CLDN9/PDLIM1/ARHGEF2/PDLIM7/CYTH2/TJP2/WDR1/FLOT1/NDRG1/STARD10/CDC42EP1/CORO1A/PACSIN2/SIRT2/KAZN/PIP5K1C/SH3BP1/POLDIP2/UBN1/F11R/PDLIM2/MICALL2/PPP1R9B/ESAM/MYADM/JAML/TSPAN33
CC	GO:0005938	CC Cell cortex	0.0370084811102544	1.89073967748815	9.24588733303532e-06	0.000170348469651075	3.76866176362284	48	ACTB/ACTN4/ACTN1/AKT1/AKT2/RHOA/FMNL1/CAPZB/CTSZ/DBN1/DCTN1/DLG4/CTTN/ENO1/PTK2B/FLOT2/GRB2/GSN/LASP1/MYH9/MYO9B/PFN1/SEPTIN5/SEPTIN4/PXN/RAC1/CLDN5/TNFAIP2/CLIP2/AXIN1/OSBPL2/WDR1/ACTR1A/FLOT1/MYL9/CORO1A/EXOC3/COTL1/SH3BP1/DBNL/NRBP1/AGTRAP/PDLIM2/FAM110A/PPP1R9B/FCHSD1/TMEM250/MYADM
CC	GO:0005811	CC Lipid droplet	0.0169622205088666	2.61087717217247	1.67126117984891e-05	0.000290321942099467	3.53712013959856	22	CYB5R3/GAPDH/RAB5C/VCP/RAB7A/SYNGR2/PITPNM1/OSBPL2/PLIN3/EHD1/CKAP4/ATG2A/CTDNEP1/PISD/CIDEB/PNPLA2/RAB40C/ABHD4/DGAT2/AQP10/PLIN5/PLIN4
CC	GO:0034045	CC Phagophore assembly site membrane	0.00693909020817271	4.16553585196608	0.000108034164300247	0.00145966159765667	2.83574781771221	9	RAB7A/ULK1/ATG13/ATG2A/WIPI2/WIPI1/ATG9A/RAB1B/ATG16L2
CC	GO:0030863	CC Cortical cytoskeleton	0.015420200462606	2.40434969810452	0.000141718628258148	0.0018332962974671	2.73676733866258	20	ACTB/ACTN4/ACTN1/CAPZB/DBN1/DLG4/CTTN/FLOT2/GSN/LASP1/MYH9/CLDN5/WDR1/FLOT1/CORO1A/COTL1/PDLIM2/PPP1R9B/FCHSD1/MYADM
CC	GO:0001931	CC Uropod	0.0053970701619121	4.98440187414744	0.000160947421581263	0.00203866734002933	2.69065363453384	7	DNM2/FLOT2/MYH9/SELPLG/PSTPIP1/FLOT1/PIP5K1C
CC	GO:0005775	CC Vacuolar lumen	0.023130300693909	1.96952049738349	0.000199880513536833	0.00248015004551826	2.60552204418612	30	ARSA/AZU1/TPP1/CTSD/CYB5R3/GAA/GALNS/GBA1/GLB1/GRN/IMPDH1/MAN2B1/NEU1/CTSA/PRKCD/PSAP/RNASE2/TCN2/VCP/IST1/TUBB4B/IFI30/DAPK2/PLD3/PYCARD/TOLLIP/RETN/TRAPPC1/STK11IP/UNC13D
CC	GO:0043020	CC Nadph oxidase complex	0.0046260601387818	5.55404780262143	0.000224627791498654	0.00273147394462364	2.56360293784028	6	CYBA/NCF2/NCF4/RAC1/RAC2/NCF1
CC	GO:0098552	CC Side of membrane	0.0609097918272938	1.46549691518735	0.000286000938380273	0.00328091642519256	2.48400483225948	79	GRK2/AP2A1/ALPL/ANPEP/RHOA/ASGR1/ASGR2/CA4/CD14/CD33/AP2M1/CLPTM1/CCR1/CSF3R/ECE1/ADGRE1/FCER1G/FCGRT/FCN1/FES/FKBP1A/FOLR3/GNA15/GNAI2/GNAZ/GNB1/GNB2/GNG5/GP1BA/HCK/HLA-B/HLA-C/HLA-DRB1/HLA-E/IL4R/CXCR1/CXCR2/ITGA2B/ITGA5/ITGAM/ITGAX/ITGB2/ITGB3/KCNQ1/LAMP1/MYD88/MYH9/P4HB/PECAM1/PLAUR/CTSA/MAP2K2/SELP/TAPBP/TCN2/TGM3/THBS1/TYK2/TNFRSF10C/SOCS3/LITAF/OSBPL2/FLOT1/LILRB4/SMPDL3B/RNF31/DPEP2/DPEP3/MMP25/KXD1/LY6G5C/HM13/NTNG2/PPP1R9B/RASGRP4/CHMP4B/CLEC4G/NCF1/BORCS8
CC	GO:0031254	CC Cell trailing edge	0.0053970701619121	4.6283731688512	0.000291913990249532	0.00328673529762436	2.4832352710964	7	DNM2/FLOT2/MYH9/SELPLG/PSTPIP1/FLOT1/PIP5K1C
CC	GO:0098978	CC Glutamatergic synapse	0.0470316114109483	1.53440632228219	0.000415569238282731	0.00454793222151939	2.34218601628849	61	ABR/ACTB/ACTN1/AP2A1/AKT1/RHOA/RHOG/ARRB2/AP2M1/DBN1/DLG4/DNM1/PTK2B/FLOT2/GPM6A/ITGA5/ITGB3/RAB8A/PFN1/PPP1CA/PPP2R1A/PRKACA/MAPK3/RAC1/SH3GL1/STX4/VASP/VCP/RAB7A/MLF2/NAPA/NRP1/SQSTM1/AP3D1/UBE2M/LPAR2/HOMER3/ELMO1/OSBPL2/WDR1/FLOT1/SEMA4B/ARPC1A/RGS14/EHD1/CORO1A/PACSIN2/DLGAP4/ABLIM3/PLXND1/SRGAP2/ZDHHC5/DBNL/STRN4/FXYD6/PI4K2A/VPS18/LRRC4/MAP1LC3A/NTNG2/PPP1R9B
CC	GO:0032587	CC Ruffle membrane	0.015420200462606	2.20398722326247	0.000494990255917575	0.00518886337237734	2.28492776453417	20	AKT2/RHOA/CFL1/DIAPH1/FGR/ITGA5/ITGB3/PAK1/PLCG2/RAC1/TLN1/ARHGEF2/SH2D3C/PACSIN2/PIP5K1C/PSD4/PLEKHO1/INPP5K/SH3BGRL3/PPP1R9B
CC	GO:0098793	CC Presynapse	0.0493446414803392	1.48107941403238	0.000795546031712432	0.00800370930283338	2.09670869345762	64	ACTB/ACTG1/GRK2/AP2A1/AP1B1/ATP6V0A1/CALM3/AP2M1/CLN3/DLG4/DNM1/DNM2/PTK2B/GAK/GPM6A/LAMP1/RAB8A/PLD2/SEPTIN5/SEPTIN4/PPP1CA/NECTIN1/RAB5C/SH3GL1/STXBP2/UBE2L3/BEST1/RAB7A/DYSF/STX10/S1PR4/NAPA/AP3D1/UBE2M/ATP6V0D1/SYNGR2/LPAR2/RAB11B/ATP6V1F/FXR2/RAB3D/OSBPL2/FLOT1/EHD1/EXOC3/RPH3A/NCSTN/PIP5K1C/PNKD/DBNL/FXYD6/NECAB2/PI4K2A/PSENEN/VPS18/LRFN1/DENND1A/RAB40C/MICAL1/DNAJC5/NDEL1/NTNG2/STON2/TPRG1L
CC	GO:0030496	CC Midbody	0.0254433307632999	1.72583406296146	0.00120306971876995	0.0109174087912258	1.96188042767617	33	ANXA11/RHOA/BCL3/CAPG/DNM2/GNAI2/IL16/RAB8A/MSRA/CHMP1A/RALB/SAFB/AURKC/CTDP1/PITPNM1/IST1/KATNB1/TRIOBP/EXOC3/MAPRE3/SIRT2/POLDIP2/CCDC69/CHMP2A/TRAPPC14/MICAL1/VPS37B/RAB11FIP4/PSRC1/ARL8A/CHMP4B/KLHDC8B/C6orf89
CC	GO:0030117	CC Membrane coat	0.015420200462606	2.01233616037008	0.00166477568570486	0.0144597659558365	1.83983873642678	20	AP2A1/AP1B1/AP2M1/DNM1/AP1M1/AP3D1/AP1M2/COPE/COPG1/VPS39/CIDEB/CHMP2A/EPN1/SCYL1/VPS18/EPS15L1/STON2/AP5B1/CHMP4B/PEF1
CC	GO:0048475	CC Coated membrane	0.015420200462606	2.01233616037008	0.00166477568570486	0.0144597659558365	1.83983873642678	20	AP2A1/AP1B1/AP2M1/DNM1/AP1M1/AP3D1/AP1M2/COPE/COPG1/VPS39/CIDEB/CHMP2A/EPN1/SCYL1/VPS18/EPS15L1/STON2/AP5B1/CHMP4B/PEF1
CC	GO:0098857	CC Membrane microdomain	0.0277563608326908	1.62557496662091	0.00221623281172275	0.0184584869798279	1.73380390045213	36	CD14/SCARB1/TPP1/CLN3/CTSD/ARID3A/FLOT2/HCK/HK1/INPP5D/ITGAM/ITGB2/KCNQ1/FURIN/PECAM1/PLCG2/PRKACA/MAPK3/SELPLG/SLC9A1/TNFRSF1A/TNFRSF1B/BEST1/LAT2/GAB2/FLOT1/PACSIN2/GP6/CLN6/LAMTOR1/PI4K2A/EFHD2/TUBA1C/ORAI1/MYADM/NFAM1
CC	GO:0008305	CC Integrin complex	0.0061680801850424	3.08558211256746	0.00273232951279762	0.022449410051094	1.64879506735201	8	ITGA2B/ITGA5/ITGAM/ITGAX/ITGB2/ITGB3/ITGB4/ITGB5
CC	GO:0031143	CC Pseudopodium	0.0038550501156515	4.2076119716829	0.00385686404033012	0.0304541991755936	1.5163528162313	5	ACTN4/ACTN1/ARRB1/MAPK3/RAF1
MF	GO:0003779	MF Actin binding	0.0512024825446082	2.02627810955894	1.21393589244277e-08	1.05491029053276e-05	4.97678447115599	66	ACTN4/ACTN1/ADD1/ALDOA/FMNL1/CAPG/CAPZB/CFL1/CNN2/DBN1/DIAPH1/FHL3/FLII/GSN/HCLS1/INPPL1/LASP1/LSP1/MAP1A/MEFV/MYO1F/MYBPC3/MYH9/MYO7B/MYO9B/P4HB/PFN1/TLN1/TNNI2/VASP/WIPF1/TAGLN2/GAS7/PSTPIP1/PDLIM1/PDLIM7/WDR1/ARPC4/ARPC1B/ARPC1A/GAS2L1/TRIOBP/CORO1A/TWF2/ABLIM3/FKBP15/COTL1/PLEKHG3/DBNL/PARVB/MSRB1/SSH3/MAP1S/MRTFA/VPS18/PARVG/PDLIM2/MICAL1/MARCKSL1/CORO7/MICALL2/LIMD2/PPP1R9B/PPP1R18/ARHGAP27/SAMD14
MF	GO:0050839	MF Cell adhesion molecule binding	0.0605120248254461	1.77516992230469	2.47887215049249e-07	7.18046632925993e-05	4.14384734995717	78	ACTN4/ACTN1/ADAM8/ADD1/AGER/ALDOA/ARHGAP1/CAPG/CAPZB/CNN2/CSNK1D/DBN1/MARK2/CTTN/ENO1/HDLBP/HSPA1A/ICAM3/ILK/ITGA2B/ITGA5/ITGAM/ITGAX/ITGB2/ITGB3/ITGB4/ITGB5/LASP1/MYH9/NINJ1/CCN3/P4HB/PCBP1/PFN1/PKM/PPP1CA/PTPN6/PTPRF/PVR/NECTIN1/S100A11/SELP/SH3GL1/SPP1/STX5/SYK/THBS1/TLN1/VASP/VWF/TRIM25/TAGLN2/ADAM15/PDLIM1/RAB11B/TJP2/ISG15/IST1/PLIN3/LILRB2/NDRG1/EHD1/CDC42EP1/PACSIN2/LYPLA2/EXOC3/TWF2/DBNL/F11R/TBC1D2/SCYL1/EPS15L1/EFHD2/FERMT3/ESAM/JAML/CHMP4B/SIRPA
MF	GO:0019902	MF Phosphatase binding	0.0279286268425136	2.04572854878113	2.0115540540013e-05	0.00382498176402318	2.41737063104709	36	CD33/CSF1R/CSK/DLG4/GRB2/KCNQ1/PPP1CA/PPP1R10/MAPK3/MAP2K7/PXN/SLC9A1/STAT3/STAT6/SYK/TSC2/VCP/ELL/MTMR3/NHERF1/PPP6R2/MVP/LILRB2/LILRB4/PPP6R1/SMG5/CARHSP1/PPP1R15A/TRPC4AP/STRN4/VRK3/ADISSP/PPP1R9B/SIRPA/PPP1R18/SAXO4
MF	GO:0005178	MF Integrin binding	0.0201706749418154	2.35517593652305	2.20079503108353e-05	0.00382498176402318	2.41737063104709	26	ACTN4/ACTN1/ICAM3/ILK/ITGA2B/ITGA5/ITGAM/ITGAX/ITGB2/ITGB3/ITGB4/ITGB5/MYH9/CCN3/P4HB/SELP/SPP1/SYK/THBS1/TLN1/VWF/ADAM15/ISG15/F11R/FERMT3/JAML
MF	GO:0005543	MF Phospholipid binding	0.0488750969743988	1.64211971116548	4.54020533122334e-05	0.00657573072138847	2.18205597962396	63	AKT1/ANXA11/CAPG/SCARB1/TPP1/DNM1/DNM2/FES/FLII/GSN/KCNQ1/NCF4/PFN1/PITPNA/PLCB2/PLD2/PSAP/PTAFR/SLC9A1/THBS1/TLN1/DYSF/HGS/PITPNM1/GAB2/OSBPL2/TOM1/RAB35/ADAP1/PACSIN2/CD300A/GABARAP/TWF2/RPH3A/ATG2A/GGA3/PSD4/GGA1/WIPI2/CIDEB/CHMP2A/SNX11/EPN1/CLN6/WIPI1/ADAP2/PREX1/PHF12/DENND1A/ARHGAP9/HS1BP3/ARAP3/FUZ/CPTP/MAP1LC3A/SYTL3/NLRP3/ARAP1/SNX20/CD300LF/TPCN2/CPNE2/NCF1
MF	GO:0031267	MF Small gtpase binding	0.0356865787432118	1.76828497108696	7.94257086970911e-05	0.00902975161427573	2.04432419586956	46	ARHGAP1/ARHGDIB/FMNL1/DAPK3/DIAPH1/DOCK2/DVL3/RAB8A/MAP3K11/MYO9B/NCF2/PAK1/PFN1/TSC2/RAB7A/ULK1/ARHGEF2/VPS9D1/RIN1/RUSC2/NDRG1/CDC42EP2/EHD1/TRIOBP/CDC42EP1/PPP6R1/RPH3A/GGA3/XPO6/SRGAP2/PLEKHG3/GGA1/YIPF1/TMEM127/MICAL1/YIPF2/MICALL2/RIN3/RAB34/RAB11FIP4/FGD3/SYTL3/RILPL2/UNC13D/KCTD13/RILPL1
MF	GO:0043130	MF Ubiquitin binding	0.0178432893716059	2.26264421031557	0.000125157033480389	0.0120846068993842	1.91776747220751	23	SQSTM1/HGS/N4BP1/TOM1/RBCK1/SIRT2/GGA3/GGA1/UBAP1/TOLLIP/RNF31/OTUB1/NPLOC4/NSFL1C/TP53INP2/CUEDC2/RNF185/UBXN11/MVB12A/RNF19B/ZFAND2B/FAAP20/CUEDC1
MF	GO:0004683	MF Calcium/calmodulin-dependent protein kinase activity	0.00620636152055857	4.30538949482043	0.000195626660808311	0.0150432037045957	1.82265966354084	8	CAMK2G/PTK2B/MKNK2/PHKG2/MAPKAPK3/MAPKAPK2/CAMKK2/CAMKK1
MF	GO:0003924	MF Gtpase activity	0.0364623739332816	1.686277552138	0.000216701812914184	0.0150432037045957	1.82265966354084	47	ARF1/ARF3/ARF5/RHOA/RHOG/ARHGDIB/DNM1/DNM2/GNA15/GNAI2/GNAZ/GNB1/GNB2/GNG5/RAB8A/MX2/SEPTIN5/SEPTIN4/RAB5C/RAC1/RAC2/RALB/SRPRA/TUFM/RAB7A/RAB11B/RAB3D/GTPBP1/RGS19/TUBA1B/TUBB4B/RGS14/RAB35/MTG2/NKIRAS2/RAB4B/RAB24/GTPBP2/RAB20/RAB40C/RAB1B/RAB34/TMEM250/ARL8A/GBP6/RAB37/RAB43
MF	GO:0048029	MF Monosaccharide binding	0.0124127230411171	2.61398647899812	0.000225042172796022	0.0150432037045957	1.82265966354084	16	ALDOA/ASGR1/ASGR2/FBP1/GALK1/HK1/HK3/LGALS9/PLOD1/PYGL/SELP/SLC2A3/TALDO1/PLOD3/LMAN2/CLEC4G
MF	GO:0038187	MF Pattern recognition receptor activity	0.00930954228083786	2.96722789507894	0.000377029732212196	0.0218425891528266	1.66069588299395	12	ASGR1/ASGR2/CD14/SCARB1/FCN1/PTAFR/MARCO/PGLYRP1/NLRP1/PYCARD/NLRP6/CLEC4G
MF	GO:0019904	MF Protein domain specific binding	0.0605120248254461	1.4416531490232	0.000513111933247393	0.0262290747054109	1.58121702993661	78	ARF1/ARHGAP1/BAX/CAPG/CASP9/AP2M1/CSNK2B/CYBA/DAP/DAPK3/DLG4/DNM2/E2F4/ETV6/FZD2/GAPDH/GNG5/GRB2/HCLS1/HSPA1A/INPP5D/INPPL1/LAMP1/MYD88/MYH9/NFE2/CHMP1A/PLAUR/PRKACA/MAP2K2/PTPN6/RARA/RXRA/SYK/TLN1/VCP/WIPF1/LAT2/AXIN1/ADAM15/SQSTM1/HGS/LPAR2/NHERF1/TJP2/HOMER3/LITAF/ZNF592/IST1/ELMO1/BASP1/TADA3/SH2B2/PMF1/TREX1/NLRP1/PLXND1/SRRM2/SH3BP1/CHMP2A/DBNL/PYCARD/STRN4/F11R/SHISA5/MRTFA/SCAF1/MICAL1/RUFY1/TRIM11/SESN2/CARD19/TMEM88/MVB12A/JDP2/SIRPA/ARHGAP27/NCF1
MF	GO:0017022	MF Myosin binding	0.0100853374709077	2.58557358248727	0.000959352569403961	0.0440701111071144	1.35585585456959	13	RHOA/GSN/RAB8A/MYBPC3/RAB11B/NHERF1/RAB3D/TOM1/MYL9/TRIOBP/CORO1A/PYCARD/PDLIM2
MF	GO:0140313	MF Molecular sequestering activity	0.00930954228083786	2.67774224677856	0.00106343727935142	0.0451641229203583	1.34520641927518	12	CDKN1A/FTH1/SEC14L1/SPI1/STAT3/LAPTM5/SQSTM1/RBCK1/EPN1/TREM1/XAF1/SESN2
MF	GO:0030695	MF Gtpase regulator activity	0.0488750969743988	1.46290360055605	0.00118633640252758	0.0451641229203583	1.34520641927518	63	ABR/ARHGAP1/ARHGDIB/ARRB1/DOCK2/GPS2/GRB2/HPS1/MYO9B/NUCB1/PTGIR/RGL2/SIPA1/TBXA2R/TSC2/VAV1/NRP1/ARHGEF2/CYTH2/VPS9D1/RIN1/ARHGEF11/ELMO1/ARHGAP25/SH2D3C/CDC42EP2/RGS14/ADAP1/DENND3/SRGAP2/PSD4/SH3BP1/TBC1D22A/TBC1D10B/PLEKHG3/SIPA1L1/CYTH4/DEF6/RAPGEFL1/GMIP/LAMTOR1/TBC1D2/ARHGEF40/ADAP2/RGL3/PREX1/DENND1A/RIC8A/GPSM3/ARHGAP9/SMAP2/TBC1D17/RIN3/SH3BP5L/SESN2/ARFGAP2/FGD3/RASGRP4/ARAP1/SIRPA/ARHGAP27/ARHGAP30/LAMTOR4
MF	GO:0042826	MF Histone deacetylase binding	0.0162916989914663	2.02240006533012	0.00119536804046978	0.0451641229203583	1.34520641927518	21	BCL3/HSPA1A/MEF2D/RARA/SP1/SP2/SPI1/SRF/USF1/HDAC3/HDAC5/SIRT2/WDTC1/CAMTA2/SMG5/BRMS1/AKAP8L/ZBTB7B/NACC1/JDP2/KCTD21
MF	GO:0033691	MF Sialic acid binding	0.00543056633048875	3.76721580796787	0.00132449093041949	0.0466833286613731	1.33083818502327	7	CD33/FCN1/SELP/SIGLEC5/SIGLEC7/SIGLEC9/SIGLEC14
MF	GO:0001784	MF Phosphotyrosine residue binding	0.00930954228083786	2.61398647899812	0.00134301866114422	0.0466833286613731	1.33083818502327	12	FGR/GRB2/HCK/PFN1/PLCG2/MAPK3/PTPN6/SH3BP2/SYK/VAV1/SOCS3/SH2D3C
React	R-HSA-6798695	React Neutrophil degranulation	0.147816349384099	2.53135498320269	2.89857763227264e-26	3.80003527590944e-23	22.420212371788	132	ACAA1/ADAM8/ALDH3B1/ALDOA/ALOX5/ANPEP/RHOA/RHOG/ARSA/ATP6V0A1/AZU1/C5AR1/CAPN1/CD14/CD33/CD63/CD68/ADGRE5/CDA/CEACAM3/CNN2/CSNK2B/CST3/CSTB/CTSD/CTSZ/CYBA/CYB5R3/DIAPH1/DOCK2/FCER1G/FCN1/FGR/FOLR3/FPR1/FTH1/GAA/GALNS/GLB1/GRN/GSN/GSTP1/HK3/HLA-B/HLA-C/HSPA1A/HSPA6/CXCR1/CXCR2/IMPDH1/ITGAM/ITGAX/ITGB2/LAMP1/MAN2B1/MMP9/NEU1/PECAM1/PGM1/SERPINA1/PKM/PLAUR/CTSA/PRKCD/PSAP/PTAFR/QSOX1/PTPN6/PYGL/RAB5C/RAC1/RNASE2/S100A11/SLC2A3/SLC11A1/STK10/SURF4/TIMP2/TNFRSF1B/TRPM2/TYROBP/VCP/RAB7A/DGAT1/SIGLEC5/AP1M1/PGLYRP1/RAB3D/IST1/MVP/TOM1/LILRB2/TCIRG1/SIRPB1/TUBB4B/ATG7/AGPAT2/CKAP4/CD300A/NBEAL2/NCSTN/COTL1/BRI3/SIGLEC9/DBNL/PYCARD/RAB4B/RAB24/TOLLIP/LAMTOR1/RETN/SLC44A2/TRAPPC1/TMBIM1/ARHGAP9/MMP25/DOK3/PLEKHO2/DNAJC5/CYSTM1/STK11IP/LRG1/CANT1/OSCAR/ARL8A/SIRPA/NFAM1/UNC13D/ADGRG3/RAB37/TMEM179B/SIGLEC14
React	R-HSA-76002	React Platelet activation, signaling and aggregation	0.0716685330347144	2.66020884934273	3.35644809745281e-14	2.20015172788032e-11	10.6575473681283	64	ACTN4/ACTN1/AKT1/ALDOA/APLP2/RHOA/RHOG/ARRB1/ARRB2/SERPING1/CALM3/CD63/CFL1/CLU/CSK/FCER1G/GNA15/GNAI2/GNB1/GNB2/GNG5/GP1BA/GP9/GRB2/ITGA2B/ITGB3/PECAM1/PF4/PFN1/SERPINA1/PLCG2/PRKCD/MAPK3/PSAP/QSOX1/PTPN6/RAC1/RAC2/RAF1/SELP/SPARC/STX4/STXBP2/SYK/TBXA2R/TGFB1/THBS1/TLN1/TUBA4A/VAV1/VWF/TAGLN2/WDR1/MGLL/PIK3R5/GP6/CYB5R1/APBB1IP/GTPBP2/TOR4A/MPIG6B/FERMT3/PIK3R6/LY6G6F
React	R-HSA-109582	React Hemostasis	0.120940649496081	2.03412454007359	6.02471183640185e-14	2.63279907250761e-11	10.5795822837086	108	ACTB/ACTN4/ACTN1/AKT1/ALDOA/APLP2/RHOA/RHOG/ARRB1/ARRB2/ATP2A3/SERPING1/CALM3/CAPZB/CD63/CFL1/CEACAM3/CLU/CSK/DOCK2/F12/FCER1G/FGR/GNA15/GNAI2/GNB1/GNB2/GNG5/GP1BA/GP9/GRB2/H3-3A/H3-3B/INPP5D/IRF1/ITGA2B/ITGA5/ITGAM/ITGAX/ITGB2/ITGB3/ITPK1/KIF3C/NFE2/PECAM1/PF4/PFN1/SERPINA1/PLAUR/PLCG2/PPP2R1A/PRKACA/PRKCD/MAPK3/PSAP/PTGIR/QSOX1/PTPN6/RAC1/RAC2/RAF1/SELP/SELPLG/SPARC/STX4/STXBP2/SYK/TBXA2R/TGFB1/THBS1/TLN1/TUBA4A/VAV1/VWF/TUBA1A/TAGLN2/SLC7A7/SLC16A3/WDR1/IRAG1/HMG20B/TUBA1B/TUBB4B/SH2B2/KIF1C/EHD1/MGLL/PIK3R5/F11R/GP6/PHF21A/CYB5R1/TUBA8/TREM1/APBB1IP/GTPBP2/TOR4A/MICAL1/ORAI2/MPIG6B/FERMT3/TUBA1C/ORAI1/ESAM/JAML/SIRPA/PIK3R6/LY6G6F
React	R-HSA-76005	React Response to elevated platelet cytosolic Ca2+	0.0369540873460246	2.8706087438381	7.36538985502485e-09	2.38049077937916e-06	5.62333349638754	33	ACTN4/ACTN1/ALDOA/APLP2/SERPING1/CALM3/CD63/CFL1/CLU/ITGA2B/ITGB3/PECAM1/PF4/PFN1/SERPINA1/PSAP/QSOX1/SELP/SPARC/STX4/STXBP2/TGFB1/THBS1/TLN1/TUBA4A/VWF/TAGLN2/WDR1/CYB5R1/GTPBP2/TOR4A/FERMT3/LY6G6F
React	R-HSA-114608	React Platelet degranulation	0.0358342665173572	2.90334621729341	9.0789122020563e-09	2.38049077937916e-06	5.62333349638754	32	ACTN4/ACTN1/ALDOA/APLP2/SERPING1/CALM3/CD63/CFL1/CLU/ITGA2B/ITGB3/PECAM1/PF4/PFN1/SERPINA1/PSAP/QSOX1/SELP/SPARC/STXBP2/TGFB1/THBS1/TLN1/TUBA4A/VWF/TAGLN2/WDR1/CYB5R1/GTPBP2/TOR4A/FERMT3/LY6G6F
React	R-HSA-9658195	React Leishmania infection	0.0436730123180291	2.4020156774916	8.92405023430397e-08	1.67134712245321e-05	4.77693334202169	39	ACTB/ACTG1/ADCY6/CALM3/CYBA/DVL3/FGR/GGT1/GNAI2/GNAZ/GNB1/GNB2/GNG5/GRB2/HCK/HMOX1/MEFV/MYH9/MYO9B/NFKB2/FURIN/PLCG2/PRKACA/MAPK3/RAC1/SYK/VAV1/WIPF1/PSTPIP1/ELMO1/ARPC4/ARPC1B/ARPC1A/PYCARD/DPEP2/DPEP3/RHBDF2/NLRP3/ADCY4
React	R-HSA-9824443	React Parasitic Infection Pathways	0.0436730123180291	2.4020156774916	8.92405023430397e-08	1.67134712245321e-05	4.77693334202169	39	ACTB/ACTG1/ADCY6/CALM3/CYBA/DVL3/FGR/GGT1/GNAI2/GNAZ/GNB1/GNB2/GNG5/GRB2/HCK/HMOX1/MEFV/MYH9/MYO9B/NFKB2/FURIN/PLCG2/PRKACA/MAPK3/RAC1/SYK/VAV1/WIPF1/PSTPIP1/ELMO1/ARPC4/ARPC1B/ARPC1A/PYCARD/DPEP2/DPEP3/RHBDF2/NLRP3/ADCY4
React	R-HSA-9006934	React Signaling by Receptor Tyrosine Kinases	0.089585666293393	1.73529047691701	3.05487343841348e-07	5.00617384720009e-05	4.30049407291223	80	ACTB/ACTG1/AP2A1/AKT1/AKT2/RHOA/ATP6V0B/ATP6V0A1/BAX/CALM3/AP2M1/CSK/CTSD/CYBA/DIAPH1/DLG4/DNM1/DNM2/DUSP3/PTK2B/FES/FOS/FOSB/GRB2/ITGB3/JUNB/MEF2D/MMP9/NCF2/NCF4/FURIN/PCSK6/PAK1/POLR2A/POLR2E/PPP2R1A/PRKACA/PRKCD/MAPK3/MAPK13/MAP2K2/PTPN6/PTPRF/PXN/RAC1/RALB/RPS6KA1/SH3GL1/SPARC/SPINT1/SPP1/SRF/STAT3/STAT5A/STAT6/THBS1/THBS3/VAV1/MAPKAPK3/NRP1/HDAC3/ATP6V0D1/HGS/MAPKAPK2/ATP6V1F/ELMO1/GAB2/TCIRG1/SH2B2/SPINT2/ADAP1/GGA3/NCSTN/PTPN18/EPN1/VRK3/RAB4B/PSENEN/EPS15L1/NCF1
React	R-HSA-373760	React L1CAM interactions	0.0279955207166853	2.73956167013278	1.33326734851151e-06	0.000194212610433177	3.71172257430578	25	ACTB/ACTG1/AP2A1/AP2M1/CSNK2B/DLG4/DNM1/DNM2/ITGA2B/ITGA5/ITGB3/PAK1/MAPK3/MAP2K2/RAC1/RPS6KA1/SCN1B/TUBA4A/TUBA1A/NRP1/TUBA1B/TUBB4B/LYPLA2/TUBA8/TUBA1C
React	R-HSA-6802946	React Signaling by moderate kinase activity BRAF mutants	0.0179171332586786	3.55277892379325	2.33810255178117e-06	0.000223015145552026	3.65166564185626	16	ACTB/ACTG1/ARRB1/ARRB2/CALM3/CAMK2G/CSK/ITGA2B/ITGB3/MAP3K11/MAPK3/MAP2K2/RAF1/TLN1/VWF/APBB1IP
React	R-HSA-6802949	React Signaling by RAS mutants	0.0179171332586786	3.55277892379325	2.33810255178117e-06	0.000223015145552026	3.65166564185626	16	ACTB/ACTG1/ARRB1/ARRB2/CALM3/CAMK2G/CSK/ITGA2B/ITGB3/MAP3K11/MAPK3/MAP2K2/RAF1/TLN1/VWF/APBB1IP
React	R-HSA-6802955	React Paradoxical activation of RAF signaling by kinase inactive BRAF	0.0179171332586786	3.55277892379325	2.33810255178117e-06	0.000223015145552026	3.65166564185626	16	ACTB/ACTG1/ARRB1/ARRB2/CALM3/CAMK2G/CSK/ITGA2B/ITGB3/MAP3K11/MAPK3/MAP2K2/RAF1/TLN1/VWF/APBB1IP
React	R-HSA-9649948	React Signaling downstream of RAS mutants	0.0179171332586786	3.55277892379325	2.33810255178117e-06	0.000223015145552026	3.65166564185626	16	ACTB/ACTG1/ARRB1/ARRB2/CALM3/CAMK2G/CSK/ITGA2B/ITGB3/MAP3K11/MAPK3/MAP2K2/RAF1/TLN1/VWF/APBB1IP
React	R-HSA-9656223	React Signaling by RAF1 mutants	0.0167973124300112	3.72258085765101	2.38154999063948e-06	0.000223015145552026	3.65166564185626	15	ACTB/ACTG1/ARRB1/ARRB2/CALM3/CAMK2G/CSK/ITGA2B/ITGB3/MAPK3/MAP2K2/RAF1/TLN1/VWF/APBB1IP
React	R-HSA-449147	React Signaling by Interleukins	0.0795072788353863	1.67811581519506	5.19839949674874e-06	0.00045434011601584	3.34261891540825	71	AGER/AKT1/ALOX5/ARF1/CDKN1A/CFL1/CCR1/CNN2/CSF1R/CSF3R/DUSP3/PTK2B/FOS/FPR1/GRB2/HCK/HMOX1/IL1RN/IL4R/IL10RB/IL16/INPP5D/INPPL1/ITGAM/ITGAX/ITGB2/JUNB/LGALS9/MAP3K3/MMP9/MYD88/NFKB2/NFKBIB/P4HB/PIK3CD/PITPNA/PPP2R1A/PRKACA/MAPK3/MAP2K3/MAP2K7/PSMB3/PTAFR/PTPN6/RPS6KA1/STAT3/STAT5A/STAT6/STX4/STXBP2/SYK/TALDO1/TGFB1/TNFRSF1A/TNFRSF1B/TYK2/VAV1/MAPKAPK3/SQSTM1/SOCS3/MAPKAPK2/N4BP1/GAB2/PSME3/IL17RA/PTPN18/NKIRAS2/VRK3/TOLLIP/NLRX1/PELI3
React	R-HSA-6802948	React Signaling by high-kinase activity BRAF mutants	0.0145576707726764	3.78248445765919	9.14925197048713e-06	0.00074966683333179	3.12513170273214	13	ACTB/ACTG1/ARRB1/ARRB2/CSK/ITGA2B/ITGB3/MAPK3/MAP2K2/RAF1/TLN1/VWF/APBB1IP
React	R-HSA-6802952	React Signaling by BRAF and RAF1 fusions	0.0212765957446809	2.86284194528875	1.2106398053089e-05	0.000933616932211747	3.02983128046371	19	ACTB/ACTG1/ARRB1/ARRB2/CALM3/CAMK2G/CSK/ITGA2B/ITGB3/LMNA/MAPK3/MAP2K2/RAF1/TLN1/VWF/BCL2L11/ATG7/APBB1IP/AGTRAP
React	R-HSA-373755	React Semaphorin interactions	0.019036954087346	2.98840518850317	1.82494628727107e-05	0.00132916921256243	2.87641972680433	17	RHOA/CFL1/FES/LIMK2/MYH9/PAK1/PLXNA2/RAC1/TLN1/TYROBP/NRP1/ARHGEF11/MYL9/SEMA4D/PLXND1/PIP5K1C/SEMA4A
React	R-HSA-372790	React Signaling by GPCR	0.0750279955207167	1.6292102197366	2.64719117074876e-05	0.00182656190781665	2.73836560362314	67	ABR/ADCY6/GRK2/AKT1/AKT2/RHOA/ARRB1/ARRB2/C5AR1/CALM3/CAMK2G/ADGRE5/CCR1/LTB4R/ECE1/ADGRE1/FPR1/FZD2/GNA15/GNAI2/GNAZ/GNB1/GNB2/GNG5/FFAR2/GRK6/GRB2/HRH2/CXCR1/CXCR2/ITGA5/OPRL1/PAK1/PF4/PLCB2/PPP1CA/PPP2R1A/PRKACA/PRKCD/MAPK3/PSAP/PTAFR/PTGIR/RPS6KA1/TBXA2R/VAV1/S1PR4/HCAR3/ARHGEF2/ARHGEF11/RGS19/RGS14/CAMKK2/MGLL/PIK3R5/C5AR2/ARHGEF40/PREX1/CXCL16/GPSM3/PLPPR2/CAMKK1/FGD3/PIK3R6/GPBAR1/OXER1/ADCY4
React	R-HSA-114604	React GPVI-mediated activation cascade	0.0145576707726764	3.42787653975364	3.32876533850812e-05	0.00207810064704007	2.68233342242099	13	RHOA/RHOG/FCER1G/PLCG2/PTPN6/RAC1/RAC2/SYK/VAV1/PIK3R5/GP6/MPIG6B/PIK3R6
React	R-HSA-5674135	React MAP2K and MAPK activation	0.0145576707726764	3.42787653975364	3.32876533850812e-05	0.00207810064704007	2.68233342242099	13	ACTB/ACTG1/ARRB1/ARRB2/CSK/ITGA2B/ITGB3/MAPK3/MAP2K2/RAF1/TLN1/VWF/APBB1IP
React	R-HSA-190828	React Gap junction trafficking	0.0123180291153415	3.86734789100411	3.51862144378927e-05	0.0020967785058217	2.67844744401247	11	ACTB/ACTG1/AP2M1/DNM1/DNM2/TUBA4A/TUBA1A/TUBA1B/TUBB4B/TUBA8/TUBA1C
React	R-HSA-9012999	React RHO GTPase cycle	0.0761478163493841	1.58940109748645	5.23671059821719e-05	0.00298276810788101	2.52538050908593	68	ABR/ACTB/ACTG1/ACTN1/RHOA/RHOG/ARHGAP1/ARHGDIB/FMNL1/CAPZB/CSK/CYBA/DBN1/DIAPH1/DOCK2/PTK2B/FLOT2/GRB2/MAP3K11/MTX1/MYO9B/NCF2/NCF4/PAK1/PLD2/RAC1/RAC2/STK10/STX5/VAV1/VCP/WIPF1/RAB7A/HGS/ARHGEF2/TJP2/ARHGEF11/ARHGAP25/FLOT1/TUBA1B/BASP1/CDC42EP2/CKAP4/WWP2/CDC42EP1/PLXND1/SRGAP2/SH3BP1/PLEKHG3/DEF6/GMIP/LAMTOR1/ARHGEF40/NSFL1C/PREX1/ARHGAP9/ARAP3/EFHD2/ARFGAP2/FGD3/UBXN11/SHKBP1/EPSTI1/ARAP1/ARHGAP27/KCTD13/ARHGAP30/NCF1
React	R-HSA-157858	React Gap junction trafficking and regulation	0.0123180291153415	3.71265397536394	5.6151707787485e-05	0.00298276810788101	2.52538050908593	11	ACTB/ACTG1/AP2M1/DNM1/DNM2/TUBA4A/TUBA1A/TUBA1B/TUBB4B/TUBA8/TUBA1C
React	R-HSA-9662851	React Anti-inflammatory response favouring Leishmania parasite infection	0.0212765957446809	2.58579272477694	6.09560493754486e-05	0.00298276810788101	2.52538050908593	19	ADCY6/CALM3/FGR/GGT1/GNAI2/GNAZ/GNB1/GNB2/GNG5/HCK/MYH9/FURIN/PLCG2/PRKACA/SYK/DPEP2/DPEP3/RHBDF2/ADCY4
React	R-HSA-9664433	React Leishmania parasite growth and survival	0.0212765957446809	2.58579272477694	6.09560493754486e-05	0.00298276810788101	2.52538050908593	19	ADCY6/CALM3/FGR/GGT1/GNAI2/GNAZ/GNB1/GNB2/GNG5/HCK/MYH9/FURIN/PLCG2/PRKACA/SYK/DPEP2/DPEP3/RHBDF2/ADCY4
React	R-HSA-388396	React GPCR downstream signalling	0.0683090705487122	1.62882546387515	6.14300067984647e-05	0.00298276810788101	2.52538050908593	61	ABR/ADCY6/GRK2/AKT1/AKT2/RHOA/ARRB1/ARRB2/C5AR1/CALM3/CAMK2G/CCR1/LTB4R/FPR1/GNA15/GNAI2/GNAZ/GNB1/GNB2/GNG5/FFAR2/GRK6/GRB2/HRH2/CXCR1/CXCR2/ITGA5/OPRL1/PAK1/PF4/PLCB2/PPP1CA/PPP2R1A/PRKACA/PRKCD/MAPK3/PSAP/PTAFR/PTGIR/RPS6KA1/TBXA2R/VAV1/S1PR4/HCAR3/ARHGEF2/ARHGEF11/RGS19/RGS14/CAMKK2/MGLL/PIK3R5/ARHGEF40/PREX1/CXCL16/GPSM3/CAMKK1/FGD3/PIK3R6/GPBAR1/OXER1/ADCY4
React	R-HSA-437239	React Recycling pathway of L1	0.0145576707726764	3.1340585506319	0.000100633396584172	0.00462386547566825	2.33499480954099	13	ACTB/ACTG1/AP2A1/AP2M1/DNM1/DNM2/RPS6KA1/TUBA4A/TUBA1A/TUBA1B/TUBB4B/TUBA8/TUBA1C
React	R-HSA-2029480	React Fcgamma receptor (FCGR) dependent phagocytosis	0.0246360582306831	2.32040873460246	0.00010228230266543	0.00462386547566825	2.33499480954099	22	ACTB/ACTG1/CFL1/FGR/GRB2/HCK/MYH9/MYO9B/PAK1/PLCG2/PLD2/PRKCD/MAPK3/RAC1/SYK/VAV1/WIPF1/ELMO1/ARPC4/ARPC1B/ARPC1A/PLD3
React	R-HSA-198933	React Immunoregulatory interactions between a Lymphoid and a non-Lymphoid cell	0.0302351623740202	2.10946248600224	0.00010653179358699	0.00465543937975147	2.33203932409264	27	CD33/HLA-B/HLA-C/HLA-E/ICAM3/ITGB2/PVR/TYROBP/SIGLEC5/LILRB2/CD300C/LILRB4/LILRA1/LILRA2/CD300A/SIGLEC7/SIGLEC9/PILRA/TREM1/TREML2/JAML/CD300LB/OSCAR/CD300LF/CLEC4G/TREML1/LILRA5
React	R-HSA-112316	React Neuronal System	0.0481522956326988	1.76989047606042	0.00011148362018371	0.0047146782600272	2.32654793912229	43	ADCY6/AP2A1/ALDH2/CALM3/CAMK2G/CHRNA2/AP2M1/COMT/DLG4/FLOT2/GLUL/GNAI2/GNB1/GNB2/GNG5/KCNQ1/NRGN/PLCB2/PRKACA/MAPK3/PTPRF/RAC1/RPS6KA1/TUBA4A/TUBA1A/KCNK6/HOMER3/PPM1F/KCNK7/FLOT1/TUBA1B/TUBB4B/CAMKK2/DLGAP4/SIPA1L1/DBNL/TUBA8/PANX2/LRFN1/DNAJC5/CAMKK1/TUBA1C/ADCY4
React	R-HSA-1474244	React Extracellular matrix organization	0.0403135498320269	1.87507776533532	0.000118676678724133	0.00477849089795719	2.32070923689614	36	ACTN1/ADAM8/CAPN1/CAPNS1/COL7A1/CTSD/ICAM3/ITGA2B/ITGA5/ITGAM/ITGAX/ITGB2/ITGB3/ITGB4/ITGB5/MMP9/MMP19/P4HB/FURIN/PECAM1/PLOD1/SPARC/SPP1/TGFB1/THBS1/TIMP2/TPSAB1/VWF/ADAM15/PLOD3/CRTAP/NCSTN/F11R/MMP25/COLGALT1/EMILIN2
React	R-HSA-112314	React Neurotransmitter receptors and postsynaptic signal transmission	0.0302351623740202	2.09010961915818	0.000125999219734454	0.00477849089795719	2.32070923689614	27	ADCY6/AP2A1/CALM3/CAMK2G/CHRNA2/AP2M1/DLG4/GNAI2/GNB1/GNB2/GNG5/NRGN/PLCB2/PRKACA/MAPK3/RAC1/RPS6KA1/TUBA4A/TUBA1A/PPM1F/TUBA1B/TUBB4B/CAMKK2/TUBA8/CAMKK1/TUBA1C/ADCY4
React	R-HSA-1222556	React ROS and RNS production in phagocytes	0.0123180291153415	3.43764256978143	0.000131217141362669	0.00477849089795719	2.32070923689614	11	ATP6V0B/ATP6V0A1/CYBA/NCF2/NCF4/RAC2/SLC11A1/ATP6V0D1/ATP6V1F/TCIRG1/NCF1
React	R-HSA-164952	React The role of Nef in HIV-1 replication and disease pathogenesis	0.0123180291153415	3.43764256978143	0.000131217141362669	0.00477849089795719	2.32070923689614	11	AP2A1/AP1B1/ARF1/AP2M1/DOCK2/HCK/RAC1/AP1M1/ELMO1/AP1M2/PACS1
React	R-HSA-76009	React Platelet Aggregation (Plug Formation)	0.0123180291153415	3.43764256978143	0.000131217141362669	0.00477849089795719	2.32070923689614	11	AKT1/CSK/GP1BA/GP9/GRB2/ITGA2B/ITGB3/SYK/TLN1/VWF/APBB1IP
React	R-HSA-445144	React Signal transduction by L1	0.0100783874580067	3.9968762892674	0.00013532541761253	0.00479490871594666	2.31921965638446	9	CSNK2B/ITGA2B/ITGA5/ITGB3/PAK1/MAPK3/MAP2K2/RAC1/NRP1
React	R-HSA-6802957	React Oncogenic MAPK signaling	0.0223964165733483	2.37685913915745	0.000145924659921408	0.00498296187473962	2.30251243565727	20	ACTB/ACTG1/ARRB1/ARRB2/CALM3/CAMK2G/CSK/ITGA2B/ITGB3/LMNA/MAP3K11/MAPK3/MAP2K2/RAF1/TLN1/VWF/BCL2L11/ATG7/APBB1IP/AGTRAP
React	R-HSA-446353	React Cell-extracellular matrix interactions	0.00783874580067189	4.92207913400523	0.00014823456377944	0.00498296187473962	2.30251243565727	7	ACTB/ACTG1/ACTN1/ILK/PXN/VASP/PARVB
React	R-HSA-166520	React Signaling by NTRKs	0.0291153415453527	2.08937236708793	0.000168182526692913	0.00551218231236021	2.25867642681476	26	AP2A1/RHOA/BAX/AP2M1/DNM1/DNM2/DUSP3/FOS/FOSB/GRB2/JUNB/MEF2D/FURIN/PCSK6/PPP2R1A/MAPK3/MAPK13/MAP2K2/RAC1/RALB/RPS6KA1/SRF/STAT3/MAPKAPK3/MAPKAPK2/VRK3
React	R-HSA-9612973	React Autophagy	0.0347144456886898	1.92333344311969	0.000214100091450327	0.00684598097296046	2.16456431223141	31	CSNK2B/TSC2/TUBA4A/UBE2L3/VCP/TUBA1A/ULK1/SQSTM1/MTMR3/ATG13/PLIN3/TUBA1B/TUBB4B/ATG7/GABARAP/ATG4B/WIPI2/CHMP2A/UBAP1/TUBA8/LAMTOR1/VPS37C/WIPI1/MTMR14/ATG9A/VPS37B/MAP1LC3A/TUBA1C/MVB12A/CHMP4B/LAMTOR4
React	R-HSA-438064	React Post NMDA receptor activation events	0.0179171332586786	2.54727545479516	0.000278603148329116	0.00869639827284454	2.06066057888751	16	CALM3/CAMK2G/DLG4/NRGN/PRKACA/MAPK3/RAC1/RPS6KA1/TUBA4A/TUBA1A/TUBA1B/TUBB4B/CAMKK2/TUBA8/CAMKK1/TUBA1C
React	R-HSA-397795	React G-protein beta:gamma signalling	0.0111982082866741	3.37513997760358	0.000318438023229343	0.00948800564667428	2.02282506551451	10	AKT1/AKT2/RHOA/GNB1/GNB2/GNG5/PAK1/PLCB2/PIK3R5/PIK3R6
React	R-HSA-5626467	React RHO GTPases activate IQGAPs	0.0111982082866741	3.37513997760358	0.000318438023229343	0.00948800564667428	2.02282506551451	10	ACTB/ACTG1/CALM3/RAC1/TUBA4A/TUBA1A/TUBA1B/TUBB4B/TUBA8/TUBA1C
React	R-HSA-354192	React Integrin signaling	0.0100783874580067	3.61622140457527	0.000345368072158705	0.00964484789193092	2.01570461718712	9	AKT1/CSK/GRB2/ITGA2B/ITGB3/SYK/TLN1/VWF/APBB1IP
React	R-HSA-9664407	React Parasite infection	0.0179171332586786	2.50010368711377	0.000353129442267494	0.00964484789193092	2.01570461718712	16	ACTB/ACTG1/FGR/GRB2/HCK/MYH9/MYO9B/MAPK3/RAC1/SYK/VAV1/WIPF1/ELMO1/ARPC4/ARPC1B/ARPC1A
React	R-HSA-9664417	React Leishmania phagocytosis	0.0179171332586786	2.50010368711377	0.000353129442267494	0.00964484789193092	2.01570461718712	16	ACTB/ACTG1/FGR/GRB2/HCK/MYH9/MYO9B/MAPK3/RAC1/SYK/VAV1/WIPF1/ELMO1/ARPC4/ARPC1B/ARPC1A
React	R-HSA-9664422	React FCGR3A-mediated phagocytosis	0.0179171332586786	2.50010368711377	0.000353129442267494	0.00964484789193092	2.01570461718712	16	ACTB/ACTG1/FGR/GRB2/HCK/MYH9/MYO9B/MAPK3/RAC1/SYK/VAV1/WIPF1/ELMO1/ARPC4/ARPC1B/ARPC1A
React	R-HSA-442755	React Activation of NMDA receptors and postsynaptic events	0.019036954087346	2.39072415080254	0.000419036395246215	0.0110252898199612	1.9576099854832	17	CALM3/CAMK2G/DLG4/NRGN/PRKACA/MAPK3/RAC1/RPS6KA1/TUBA4A/TUBA1A/PPM1F/TUBA1B/TUBB4B/CAMKK2/TUBA8/CAMKK1/TUBA1C
React	R-HSA-195258	React RHO GTPase Effectors	0.0537513997760358	1.62006718924972	0.000420491602591961	0.0110252898199612	1.9576099854832	48	ACTB/ACTG1/RHOA/RHOG/FMNL1/CALM3/CFL1/CYBA/DIAPH1/DLG4/DVL3/CTTN/GRB2/H3-3A/H3-3B/LIMK2/MYH9/NCF2/NCF4/PAK1/PFN1/PPP2R1A/PRKCD/MAPK3/RAC1/RAC2/SRF/TUBA4A/WIPF1/TUBA1A/H2AC18/ARPC4/ARPC1B/TUBA1B/TUBB4B/MYL9/ARPC1A/PMF1/SRGAP2/TAX1BP3/TUBA8/NDE1/MRTFA/B9D2/NDEL1/TUBA1C/H2BC12/NCF1
React	R-HSA-2682334	React EPH-Ephrin signaling	0.0212765957446809	2.2266548463357	0.000528890421536413	0.0132317456174464	1.87838285709634	19	ACTB/ACTG1/AP2A1/RHOA/CFL1/AP2M1/DNM1/EPHB4/LIMK2/MMP9/MYH9/PAK1/RAC1/ARPC4/ARPC1B/MYL9/ARPC1A/NCSTN/PSENEN
React	R-HSA-4420097	React VEGFA-VEGFR2 Pathway	0.0246360582306831	2.08576066031682	0.000535623874674332	0.0132317456174464	1.87838285709634	22	ACTB/ACTG1/AKT1/AKT2/RHOA/CALM3/CYBA/PTK2B/ITGB3/NCF2/NCF4/PAK1/PRKACA/PRKCD/MAPK13/PXN/RAC1/VAV1/MAPKAPK3/MAPKAPK2/ELMO1/NCF1
React	R-HSA-1483257	React Phospholipid metabolism	0.0391937290033595	1.75788540500187	0.000540684121881227	0.0132317456174464	1.87838285709634	35	ARF1/ARF3/CSNK2B/INPP5D/INPPL1/PIK3CD/PI4KB/PLD2/DGAT1/MTMR3/PGS1/PITPNM1/LPCAT3/CDIPT/AGPAT1/AGPAT2/STARD10/PNPLA6/MGLL/PIP5K1C/PIK3R5/PLD3/PISD/INPP5K/PI4K2A/PNPLA2/SLC44A2/ABHD4/MTMR14/MBOAT7/RUFY1/DGAT2/PIK3R6/PLB1/PHOSPHO1
React	R-HSA-2029482	React Regulation of actin dynamics for phagocytic cup formation	0.0179171332586786	2.41081426971685	0.000554790422727706	0.0132317456174464	1.87838285709634	16	ACTB/ACTG1/CFL1/GRB2/MYH9/MYO9B/PAK1/MAPK3/RAC1/SYK/VAV1/WIPF1/ELMO1/ARPC4/ARPC1B/ARPC1A
React	R-HSA-194138	React Signaling by VEGF	0.0257558790593505	2.04284788118112	0.000555107558321551	0.0132317456174464	1.87838285709634	23	ACTB/ACTG1/AKT1/AKT2/RHOA/CALM3/CYBA/PTK2B/ITGB3/NCF2/NCF4/PAK1/PRKACA/PRKCD/MAPK13/PXN/RAC1/VAV1/MAPKAPK3/NRP1/MAPKAPK2/ELMO1/NCF1
React	R-HSA-877300	React Interferon gamma signaling	0.0235162374020157	2.10946248600224	0.000605382771478749	0.0141724430965829	1.84855527805826	21	CAMK2G/HLA-B/HLA-C/HLA-DRB1/HLA-E/IRF1/IRF7/OAS1/OAS2/PRKCD/MAPK3/PTAFR/PTPN6/RAF1/TRIM21/TRIM25/SOCS3/IRF9/IFI30/TRIM8/GBP6
React	R-HSA-418594	React G alpha (i) signalling events	0.0369540873460246	1.76233574779934	0.000735832362306697	0.0159162896791583	1.79815816522085	33	ADCY6/GRK2/C5AR1/CALM3/CAMK2G/CCR1/FPR1/GNA15/GNAI2/GNAZ/GNB1/GNB2/GNG5/CXCR1/CXCR2/OPRL1/PF4/PLCB2/PPP1CA/PPP2R1A/PRKACA/PRKCD/PSAP/S1PR4/HCAR3/RGS19/RGS14/CAMKK2/CXCL16/GPSM3/CAMKK1/OXER1/ADCY4
React	R-HSA-187037	React Signaling by NTRK1 (TRKA)	0.0246360582306831	2.03991976668348	0.000741824071510101	0.0159162896791583	1.79815816522085	22	AP2A1/RHOA/AP2M1/DNM1/DNM2/DUSP3/FOS/FOSB/GRB2/JUNB/MEF2D/PPP2R1A/MAPK3/MAPK13/MAP2K2/RALB/RPS6KA1/SRF/STAT3/MAPKAPK3/MAPKAPK2/VRK3
React	R-HSA-354194	React GRB2:SOS provides linkage to MAPK signaling for Integrins	0.00671892497200448	4.60246360582307	0.000742608541958733	0.0159162896791583	1.79815816522085	6	GRB2/ITGA2B/ITGB3/TLN1/VWF/APBB1IP
React	R-HSA-399955	React SEMA3A-Plexin repulsion signaling by inhibiting Integrin adhesion	0.00671892497200448	4.60246360582307	0.000742608541958733	0.0159162896791583	1.79815816522085	6	FES/PLXNA2/RAC1/TLN1/NRP1/PIP5K1C
React	R-HSA-9651496	React Defects of contact activation system (CAS) and kallikrein/kinin system (KKS)	0.00671892497200448	4.60246360582307	0.000742608541958733	0.0159162896791583	1.79815816522085	6	SERPING1/F12/GP1BA/GP9/VWF/TPST2
React	R-HSA-202733	React Cell surface interactions at the vascular wall	0.0257558790593505	2.0007273063114	0.000758979159727939	0.0159162896791583	1.79815816522085	23	CEACAM3/FCER1G/GRB2/INPP5D/ITGA5/ITGAM/ITGAX/ITGB2/ITGB3/PECAM1/PF4/PTPN6/SELP/SELPLG/TGFB1/SLC7A7/SLC16A3/F11R/GP6/TREM1/ESAM/JAML/SIRPA
React	R-HSA-909733	React Interferon alpha/beta signaling	0.019036954087346	2.27688014362146	0.000777536381511734	0.0159162896791583	1.79815816522085	17	ADAR/HLA-B/HLA-C/HLA-E/IFIT3/IRF1/IRF7/MX2/OAS1/OAS2/PTPN6/TYK2/SOCS3/ISG15/IRF9/IFITM2/XAF1
React	R-HSA-8854214	React TBC/RABGAPs	0.0145576707726764	2.61171545885992	0.000788196078235015	0.0159162896791583	1.79815816522085	13	RAB8A/RAB5C/TSC2/RAB7A/ULK1/RAB11B/RAB35/GABARAP/GGA3/TBC1D10B/GGA1/TBC1D2/TBC1D17
React	R-HSA-112315	React Transmission across Chemical Synapses	0.0347144456886898	1.79159827578272	0.000789137169447207	0.0159162896791583	1.79815816522085	31	ADCY6/AP2A1/ALDH2/CALM3/CAMK2G/CHRNA2/AP2M1/COMT/DLG4/GLUL/GNAI2/GNB1/GNB2/GNG5/NRGN/PLCB2/PRKACA/MAPK3/RAC1/RPS6KA1/TUBA4A/TUBA1A/PPM1F/TUBA1B/TUBB4B/CAMKK2/TUBA8/DNAJC5/CAMKK1/TUBA1C/ADCY4
React	R-HSA-9013149	React RAC1 GTPase cycle	0.0347144456886898	1.77941053241005	0.000889764337520032	0.0176739552498297	1.75266624896779	31	ABR/ARHGAP1/ARHGDIB/FMNL1/CYBA/DOCK2/MYO9B/NCF2/NCF4/PAK1/PLD2/RAC1/VAV1/WIPF1/RAB7A/ARHGEF11/ARHGAP25/CDC42EP1/SRGAP2/SH3BP1/PLEKHG3/DEF6/GMIP/LAMTOR1/PREX1/ARHGAP9/ARAP3/ARAP1/ARHGAP27/ARHGAP30/NCF1
React	R-HSA-1500931	React Cell-Cell communication	0.0235162374020157	2.03672240027802	0.00099184541254928	0.0194076020276434	1.71202812203039	21	ACTB/ACTG1/ACTN4/ACTN1/PTK2B/GRB2/ILK/ITGB4/PTPN6/PVR/NECTIN1/PXN/SP1/CLDN5/TYROBP/VASP/CLDN9/SIRPB1/PARVB/F11R/SIRPA
React	R-HSA-2172127	React DAP12 interactions	0.013437849944009	2.66458419284493	0.00102214891406514	0.0197064297991089	1.70539204943903	12	GRB2/HLA-B/HLA-C/HLA-E/PLCG2/RAC1/SYK/TYROBP/SIRPB1/TREM1/CD300LB/SIGLEC14
React	R-HSA-9668328	React Sealing of the nuclear envelope (NE) by ESCRT-III	0.0100783874580067	3.16419372900336	0.00110494092478282	0.0209938775708735	1.67790733978321	9	TUBA4A/TUBA1A/IST1/TUBA1B/TUBB4B/CHMP2A/TUBA8/TUBA1C/CHMP4B
React	R-HSA-1632852	React Macroautophagy	0.0302351623740202	1.83727377813098	0.00113059468834253	0.0211744233773864	1.67418840755824	27	CSNK2B/TSC2/TUBA4A/UBE2L3/VCP/TUBA1A/ULK1/SQSTM1/MTMR3/ATG13/PLIN3/TUBA1B/TUBB4B/ATG7/GABARAP/ATG4B/WIPI2/CHMP2A/TUBA8/LAMTOR1/WIPI1/MTMR14/ATG9A/MAP1LC3A/TUBA1C/CHMP4B/LAMTOR4
React	R-HSA-6807878	React COPI-mediated anterograde transport	0.0235162374020157	2.01357782754759	0.00116082911898098	0.0214344644363954	1.66888736334178	21	ARF1/ARF3/ARF5/CAPZB/DCTN1/STX5/TUBA4A/TUBA1A/NAPA/ACTR1A/TUBA1B/TUBB4B/KDELR1/TMEM115/COPE/COPG1/TUBA8/GORASP1/RAB1B/ARFGAP2/TUBA1C
React	R-HSA-392451	React G beta:gamma signalling through PI3Kgamma	0.00895856662933931	3.37513997760358	0.00128200568329387	0.0224715908192429	1.64836618171689	8	AKT1/AKT2/RHOA/GNB1/GNB2/GNG5/PIK3R5/PIK3R6
React	R-HSA-5668599	React RHO GTPases Activate NADPH Oxidases	0.00895856662933931	3.37513997760358	0.00128200568329387	0.0224715908192429	1.64836618171689	8	CYBA/NCF2/NCF4/PRKCD/MAPK3/RAC1/RAC2/NCF1
React	R-HSA-9013148	React CDC42 GTPase cycle	0.0291153415453527	1.84356385331288	0.00131460185716407	0.0224715908192429	1.64836618171689	26	ABR/ARHGAP1/ARHGDIB/FMNL1/MAP3K11/MYO9B/PAK1/WIPF1/RAB7A/ARHGEF11/CDC42EP2/CDC42EP1/SRGAP2/PLEKHG3/DEF6/GMIP/LAMTOR1/PREX1/ARHGAP9/ARAP3/ARFGAP2/FGD3/SHKBP1/ARAP1/ARHGAP27/ARHGAP30
React	R-HSA-451927	React Interleukin-2 family signaling	0.0123180291153415	2.72989262894408	0.0013172627557108	0.0224715908192429	1.64836618171689	11	PTK2B/GRB2/INPP5D/INPPL1/LGALS9/PIK3CD/PTPN6/STAT3/STAT5A/SYK/GAB2
React	R-HSA-190840	React Microtubule-dependent trafficking of connexons from Golgi to the plasma membrane	0.00671892497200448	4.21892497200448	0.00133698252013802	0.0224715908192429	1.64836618171689	6	TUBA4A/TUBA1A/TUBA1B/TUBB4B/TUBA8/TUBA1C
React	R-HSA-190872	React Transport of connexons to the plasma membrane	0.00671892497200448	4.21892497200448	0.00133698252013802	0.0224715908192429	1.64836618171689	6	TUBA4A/TUBA1A/TUBA1B/TUBB4B/TUBA8/TUBA1C
React	R-HSA-9671793	React Diseases of hemostasis	0.00671892497200448	4.21892497200448	0.00133698252013802	0.0224715908192429	1.64836618171689	6	SERPING1/F12/GP1BA/GP9/VWF/TPST2
React	R-HSA-216083	React Integrin cell surface interactions	0.0156774916013438	2.36259798432251	0.00150433346025243	0.0246522645798867	1.60814317986039	14	COL7A1/ICAM3/ITGA2B/ITGA5/ITGAM/ITGAX/ITGB2/ITGB3/ITGB5/PECAM1/SPP1/THBS1/VWF/F11R
React	R-HSA-8873719	React RAB geranylgeranylation	0.0156774916013438	2.36259798432251	0.00150433346025243	0.0246522645798867	1.60814317986039	14	RAB8A/RAB5C/RAB7A/RAB11B/RAB3D/RAB35/RAB4B/RAB24/RAB20/RAB40C/RAB1B/RAB34/RAB37/RAB43
React	R-HSA-2132295	React MHC class II antigen presentation	0.0257558790593505	1.90265243835496	0.00157281573881275	0.0254563139948582	1.59420448079172	23	AP2A1/AP1B1/ARF1/CAPZB/AP2M1/CTSD/DCTN1/DNM1/DNM2/HLA-DRB1/KIF3C/CTSA/TUBA4A/TUBA1A/RAB7A/AP1M1/AP1M2/ACTR1A/TUBA1B/TUBB4B/IFI30/TUBA8/TUBA1C
React	R-HSA-9619483	React Activation of AMPK downstream of NMDARs	0.00895856662933931	3.21441902628913	0.00185839805937704	0.0297117055590647	1.52707241741108	8	CALM3/TUBA4A/TUBA1A/TUBA1B/TUBB4B/CAMKK2/TUBA8/TUBA1C
React	R-HSA-111885	React Opioid Signalling	0.019036954087346	2.10946248600224	0.00194921944166235	0.0307882733496305	1.51161466626907	17	ADCY6/GRK2/CALM3/CAMK2G/GNA15/GNAI2/GNB1/GNB2/GNG5/PLCB2/PPP1CA/PPP2R1A/PRKACA/PRKCD/CAMKK2/CAMKK1/ADCY4
React	R-HSA-111933	React Calmodulin induced events	0.0100783874580067	2.92079421138772	0.00212136670988944	0.0321125261072064	1.49332552964779	9	ADCY6/GRK2/CALM3/CAMK2G/PRKACA/PRKCD/CAMKK2/CAMKK1/ADCY4
React	R-HSA-111997	React CaM pathway	0.0100783874580067	2.92079421138772	0.00212136670988944	0.0321125261072064	1.49332552964779	9	ADCY6/GRK2/CALM3/CAMK2G/PRKACA/PRKCD/CAMKK2/CAMKK1/ADCY4
React	R-HSA-112040	React G-protein mediated events	0.013437849944009	2.46961461775872	0.00213168793457489	0.0321125261072064	1.49332552964779	12	ADCY6/GRK2/CALM3/CAMK2G/GNA15/GNAI2/PLCB2/PRKACA/PRKCD/CAMKK2/CAMKK1/ADCY4
React	R-HSA-3928662	React EPHB-mediated forward signaling	0.0123180291153415	2.57823192733607	0.00221488416148632	0.0321125261072064	1.49332552964779	11	ACTB/ACTG1/RHOA/CFL1/EPHB4/LIMK2/PAK1/RAC1/ARPC4/ARPC1B/ARPC1A
React	R-HSA-2871796	React FCERI mediated MAPK activation	0.0111982082866741	2.72188707871257	0.00222445566535339	0.0321125261072064	1.49332552964779	10	FCER1G/FOS/GRB2/PAK1/PLCG2/MAPK3/MAP2K7/RAC1/SYK/VAV1
React	R-HSA-190861	React Gap junction assembly	0.00671892497200448	3.89439228185029	0.00223577268041552	0.0321125261072064	1.49332552964779	6	TUBA4A/TUBA1A/TUBA1B/TUBB4B/TUBA8/TUBA1C
React	R-HSA-2142691	React Synthesis of Leukotrienes (LT) and Eoxins (EX)	0.00671892497200448	3.89439228185029	0.00223577268041552	0.0321125261072064	1.49332552964779	6	ALOX5/ALOX5AP/GGT1/MAPKAPK2/DPEP2/DPEP3
React	R-HSA-399954	React Sema3A PAK dependent Axon repulsion	0.00671892497200448	3.89439228185029	0.00223577268041552	0.0321125261072064	1.49332552964779	6	CFL1/FES/PAK1/PLXNA2/RAC1/NRP1
React	R-HSA-199977	React ER to Golgi Anterograde Transport	0.0313549832026876	1.73720440023714	0.00225351060401449	0.0321125261072064	1.49332552964779	28	ARF1/ARF3/ARF5/CAPZB/COL7A1/CSNK1D/CTSZ/DCTN1/SERPINA1/STX5/TUBA4A/TUBA1A/NAPA/ACTR1A/TUBA1B/TUBB4B/KDELR1/LMAN2/TMEM115/COPE/COPG1/PPP6R1/TUBA8/TRAPPC1/GORASP1/RAB1B/ARFGAP2/TUBA1C
React	R-HSA-381038	React XBP1(S) activates chaperone genes	0.0145576707726764	2.33387338876844	0.00247594860887375	0.0349028884541235	1.45713863069759	13	ADD1/TPP1/DCTN1/EXTL3/GSK3A/LMNA/SRPRA/TLN1/ATP6V0D1/CTDSP2/PDIA5/WIPI1/KLHDC3
React	R-HSA-1445148	React Translocation of SLC2A4 (GLUT4) to the plasma membrane	0.0179171332586786	2.07700921698682	0.00309914907253537	0.0432232386605731	1.36428269511776	16	ACTB/ACTG1/AKT1/AKT2/CALM3/RAB8A/MYH9/RAC1/STX4/TUBA4A/TUBA1A/TUBA1B/TUBB4B/EXOC3/TUBA8/TUBA1C
React	R-HSA-196025	React Formation of annular gap junctions	0.00559910414333707	4.21892497200448	0.00348958017084141	0.0470610257379655	1.32733861121262	5	ACTB/ACTG1/AP2M1/DNM1/DNM2
React	R-HSA-372708	React p130Cas linkage to MAPK signaling for integrins	0.00559910414333707	4.21892497200448	0.00348958017084141	0.0470610257379655	1.32733861121262	5	ITGA2B/ITGB3/TLN1/VWF/APBB1IP
React	R-HSA-198323	React AKT phosphorylates targets in the cytosol	0.00671892497200448	3.61622140457527	0.00352407940194463	0.0470610257379655	1.32733861121262	6	AKT1/AKT2/CASP9/CDKN1A/GSK3A/TSC2
React	R-HSA-391160	React Signal regulatory protein family interactions	0.00671892497200448	3.61622140457527	0.00352407940194463	0.0470610257379655	1.32733861121262	6	PTK2B/GRB2/PTPN6/TYROBP/SIRPB1/SIRPA
React	R-HSA-112043	React PLC beta mediated events	0.0123180291153415	2.44253551010786	0.00355380743559007	0.0470610257379655	1.32733861121262	11	ADCY6/GRK2/CALM3/CAMK2G/GNA15/PLCB2/PRKACA/PRKCD/CAMKK2/CAMKK1/ADCY4
React	R-HSA-948021	React Transport to the Golgi and subsequent modification	0.0347144456886898	1.63483342665174	0.00363748990410512	0.0470715744691051	1.32724127499256	31	ARF1/ARF3/ARF5/CAPZB/COL7A1/CSNK1D/CTSZ/DCTN1/MGAT1/SERPINA1/ST3GAL4/STX5/TUBA4A/TUBA1A/NAPA/ACTR1A/TUBA1B/TUBB4B/KDELR1/LMAN2/TMEM115/MGAT4B/COPE/COPG1/PPP6R1/TUBA8/TRAPPC1/GORASP1/RAB1B/ARFGAP2/TUBA1C
React	R-HSA-381070	React IRE1alpha activates chaperones	0.0145576707726764	2.23861325045136	0.00369348030472878	0.0470715744691051	1.32724127499256	13	ADD1/TPP1/DCTN1/EXTL3/GSK3A/LMNA/SRPRA/TLN1/ATP6V0D1/CTDSP2/PDIA5/WIPI1/KLHDC3
React	R-HSA-9013404	React RAC2 GTPase cycle	0.019036954087346	1.99227012566878	0.00372861074351113	0.0470715744691051	1.32724127499256	17	ABR/ARHGAP1/CYBA/DOCK2/MTX1/NCF2/NCF4/PAK1/PLD2/RAC2/VAV1/RAB7A/CDC42EP1/DEF6/LAMTOR1/PREX1/NCF1
React	R-HSA-8856828	React Clathrin-mediated endocytosis	0.0268756998880179	1.76094259701057	0.00374740678794766	0.0470715744691051	1.32724127499256	24	ACTB/ACTG1/GRK2/AP2A1/ARRB1/ARRB2/AP2M1/DNM1/DNM2/CTTN/GAK/GRB2/RAB5C/SH3GL1/HGS/ARPC4/ARPC1A/PACSIN2/FCHO1/PIP5K1C/EPN1/COPS7A/EPS15L1/STON2
React	R-HSA-8980692	React RHOA GTPase cycle	0.0268756998880179	1.76094259701057	0.00374740678794766	0.0470715744691051	1.32724127499256	24	ABR/RHOA/ARHGAP1/ARHGDIB/DIAPH1/DOCK2/FLOT2/MYO9B/STK10/STX5/VAV1/ARHGEF2/TJP2/ARHGEF11/FLOT1/PLEKHG3/DEF6/GMIP/ARHGEF40/PREX1/ARHGAP9/ARAP3/ARAP1/ARHGAP30
React	R-HSA-111996	React Ca-dependent events	0.0100783874580067	2.71216605343145	0.00377003456846379	0.0470715744691051	1.32724127499256	9	ADCY6/GRK2/CALM3/CAMK2G/PRKACA/PRKCD/CAMKK2/CAMKK1/ADCY4
