symbol	lab	z	pvalue
ABR	S+	5.01756957582241	9.60351953596245e-06
ACAA1	S+	2.44282697015487	0.00360722331923458
ACP1	O+	2.39667258676479	0.00401169043723858
ACTA2	S+	1.98448482920047	0.0103637080636266
ACTB	S+	5.52193814109563	3.00650450477683e-06
ACTG1	S+	3.51610693916787	0.00030471445789234
ACTN4	S+	4.07834172929	8.34945773611653e-05
ACTL6A	O+	2.51882719941663	0.00302811804040916
ACTN1	S+	4.96037164310592	1.09554029738394e-05
ACYP2	N+	2.39384199007632	0.00403792278512732
ADAM8	S+	4.75292220132104	1.76635421364597e-05
ADAR	S+	2.48833797277064	0.00324834409266929
ADCY6	S+	2.1718013484744	0.00673284554323354
ADD1	S+	3.19285577460532	0.000641422552032689
ADD3	O+	2.50498712574886	0.00312617203817794
GRK2	S+	4.00338142533915	9.92244212956848e-05
AP2A1	S+	2.81206658397945	0.00154146410483359
AP1B1	S+	2.78744116227775	0.00163139391364796
AGER	S+	3.41933983586158	0.000380767755644477
AKT1	S+	7.67752127704743	2.10125482140279e-08
AKT2	S+	3.43376794935813	0.000368325723530267
ALAS1	S+	2.52402487552099	0.00299209325057129
ALDH2	S+	3.21856655403018	0.000604551698923851
ALDH3B1	S+	5.47185733712545	3.37398123516433e-06
ALDOA	S+	4.630994822684	2.33886512059691e-05
ALOX12	S+	3.73176530094703	0.000185453356956451
ALOX5	S+	6.00868671531707	9.80196809758566e-07
ALOX5AP	S+	2.43384772265202	0.00368258073907683
ALPL	S+	2.96590396466136	0.00108167311473129
AMPD2	S+	4.64700013692692	2.25423850142275e-05
ANK3	O+	2.36952557377318	0.00427045771773167
ANPEP	S+	6.05933707712861	8.7229407560693e-07
ANXA11	S+	5.97723543276243	1.05381546397156e-06
BIRC3	O+	3.88244610101422	0.000131085271827112
APLP2	S+	3.200878016425	0.000629683021852606
FASLG	O+	4.048391567065	8.94557853732465e-05
ARF1	S+	6.80208691141307	1.57729558826242e-07
ARF3	S+	4.62547602926104	2.3687758719696e-05
ARF5	S+	4.70835891293986	1.95722649897718e-05
RHOA	S+	3.60446399718259	0.000248619966052019
RHOG	S+	5.70020412387331	1.99432473691886e-06
ARHGAP1	S+	4.93368718960974	1.16496481946683e-05
ARHGDIB	S+	3.13539651571202	0.000732155761500673
ARL1	O+	3.96596888539325	0.000108151143235953
ARRB1	S+	2.92940634663844	0.00117650466448473
ARRB2	S+	5.55783012319926	2.76802416235658e-06
ARSA	S+	3.29460659748476	0.000507450170209514
ASGR1	S+	2.93244239261001	0.00116830869096178
ASGR2	S+	3.71224358916115	0.00019397975694975
ASL	S+	2.73428847458008	0.00184379029810896
ASNS	O+	2.34616030419284	0.00450650332471217
ATM	O+	3.56049615947359	0.000275108393310005
RERE	S+	3.05072205072818	0.000889770390366601
ATP2A3	S+	3.00704182806332	0.000983916337583008
ATP5F1C	O+	1.98281362001428	0.0104036654935276
ATP5PB	O+	2.91636902154049	0.00121235826762107
ATP5PF	O+	3.5040135973154	0.000313318762588452
ATP6V0B	S+	5.10160481311392	7.91398434595146e-06
ATP6V0A1	S+	6.77949939500563	1.66150099232069e-07
ATP5PO	O+	3.28994865675144	0.000512922019175978
ATR	O+	3.45299742597483	0.000352372959519813
AZU1	S+	2.64472871501906	0.00226605937487272
BAX	S+	2.44105636102681	0.00362195990997826
BCL2	O+	2.83540661075576	0.00146080884315573
BCL3	S+	5.6238720224575	2.37754079518291e-06
TSPO	S+	3.70145096243154	0.000198860733768707
SERPING1	S+	2.65608598388066	0.00220756762402816
C4BPA	O+	2.2210808192379	0.00601061873564181
C5AR1	S+	3.65992408414663	0.000218814408404181
FMNL1	S+	5.83431908690143	1.46447146216518e-06
CA4	S+	2.66763017552791	0.00214966024310759
CALM3	S+	3.28648197992776	0.000517032710632441
CAMK2G	S+	3.33943969487236	0.000457678282622333
CAMLG	O+	2.08997395511535	0.00812879263529575
CAPG	S+	2.59600267756859	0.00253511300064273
CAPN1	S+	3.06467231646102	0.00086164363367253
CAPNS1	S+	2.34688504144865	0.00449898928210237
CAPZB	S+	4.89269594034988	1.28027734234487e-05
CARS1	S+	2.41065627755238	0.00388457689268725
CASP6	O+	3.44847101190605	0.000356064755693953
CASP9	S+	3.62978886986432	0.000234536872773798
CASP10	O+	2.29135605167517	0.005112625105859
CCNC	O+	2.49056196706113	0.0032317520497941
CCND3	S+	2.637437932892	0.00230442228856855
CCT6A	O+	2.90456864130177	0.00124575132767539
CD14	S+	5.1596116634102	6.9244986764312e-06
MS4A1	O+	2.36977437244993	0.00426801195801418
TNFRSF8	S+	3.64308015546097	0.00022746775666863
CD33	S+	2.1095892195297	0.00776981682730384
SCARB1	S+	2.7592971588374	0.00174061547840486
CD37	S+	2.58322325226996	0.00261081889873791
CD47	O+	2.32582187482492	0.00472256696862889
CD48	O+	2.80079559864272	0.00158199243122169
CD63	S+	3.86201444590348	0.00013739962711216
CD68	S+	4.12336887272739	7.52715964680447e-05
CD69	O+	2.02358108945943	0.00947150320460676
ADGRE5	S+	3.42710503778452	0.000374020117410985
CDA	S+	4.63074085911518	2.3402332251094e-05
CDK11B	S+	2.25192919795621	0.00559848864945598
LRBA	O+	2.670950312483	0.00213328896821272
CDC5L	O+	2.70414539931919	0.00197630787271956
SEPTIN7	O+	2.16265203306746	0.00687619155968857
CDC27	O+	2.18326664514504	0.0065574253438196
CDKN1A	S+	3.8356521121513	0.000145998329901714
CDKN2D	S+	4.74312619587309	1.80664907953852e-05
CD52	O+	2.2131967482042	0.00612073041772568
CEBPA	S+	2.51390109710231	0.00306266082118773
CENPC	O+	2.69489488833833	0.00201885492507687
CFL1	S+	4.68502995662305	2.0652376956055e-05
CEACAM3	S+	4.48051536908611	3.30738407473494e-05
CEACAM4	S+	3.90050812407824	0.000125745333174596
CHRNA2	S+	2.98778540793834	0.00102852438343973
AP2M1	S+	2.17432523948811	0.00669383126263294
CLU	S+	3.98452037906066	0.000103628597606677
CLK3	S+	4.93154021718796	1.17073818284994e-05
TPP1	S+	2.8605830771654	0.00137853222522424
CLN3	S+	3.22599821396205	0.000594294602649693
CLNS1A	O+	2.31521275559452	0.00483935235507689
CLPTM1	S+	4.0273208307945	9.39029355531557e-05
CCR1	S+	2.1715683542178	0.00673645861059183
LTB4R	S+	2.72258150354563	0.00189416800466896
CNN2	S+	4.60095577434199	2.50636447150455e-05
COL7A1	S+	2.36363945581195	0.00432873046042372
COMT	S+	2.58528677937938	0.00259844315636126
COPB1	O+	2.24083338105383	0.00574336766715387
COX6C	O+	5.49942767812693	3.16644771941402e-06
COX7C	O+	3.47312058822364	0.000336418144980586
COX11	O+	1.99530637895546	0.0101086607342229
ATF6B	S+	4.45861645078721	3.47843225209977e-05
CSE1L	O+	2.72937418180002	0.00186477233781266
CSF1R	S+	2.69753813241648	0.00200660489608504
CSF3R	S+	6.04452066304534	9.02566763748673e-07
CSK	S+	3.66215531911688	0.000217693108531784
CSNK1D	S+	4.9978201139736	1.00503199122472e-05
CSNK2B	S+	3.07131976172915	0.000848555471749273
CST3	S+	3.577681116049	0.000264434967807082
CSTB	S+	2.14348414703165	0.00718647390549829
CTLA4	O+	2.35931055946915	0.00437209349486759
CTSD	S+	5.17789009499596	6.63911062211734e-06
CTSZ	S+	2.60971501317886	0.00245632024002337
CUX1	S+	3.19239512136173	0.000642103265581114
CYBA	S+	5.1345363119591	7.33607373932249e-06
DAP	S+	2.02266554521664	0.00949149131722875
DAPK3	S+	2.49035929860996	0.00323326053553167
DBI	O+	2.65712304680802	0.00220230240568013
DBN1	S+	2.36439515638797	0.00432120473809115
DCTD	N+	2.2459497899499	0.00567610224686718
DCTN1	S+	2.72132015251213	0.00189967736250146
DDX1	O+	4.36420922096004	4.32305518083166e-05
DHX8	S+	3.64588376810086	0.000226004055261503
CYB5R3	S+	4.29775590770987	5.03783677456761e-05
DIAPH1	S+	3.50004606548112	0.000316194225614528
DLG4	S+	3.05481846550725	0.000881417227198733
DNM1	S+	1.98732985625067	0.0102960381655256
DNM2	S+	4.39348761310496	4.04121900665417e-05
DOCK2	S+	2.20661470519241	0.00621420097552943
DOK1	S+	4.44809318827751	3.56374656507882e-05
ARID3A	S+	3.20488360622654	0.000623902022917485
RCAN1	O+	2.19292291837683	0.00641323393047177
DUSP1	S+	2.10565067909462	0.00784060040927799
DUSP3	S+	3.50387608744681	0.000313417983843283
DVL3	S+	3.15546785527062	0.000699088478562221
E2F4	S+	2.90552206982944	0.00124301946689861
GPR183	O+	3.18796555872535	0.000648685874870768
ECE1	S+	5.13774985449489	7.28199112848149e-06
S1PR1	O+	2.11899415900221	0.00760336502936956
PHC1	O+	2.42235491417954	0.00378133440167284
PHC2	S+	4.7911137363223	1.61765633809296e-05
EIF2S1	O+	2.66743380722405	0.00215063244192828
EIF4A2	O+	3.31768515230396	0.000481188065868766
EIF4EBP1	S+	2.79139934040192	0.00161659287220266
EIF5	O+	2.47661263414358	0.00333723942737086
ELK4	O+	4.06421001492597	8.62561331870702e-05
MARK2	S+	4.12460988944835	7.50568113986692e-05
EMP3	S+	2.01574103477542	0.00964403916101635
ADGRE1	S+	2.56620766123944	0.00271514069304259
CTTN	S+	3.56751969792267	0.000270695042430619
ENO1	S+	2.68935966123656	0.00204475057393355
EPHB4	S+	2.79950445820505	0.00158670263073634
EPHX2	O+	2.46520537000839	0.00342605736175845
NR2F6	N+	3.74384280708371	0.000180367046136845
ERF	S+	3.89077896624077	0.000128594097184569
ETV6	S+	2.26593973623833	0.00542076104985623
EWSR1	S+	2.51062742736027	0.00308583409103778
EXTL3	S+	3.44383375979769	0.000359887067160911
F12	S+	2.36752065186631	0.00429021787618247
FAH	S+	2.04844342833756	0.0089445103649044
PTK2B	S+	4.12160529469853	7.55778799551661e-05
FANCF	O+	2.72276109609067	0.00189338487676831
FBP1	S+	2.27179720976841	0.00534814028107903
FCER1G	S+	2.23744163097769	0.0057883977897978
FCGRT	S+	5.81871534440217	1.51804503455874e-06
FCN1	S+	4.91381218293991	1.21951688298027e-05
FDX1	O+	2.90571185972587	0.00124247637688605
FER	O+	3.21594186626356	0.000608216410386165
FES	S+	3.88966266981699	0.00012892505643451
FGR	S+	4.45307796808402	3.52307616230784e-05
FH	N+	2.28686205570694	0.00516580423867634
FHL3	S+	2.05008288177554	0.00891080865947442
FKBP1A	S+	3.23732594815761	0.000578993984800682
FKBP3	O+	5.58531907943725	2.59824990789321e-06
FOXO1	O+	2.5977896043825	0.00252470357853417
FLII	S+	3.55229130544478	0.000280355250865922
FLOT2	S+	6.0015732641171	9.96383979103617e-07
FOLR3	S+	2.42451109943456	0.00376260735901546
FOS	S+	3.39709148343705	0.000400782284588418
FOSB	S+	2.14929360890698	0.00709098213299776
FOSL2	S+	3.6495932477644	0.000224081886586397
FPR1	S+	4.23592414830697	5.80865859776117e-05
FTH1	S+	2.79437118542764	0.00160556840952766
FUT7	S+	3.08355251035261	0.000824987730548759
KDSR	O+	2.93400455839498	0.00116411381070034
FZD2	S+	1.98507829077293	0.0103495557721215
GAA	S+	3.09466680827552	0.000804142825810947
GAK	S+	2.16249501953817	0.00687867800688286
GALK1	S+	3.62780017117109	0.000235613314529678
GALNS	S+	3.2368700560241	0.0005796020915239
GALNT2	S+	3.69179072048048	0.000203333660706957
GAPDH	S+	2.96424390830027	0.00108581563698151
GART	O+	2.44754939532124	0.00356821163231671
GBA1	S+	5.1428170845509	7.19752058184265e-06
GBP3	O+	3.50149701291681	0.000315139605547369
NR6A1	S+	2.7608053669395	0.00173458119207888
GGT1	S+	2.10671457507625	0.00782141671084324
GLB1	S+	1.99494769996927	0.0101170128132532
GLS	O+	2.07882697165672	0.00834013399786125
GLUL	S+	3.41313117727298	0.000386250293754951
GNA15	S+	4.34640522702597	4.50396257313808e-05
GNAI2	S+	7.62881885358789	2.35061306893124e-08
GNAZ	S+	2.9684656790416	0.0010753115756046
GNB1	S+	5.44678860729945	3.57446782922297e-06
GNB2	S+	6.47992861748605	3.31185552094833e-07
GNG5	S+	3.64687708478065	0.000225487730343032
GP1BA	S+	4.19838500813703	6.33308025893371e-05
GP9	S+	4.50018359141359	3.16094113770651e-05
GPM6A	S+	4.0985555575802	7.96974530260387e-05
GPR18	O+	2.48895290906278	0.00324374787689481
FFAR2	S+	2.91473365462995	0.00121693209545803
GRK6	S+	4.30385934981697	4.96753173395572e-05
MKNK2	S+	4.54749664623107	2.8346755237286e-05
GPS2	S+	2.40206679471285	0.00396217091178286
GPX7	N+	3.19830369005059	0.000633426618739155
GRB2	S+	4.75160655234409	1.77171330931842e-05
GRN	S+	6.55102194771332	2.81175873042652e-07
GRINA	S+	2.81904014898632	0.0015169101280096
GRSF1	O+	3.12042484555021	0.000757835864648788
GSK3A	S+	3.56512291805162	0.000272193081294672
GSN	S+	4.09370669647015	8.05922542342248e-05
GSTP1	S+	2.35359325787678	0.00443003076365146
GSTZ1	S+	2.37545956411675	0.00421250506325237
GTF2F2	O+	2.48009735773913	0.00331056898655759
H1-2	S+	2.63359039380724	0.00232492852620426
H3-3A	S+	2.72335315099803	0.00189080546555203
H3-3B	S+	2.06145006819618	0.00868060374389863
HCK	S+	5.76407091994476	1.7215874181691e-06
HCLS1	S+	4.49734737853486	3.18165160033478e-05
HDLBP	S+	2.72872704115158	0.00186755309966613
HELLS	O+	2.08509476346416	0.00822063255400739
HK1	S+	2.34342261597129	0.00453500096729035
HK3	S+	2.96980891335015	0.00107199087025721
ZBTB48	S+	2.30819405422399	0.00491819728556547
HLA-B	S+	3.60591765313048	0.000247789184783718
HLA-C	S+	3.20090982774873	0.000629636900343605
HLA-DRB1	S+	2.8711142431035	0.00134550636603883
HLA-E	S+	4.11765441617529	7.6268566518959e-05
HLX	S+	5.66376220638137	2.16889133461339e-06
HMGB1	O+	2.28703137443828	0.00516379063506167
HMOX1	S+	2.74205676788855	0.00181110334258768
HNRNPA2B1	O+	2.83527207663663	0.00146126143714948
HNRNPH1	O+	2.68465395421307	0.00206702650626999
HNRNPH3	O+	2.01713598870041	0.00961311220142877
HOXB4	N+	2.11197271506533	0.00772729130961341
HPCAL1	S+	4.0607241141166	8.69512612395604e-05
HPS1	S+	2.49449340067308	0.0032026287598424
HRH2	S+	5.89753151264332	1.26610139517341e-06
HSPA1A	S+	4.85848106860087	1.38522056797623e-05
HSPA6	S+	3.74504664328413	0.000179867772653175
HSP90AA1	O+	6.10882325638146	7.78353250851918e-07
HSPD1	O+	2.78833601734627	0.00162803591994011
NDST1	S+	3.78661095850798	0.000163451549311593
ICAM3	S+	5.02261413155947	9.49261502749322e-06
SP110	S+	2.10870145802696	0.00778571571470879
IFIT3	S+	2.18151883177445	0.00658386880508454
IL1RN	S+	4.64544257612948	2.26233765385368e-05
IL4R	S+	2.08306129546023	0.00825921372449245
IL6ST	O+	2.87928256827755	0.00132043622930441
CXCR1	S+	4.3550869063415	4.41482093864314e-05
CXCR2	S+	3.32813302352302	0.000469750203028524
IL10RB	S+	2.82323349813424	0.00150233402004465
IL16	S+	2.33910575407505	0.0045803033919333
ILK	S+	4.23353245416843	5.84073558530124e-05
IMPA2	S+	4.77957970549385	1.66119377308446e-05
IMPDH1	S+	7.20102100909347	6.29475731090253e-08
INPP5D	S+	2.77345374414805	0.00168479186108905
INPPL1	S+	4.00192915465085	9.9556780853872e-05
EIF3E	O+	4.63233466914845	2.33166058237737e-05
ITGA6	O+	2.7379878853894	0.0018281512115665
IRF1	S+	3.39003112234554	0.000407351085226214
IRF7	S+	2.12861259566398	0.00743682230040532
ITGA2B	S+	4.27884484576423	5.26205222698254e-05
ITGA4	O+	2.82929518470311	0.00148151077791237
ITGA5	S+	4.48322397777978	3.2868207664169e-05
ITGAM	S+	4.73194407166118	1.85377033614138e-05
ITGAX	S+	3.3080719392474	0.000491958037933178
ITGB1	O+	2.5642014729687	0.00272771208000494
ITGB2	S+	3.63221727820586	0.00023322909215628
ITGB3	S+	2.04074149975735	0.00910455031339775
ITGB4	S+	2.11770995418489	0.00762588138425424
ITGB5	S+	4.4543208152904	3.51300837143905e-05
ITPK1	S+	5.97216249126213	1.06619712898249e-06
ITPR2	O+	2.57092862728991	0.00268578579609779
JUNB	S+	2.40732216878016	0.00391451382505596
CD82	S+	2.93675205710625	0.00115677246622882
KCNA3	O+	3.44463576588935	0.000359223081570498
KCNQ1	S+	4.34164631048133	4.55358753449116e-05
KIF2A	O+	3.42732893605046	0.000373827342977003
KIF3C	S+	2.7441352697817	0.00180245624204371
KLRB1	O+	2.72779504721734	0.00187156516330993
KTN1	O+	3.62668611145738	0.000236218489748855
LAMP1	S+	2.31130814724162	0.00488305766245879
LASP1	S+	4.96462315462228	1.08486786569195e-05
LGALS9	S+	5.87855677987949	1.32264477346098e-06
LIMK2	S+	3.53403512770142	0.000292391586874216
LMAN1	O+	2.19048067898589	0.00644940011501103
LMNA	S+	2.27732093780994	0.00528054882063088
LMO7	O+	2.68049269666958	0.00208692721851378
LNPEP	O+	2.7281183255393	0.00187017253379412
LRCH4	S+	3.30243628180009	0.000498383571738565
LRP3	S+	3.64902326915373	0.000224376170159053
LRPAP1	S+	3.14965852721691	0.000708502639905883
LSP1	S+	6.39710831825029	4.00766749129355e-07
LTBR	S+	7.53123587105622	2.94282291379034e-08
MAN2B1	S+	2.71140627316442	0.0019435410899756
MAP1A	S+	2.85977386756645	0.0013811032028961
MAT2A	O+	3.39244301514397	0.000405095095181521
MAX	S+	2.14582992666752	0.00714776183575168
MAZ	S+	2.5862546930338	0.0025926584454664
DNAJB9	O+	2.56324033575418	0.00273375546505788
MDH1	O+	4.03197487139641	9.29020139025042e-05
MEF2D	S+	3.50362877532527	0.000313596512799644
MEFV	S+	3.17184584436235	0.000673215576105374
MAP3K3	S+	4.38227216689401	4.14694077617505e-05
MAP3K4	O+	2.90763438615331	0.0012369883625298
RAB8A	S+	3.31995833124394	0.000478676017099926
MGAT1	S+	4.05779371993487	8.75399471463961e-05
MAP3K11	S+	3.16786526997515	0.000679414372845068
KMT2A	O+	3.08891292620297	0.000814867644391248
MLLT1	S+	4.76274152951779	1.72686533060352e-05
MLLT3	O+	1.98303519969323	0.0103983588341478
NR3C2	O+	3.02159111293226	0.000951500206919838
MMP9	S+	4.42733027635612	3.73826189284859e-05
MMP19	S+	3.59456681676752	0.000254350844096351
MNT	S+	2.511316147238	0.00308094434205952
MPST	S+	3.21385271453771	0.000611149253277849
MSH2	O+	4.6142506462151	2.43080070585125e-05
MSRA	S+	3.09329822691671	0.000806680898004183
MTF1	S+	2.02994833494649	0.00933365330302345
MYO1F	S+	6.05608338328919	8.78853763240999e-07
MTR	O+	4.99014357054593	1.02295476451468e-05
MTX1	S+	5.91938001387894	1.20398197788403e-06
TRIM37	O+	2.23908891063302	0.00576648397368714
MX2	S+	3.31536531674096	0.000483765266163643
MYBL2	S+	1.99387729663591	0.0101419789159824
MYBPC3	S+	5.15385515319686	7.01689288275141e-06
MYD88	S+	4.38286622053539	4.1412722234413e-05
MYH9	S+	2.61254792700175	0.00244034974594555
MYO7B	S+	2.1581598478093	0.00694768551798182
MYO9B	S+	4.78878317069442	1.62636054274033e-05
NAGA	S+	2.43481657543013	0.00367437455190087
HNRNPM	N+	3.0286747076251	0.000936106567963608
NCF2	S+	2.75762003795703	0.0017473502322383
NCF4	S+	5.14587062097485	7.14709210679655e-06
NDUFA4	O+	2.83924360112512	0.00144795944742978
NDUFA5	O+	2.09728024727185	0.00799318293899727
NDUFA6	O+	2.58742518999395	0.00258568020117812
NDUFB5	O+	2.00816244319528	0.00981380799393664
NDUFS2	S+	2.71133334978627	0.00194386746179819
NDUFS4	O+	3.01628953442718	0.000963186674493486
NDUFS5	O+	4.33551358846748	4.61834541511722e-05
NEU1	S+	3.50802043959242	0.000310441347888211
NFE2	S+	5.33663921183019	4.60639088505266e-06
NFIC	S+	3.20292115236243	0.000626727638874478
NFKB2	S+	2.86962345510961	0.00135013297654071
NFKBIB	S+	2.4163593268811	0.00383389904814139
NFX1	O+	2.63664164386089	0.00230865137629934
NFYC	S+	5.22486593265022	5.95846053700144e-06
NINJ1	S+	5.60784027567511	2.46694646114484e-06
NINJ2	S+	2.2392360313313	0.00576453086236636
NME2	N+	2.91711048380169	0.00121029019854775
CNOT3	S+	4.83380762159789	1.46619717503203e-05
CCN3	S+	3.19058326591693	0.000644787684898821
NRGN	S+	4.81590502444588	1.52790015711318e-05
NUCB1	S+	2.51798296362725	0.00303401019909556
NUCB2	O+	3.4509463583097	0.000354041067608376
NUP88	O+	2.7380531377362	0.00182787655416106
OAS1	S+	2.32467407194639	0.00473506481412061
OAS2	S+	2.2411962328493	0.005738571103958
OAZ2	S+	2.10302936435516	0.00788806781491726
OPRL1	S+	3.33794905898477	0.000459251878096248
ORC4	O+	2.63055502958538	0.00234123479780312
SLC22A18	S+	2.83183888925932	0.00147285878927558
OTX1	S+	2.701449183882	0.00198861548157111
P4HB	S+	2.98610124868421	0.00103252066232615
FURIN	S+	5.94463069556518	1.13597638814699e-06
PCSK6	S+	2.87222123688961	0.00134208110835434
PAK1	S+	2.16017340899625	0.00691554785585853
PAM	O+	2.14697964876282	0.00712886435526802
PBX2	S+	2.8769582615516	0.00132752203486871
PCBP1	S+	5.44504660762997	3.58883417915431e-06
PCM1	O+	2.80162509174383	0.00157897374350293
CHMP1A	S+	4.11998746263335	7.58599474230921e-05
PECAM1	S+	2.28781187418946	0.00515451877449846
PEX6	S+	2.03259919783953	0.00927685571903984
PF4	S+	4.26833501402741	5.39094605413218e-05
PFDN4	O+	3.80774014977003	0.000155689688683726
PFDN5	O+	2.29586487404699	0.00505982068271544
PFKFB3	S+	2.54697442740603	0.0028380861387567
PFKFB4	S+	5.57886478208137	2.63715233741116e-06
PFN1	S+	3.46797529728203	0.000340427552707007
PGD	S+	6.55332264251414	2.79690269547532e-07
PGM1	S+	2.00345958571943	0.00992065653914741
PHKG2	S+	2.90428142395511	0.00124657546831391
SERPINA1	S+	6.19118920957458	6.4388868067893e-07
PIGC	O+	2.18877809855572	0.00647473355787416
PIGF	O+	3.08251332298482	0.000826964139146648
PIGH	O+	1.98695082933676	0.0103050278698765
PIK3CD	S+	5.6439389266106	2.27018407787825e-06
PIK3R1	O+	2.44928144674266	0.00355400924550537
PI4KB	S+	3.61712234134593	0.000241478049167554
PITPNA	S+	2.77023619607016	0.00169732029414865
PKM	S+	3.15688331301714	0.000696813710058861
PLAUR	S+	4.81608711980061	1.52725965806779e-05
PLCB2	S+	3.92732862271741	0.000118214670834646
PLCG1	O+	2.21046347284297	0.00615937331508544
PLCG2	S+	3.46894432377728	0.000339668815083395
PLD2	S+	2.48338043617007	0.0032856368737192
PLOD1	S+	4.04880488021151	8.93706918117737e-05
PLRG1	O+	3.02063949704001	0.000953587397744168
PLXNA2	S+	2.80476899628063	0.00156758465563997
PMM2	S+	3.1980769697665	0.000633757380839317
SEPTIN5	S+	2.13898472840326	0.00726131490783603
SEPTIN4	S+	2.97169382811115	0.00106734832256048
POLR2A	S+	3.04444367142264	0.000902726784754203
POLR2E	S+	4.25832503934587	5.51664402131601e-05
POR	S+	4.43152502368222	3.70232872279306e-05
PPA1	O+	4.81506709199707	1.53085094985528e-05
CTSA	S+	7.73597109291569	1.83666058928472e-08
PPP1CA	S+	2.63413377483344	0.00232202143871356
PPP1CC	O+	2.91127774186657	0.0012266545049183
PPP1R8	O+	2.58942610140211	0.00257379467843339
PPP1R10	S+	3.61938176628247	0.000240225017513476
PPP2R1A	S+	2.30514382333325	0.00495286141978033
PPP2R1B	O+	2.1302072766377	0.00740956519025803
PPP2R5C	O+	2.01039683306016	0.00976344686207088
PPP4C	S+	4.96537267182626	1.08299718598434e-05
PRCC	S+	2.33364896443787	0.00463821670333637
PRKACA	S+	4.91876877464817	1.20567769166935e-05
PRKACB	O+	3.90864471694463	0.000123411401137531
PKIA	O+	2.9994586351861	0.00100124731580247
PRKCA	O+	2.2353549537453	0.0058162765265872
PRKCD	S+	6.02711430520596	9.39476010318928e-07
PRKCSH	S+	2.77639535405344	0.00167341880845466
MAPK3	S+	5.21368103334848	6.11390894782073e-06
MAPK13	S+	2.06086890310233	0.00869222774806919
MAP2K2	S+	2.83272001664787	0.00146987357842792
MAP2K3	S+	3.70945148565506	0.00019523088111707
MAP2K7	S+	2.72013858331676	0.00190485278267931
EIF2AK2	O+	2.32627590265956	0.00471763239880858
PSAP	S+	5.17847604979302	6.63015910259192e-06
PSMA2	O+	2.19050959530621	0.00644897071348975
PSMA3	O+	2.60802919045395	0.00246587359165942
PSMA4	O+	2.88963142325068	0.00128934332652414
PSMA6	O+	2.71230946164398	0.00193950336913962
PSMB3	S+	4.24612508676371	5.67381163094205e-05
PSMC6	O+	2.35531406108378	0.00441251240069541
PTAFR	S+	6.41277646793104	3.86565891945643e-07
PTGER2	O+	4.15766015409361	6.95568403732388e-05
PTGIR	S+	2.51000705359502	0.0030902452418794
PTGS1	S+	3.9685283129973	0.000107515650533789
QSOX1	S+	2.95567868411142	0.00110744283047583
PTPN6	S+	3.85899818324214	0.00013835721667735
PTPRF	S+	3.91088101299734	0.000122777556820645
PTS	O+	2.43811731177598	0.0036465543276898
PVR	S+	2.27713646616731	0.00528279227171641
NECTIN1	S+	4.75464709984323	1.75935265269777e-05
PEX2	O+	2.2564422550555	0.00554061208486828
PXN	S+	6.66723322905213	2.15162593728848e-07
PYGL	S+	2.3092443403048	0.00490631762020338
RGL2	S+	2.56687014170397	0.00271100212685227
MAP4K2	S+	2.58239251195237	0.00261581778391219
RABGGTB	O+	2.817334708078	0.00152287862824573
RAB5C	S+	5.17791483097567	6.63873249106643e-06
RAC1	S+	4.16064129355629	6.9081014436722e-05
RAC2	S+	3.91144610225901	0.000122617906712802
RAD51C	O+	2.95801378199277	0.00110150435361509
RAF1	S+	2.47430405814554	0.00335502639971951
RALB	S+	2.10679307731447	0.00782000305431709
RANBP2	O+	2.2252234727022	0.00595355715535393
RAP1GDS1	O+	2.64765250306623	0.00225085488736461
RARA	S+	6.74980975693714	1.77905855746993e-07
RARS1	O+	3.56718983535233	0.000270900723334053
RASGRF2	O+	2.8098478774077	0.00154935922600947
RBBP4	O+	2.59228589745602	0.00255690211585352
RBL1	O+	2.78040176114052	0.00165805235140134
RECQL	O+	3.1782491058416	0.000663362464907278
RELB	S+	4.58790672076326	2.58281487677292e-05
UPF1	S+	3.26957456782254	0.000537558127136047
DPF2	S+	5.19966966415224	6.31437449860148e-06
RFC1	O+	2.14757244724256	0.00711914031484345
RFX1	S+	2.65544419606101	0.00221083231522903
RFX2	S+	2.96951812985432	0.00107270886609821
RNASE2	S+	2.67999492267118	0.00208932055691958
RNPEP	S+	2.1346777263106	0.00733368536629597
RORA	O+	2.39974260411928	0.00398343189020565
RPL7	O+	4.97316660461055	1.06373486859651e-05
RPL11	O+	5.28912662115212	5.13893800929184e-06
RPL17	O+	5.91645356197113	1.21212229106783e-06
RPL22	O+	4.63108935135399	2.33835609789725e-05
RPL26	O+	5.1211786282408	7.5652166857111e-06
RPL27	O+	3.91985915787766	0.000120265439336998
RPL32	O+	2.83025510859021	0.00147823980137153
RPL34	O+	4.9261035800985	1.18548597368266e-05
RPL37	O+	3.40045212890752	0.000397692930662288
RPL41	O+	2.26713505230997	0.00540586191022212
RPS6KA1	S+	6.05393380301104	8.83214513424782e-07
RPS6KB2	S+	2.0701948506561	0.00850756252078762
RPS10	O+	3.3166607131623	0.000482324460099547
RPS24	O+	4.38325652313654	4.13755211348096e-05
RRBP1	S+	2.19797370758561	0.00633908087221406
RRM1	O+	2.72330021413142	0.00189103595297798
RTN2	S+	3.80752312216022	0.00015576751008466
RXRA	S+	4.7081579977382	1.95813216908712e-05
S100A11	S+	6.24303624056178	5.71430950496697e-07
SAFB	S+	2.35280259041345	0.00443810333128094
SATB1	O+	2.709590616746	0.00195168346739737
MSMO1	O+	2.33959688132128	0.00457512662727062
CLEC11A	S+	3.77030453406342	0.000169705323494741
SCN1B	S+	3.96163328639813	0.000109236232616538
SEC14L1	S+	3.7580633544143	0.000174556749282819
SECTM1	S+	5.68717770243177	2.05504954908982e-06
SELP	S+	2.59544101148736	0.0025383937425956
SELPLG	S+	6.55060401728437	2.81446584549118e-07
SET	O+	2.45002392816035	0.00354793840751742
SFPQ	O+	2.32552601533291	0.00472578527406815
SRSF1	O+	2.10286608907053	0.0078910339328466
SRSF2	O+	2.02313643431135	0.00948120562907677
SRSF3	O+	2.12331312600799	0.00752812590681127
SRSF6	O+	2.74190500626757	0.00181173633245854
SRSF7	O+	3.21501901832056	0.000609510205410615
TRA2B	O+	4.5487702976947	2.82637447484463e-05
SGTA	S+	3.09735299087643	0.000799184420624846
SH3BP2	S+	4.48397821608402	3.28111750562729e-05
SH3GL1	S+	3.90688777312651	0.000123911674770708
ST3GAL2	S+	4.43206542270958	3.69772472557853e-05
ST3GAL4	S+	3.86240720429353	0.000137275424608739
SIPA1	S+	3.69965748207974	0.000199683655248242
SKIC2	S+	2.3381153036084	0.0045907611361403
SKP2	O+	2.1099228733734	0.00776384983077471
SLC2A3	S+	2.50497121158553	0.0031262865948348
SLC5A3	O+	2.16821095379833	0.0067887379698893
SLC6A6	S+	2.4039067172601	0.00394542037229574
SLC9A1	S+	5.44444299048299	3.59382569544561e-06
SLC11A1	S+	3.21412088020864	0.000610772000818777
SLC19A1	S+	5.45548520921397	3.50360220331626e-06
SLC25A1	S+	2.20023243835395	0.00630619740727111
SLC22A5	N+	3.16180369937265	0.000688963636780997
SMARCD2	S+	2.15784321924712	0.006952752673733
SMARCD3	S+	4.46729359984327	3.40962329985802e-05
SNRPA1	O+	2.28115471668438	0.00523413938025931
SNRPB	S+	2.05616262025098	0.00878693431133066
SNRPB2	O+	1.98938613383116	0.0102474041823992
SNRPD1	O+	3.27708920565782	0.000528336718355555
SNRPD2	O+	2.6716004809911	0.00213009767827791
SNRPE	O+	2.17697229116057	0.00665315603287544
SNRPF	O+	2.21029634724256	0.00616174402688806
SNRPG	O+	2.02485397499747	0.00944378355959921
SNX2	O+	2.02528401505576	0.00943443691727569
SOX12	N+	1.98958641007167	0.0102426796497882
SP1	S+	2.21276020801872	0.00612688589110579
SP2	S+	2.12265230611943	0.00753958937736957
SPARC	S+	2.36358509387661	0.00432927233443674
SPI1	S+	7.23761942565127	5.78602857787492e-08
SPINT1	S+	4.0761585500038	8.39153576704208e-05
SPP1	S+	3.85019617585587	0.000141189962911431
SPTBN1	O+	2.52358251506986	0.00299514246737532
SQLE	O+	2.41041591222444	0.00388672745198228
SRF	S+	3.21086931499744	0.000615362015491146
SRP14	O+	2.10463902163981	0.00785888580749032
SRP72	O+	4.0777388157337	8.36105700190288e-05
SRPRA	S+	3.67933398028092	0.000209250266470293
TRIM21	S+	3.56156420731855	0.000274432658451871
STAT3	S+	4.00643517335293	9.85291705208465e-05
STAT5A	S+	3.44140239901534	0.000361907514724478
STAT6	S+	5.35336516136925	4.43235807838949e-06
STK10	S+	5.15757802651865	6.95699952140906e-06
AURKC	S+	2.12575422142313	0.00748593028980795
SULT1A2	S+	3.62919493359949	0.00023485784219882
STX4	S+	2.07232710321179	0.00846589537121846
STX5	S+	3.94046795349997	0.000114691714907943
STXBP2	S+	5.74318938697515	1.8063862260004e-06
SULT1A1	S+	4.19241332098152	6.42076358054236e-05
SUPT6H	S+	2.26792343275322	0.00539605748026362
SURF4	S+	3.39412938795534	0.000403525154108633
SYK	S+	3.99873260470831	0.000100292254784595
TAF9	O+	4.1688418963819	6.77888245901202e-05
TAF10	S+	2.938695856361	0.00115160659583787
TAF11	O+	3.72567836878366	0.000188070912284392
MAP3K7	O+	2.44198762404413	0.00361420161771719
TALDO1	S+	6.18103800319719	6.59116216363843e-07
TAPBP	S+	4.01004172285478	9.77143341871749e-05
TARBP1	O+	3.06167829976896	0.000867604308876868
TARS1	O+	2.64784325173901	0.00224986649509597
TBCA	O+	2.04769605685268	0.00895991610346526
TBXA2R	S+	2.1697426387628	0.00676483738292669
TBXAS1	S+	4.38945935940545	4.07887729477596e-05
TCEA1	O+	1.98097436041808	0.0104478189852244
TCN2	S+	3.2319776631649	0.000586168311819067
TFAM	O+	2.3439405802298	0.00452959549171712
TFRC	O+	3.01608276574582	0.00096364535924299
TGFB1	S+	3.60191814910454	0.000250081664282506
TGFBR3	O+	3.01796810418678	0.000959471095195206
TGM3	S+	4.37370193328418	4.22958801439531e-05
THBS1	S+	3.08558361398033	0.000821138445222183
THBS3	S+	2.34964976683155	0.00447043961703187
TIAM1	O+	2.07012706610657	0.00850889048216767
TIMP2	S+	6.39346590655579	4.04142099658257e-07
TKT	S+	5.97387640907032	1.0619977360631e-06
TLE3	S+	6.41640156362022	3.83352620545816e-07
TLN1	S+	3.85217892735013	0.000140546835826374
TMPO	O+	2.9653375148714	0.00108308486019142
CLDN5	S+	2.74564580541064	0.00179619794253898
TNFAIP2	S+	3.48598316484402	0.000326600492392287
TNFRSF1A	S+	5.17608966728412	6.66669110130786e-06
TNFRSF1B	S+	5.26269176047094	5.46145348995389e-06
TNNI2	S+	3.94373242516657	0.00011383284096832
TOP2B	O+	3.89825740458148	0.000126398696545722
TOP3A	S+	3.49840238462752	0.000317393198106399
TPD52L2	S+	4.33063109667689	4.67055943797756e-05
TPI1	S+	1.97907610690893	0.0104935852018743
TPP2	O+	2.42831731879874	0.00372977540854618
TPSAB1	S+	1.99034245282184	0.0102248641641545
HSP90B1	O+	2.52957032700234	0.0029541304758544
TRPC2	S+	2.11328136675659	0.00770404184893884
TRPM2	S+	2.9995832963773	0.00100095995601295
TSC2	S+	2.2868156577939	0.00516635615759202
TST	S+	4.03558128979624	9.21337419721415e-05
TTC3	O+	3.57970536379731	0.000263205303670985
TUBA4A	S+	4.50806591187849	3.10408845198517e-05
TUFM	S+	1.99290388692618	0.0101647362226455
TXK	O+	2.84065434640908	0.00144326358340315
TYK2	S+	4.58290438513459	2.61273651471705e-05
TYROBP	S+	4.96648662445272	1.08022288943683e-05
UBE2G2	O+	2.08593816935045	0.00820468346365865
UBE2L3	S+	2.25512477152378	0.00555744570556679
UBE2N	O+	2.79297563343457	0.00161073600474287
SUMO1	O+	2.22399798093766	0.00597038062244859
UBP1	O+	3.24193800519315	0.000572877802492104
UGP2	O+	2.69893842283746	0.00200014544346379
USP4	S+	2.15507981234968	0.00699713394547994
NR1H2	S+	2.79095569736482	0.00161824510735736
UPK3A	S+	3.29604717056979	0.000505769725219913
UQCRB	O+	3.21719918221782	0.000606458123477633
UQCRH	O+	2.32769291877476	0.00470226479130232
USF1	S+	3.90763087361587	0.000123699836722866
USF2	S+	2.91648390640341	0.00121203760226939
VASP	S+	7.87577940978838	1.33113036432582e-08
VAV1	S+	2.95830182289325	0.00110077403553197
VCP	S+	2.09203297477467	0.00809034469104457
VDR	S+	2.00745872178444	0.00982972296738607
BEST1	S+	3.5775834925959	0.000264494415848466
VWF	S+	3.65642095303717	0.000220586559465535
WIPF1	S+	2.75605148072112	0.00175367261137693
CLIP2	S+	2.90985340452439	0.0012306841163562
LAT2	S+	3.77570651209676	0.000167607515292447
XBP1	N+	1.99055376413774	0.0102198903410086
XPO1	O+	2.19721141292003	0.00635021730409311
XRCC1	S+	2.69921407467083	0.0019988763303475
ZFP36	S+	3.1521745154288	0.000704409954369473
ZNF23	O+	3.09111866449592	0.000810739505097988
ZBTB25	O+	2.92494277572469	0.00118865883928084
ZNF75A	O+	2.89925480657493	0.0012610874200753
ZNF84	O+	4.12540102617525	7.49202078954155e-05
ZNF132	N+	2.3144121766801	0.00484828144982909
ZNF146	O+	3.78553332627989	0.00016385763176924
TRIM25	S+	2.4932370418172	0.00321190697254051
ZNF202	O+	2.53407754697542	0.00292363029216568
ZNF204P	O+	3.00474407440858	0.000989135811234427
ZNF213	S+	2.25026591116698	0.0056199711849333
ZNF224	O+	2.69208843368514	0.00203194321216606
ZNF226	O+	4.2289554254326	5.90261659592157e-05
ZYX	S+	6.03727914636938	9.17742520272085e-07
LAPTM5	S+	4.30524755983374	4.9516785100851e-05
TUBA1A	S+	5.45400810415185	3.51553880296172e-06
MAPKAPK3	S+	4.54746498279747	2.83488220107775e-05
RAB7A	S+	2.19973585067698	0.00631341226058784
PRRC2A	S+	2.98559280231775	0.00103373018450412
ABHD16A	S+	2.33930451402594	0.00457820764210518
LST1	S+	3.60844519954305	0.000246351267134182
TFEB	S+	5.77590124285398	1.67532379587149e-06
NUP214	S+	3.7553962202902	0.000175632053724594
CCDC6	O+	2.68505952015811	0.00206509711438353
MLF2	S+	5.8185467924031	1.51863431025644e-06
ELL	S+	3.64798655707651	0.000224912422296926
MKKS	O+	3.62904455134988	0.000234939180018318
NRIP1	O+	3.83504422807096	0.00014620282755282
DGCR6	S+	2.14329612894194	0.00718958580232673
DYSF	S+	5.67887240220308	2.09472780650298e-06
AXIN1	S+	2.15498719238623	0.00699862635081344
BAP1	S+	2.19077537877865	0.00644502522137659
H2AC18	S+	3.25917494301015	0.000550585864088564
SLC25A11	S+	3.39022413543401	0.000407170086789665
TAGLN2	S+	4.91660963027342	1.21168678039645e-05
ULK1	S+	4.7864992749366	1.634935880686e-05
CMAHP	O+	2.43486396496385	0.0036739736317785
DYRK2	O+	3.60671400768549	0.000247335236490416
TPST2	S+	2.27284392891529	0.00533526592866779
SMARCA5	O+	2.86814208730461	0.00135474611011411
HAT1	O+	2.69409665756247	0.0020225689810532
GAS7	S+	3.4862983324619	0.000326363564310241
API5	O+	4.22631254342498	5.93864625466805e-05
AGPS	O+	2.73265602181824	0.00185073389210814
CGGBP1	O+	2.1824170540585	0.00657026590060304
FAM193A	S+	2.70513835827154	0.00197179445842338
PSMG1	O+	2.28090587782826	0.00523713925826358
EIF4EBP3	S+	2.14329327443441	0.00718963305780685
EIF3J	O+	2.21843859080348	0.00604729854040756
STX10	S+	5.20684304771807	6.21093454355871e-06
MARCO	S+	2.79017525421757	0.00162115576779537
DGAT1	S+	3.76973201818561	0.000169929187865979
CDC23	O+	2.52073497394183	0.00301484525733482
S1PR4	S+	3.32744950085506	0.000470490110466596
B4GALT4	O+	2.26443795385862	0.00543953838961523
ABCC3	S+	2.08799753704525	0.0081658700234337
EED	O+	2.16631459361335	0.00681844601594571
TNFSF13	S+	5.06890968402856	8.53277543344503e-06
ADAM15	S+	3.71680948373397	0.000191951060675008
NAPA	S+	2.76246429188873	0.00172796804986731
SIGLEC5	S+	2.70519575372309	0.0019715338874052
TNFRSF10C	S+	6.35486579573404	4.41706921099661e-07
SUCLA2	O+	2.22860252918497	0.00590741485577512
INPP4B	O+	4.09636808544115	8.00998890564997e-05
NRP1	S+	2.12585034883184	0.00748427352584395
TMEM11	S+	3.41303633224242	0.000386334655686665
SOCS2	O+	3.06135929611267	0.000868241827038249
HDAC3	S+	3.13576323063119	0.000731537795748167
HCAR3	S+	2.13179532486156	0.00738252073013015
ARHGEF7	N+	2.32214109207932	0.00476276230704746
SQSTM1	S+	4.72462256989933	1.88528681438312e-05
FUBP1	O+	2.41944128833615	0.00380678817559872
CDC16	O+	3.90348082391046	0.00012488755869474
MTMR3	S+	2.02598208073488	0.0094192846028534
PRP4K	O+	2.74056125043061	0.0018173507291808
AP1M1	S+	2.32318037436335	0.00475137847228437
RAB29	O+	2.59555029699606	0.00253775506362926
AP3D1	S+	2.06898951210441	0.00853120716013092
PLOD3	S+	2.37264296414393	0.00423991388436833
PGLYRP1	S+	2.80643824375786	0.00156157107603191
MPZL1	S+	2.30433349280577	0.00496211136783716
SOCS3	S+	2.99194235055187	0.00101872660766068
UBE2M	S+	4.33466970062203	4.62732815542283e-05
PSTPIP1	S+	4.4288100834181	3.72554588420498e-05
SLC7A7	S+	2.07699423047943	0.00837540408619891
SLC7A6	O+	3.60187062190661	0.000250109033571397
CLDN9	S+	3.9564045433568	0.000110559344885032
SART1	S+	2.58805286236183	0.00258194589682957
UNC119	S+	5.78641952266652	1.63523614197471e-06
USP14	O+	2.33629526169305	0.00461004047397938
ATP6V0D1	S+	5.97600691636801	1.05680067897308e-06
SLC16A5	S+	5.01621505978567	9.63351859952113e-06
SLC16A3	S+	4.94798774266186	1.1272292701541e-05
PDLIM1	S+	3.30729648313962	0.000492837240113035
SMC3	O+	2.52832215166404	0.00296263294757797
RABEP1	O+	3.29368056934321	0.000508533339584404
SYNGR2	S+	2.5558854384972	0.00278044661839486
HGS	S+	2.93192718968531	0.00116969547630429
DYRK1B	S+	3.23929889287331	0.000576369654120845
CTDP1	S+	4.48371368205909	3.283116682809e-05
EBAG9	O+	2.91845840508951	0.00120653963998778
LPAR2	S+	3.77626597565598	0.000167391740216188
ARHGEF2	S+	2.55022877983343	0.00281689864030156
BUB3	O+	3.77897755559428	0.000166349861801356
DEDD	S+	2.23684137456369	0.00579640370581268
SLC16A7	O+	2.36564160814654	0.00430882039627989
NOLC1	O+	2.34020970000533	0.00456867536895366
RAB11B	S+	3.29962880505102	0.000501615785460597
NOG	O+	2.34820177049692	0.00448536954057579
PDLIM7	S+	6.87518835115138	1.33294321657487e-07
MAPKAPK2	S+	4.90359829478484	1.24853782841257e-05
CYTH2	S+	3.5371614979253	0.000290294295747667
SRSF11	O+	2.56663629971615	0.00271246223480827
ATP6V1F	S+	2.09517130255823	0.00803209242871781
PTER	O+	2.56574953372068	0.00271800634531844
TRIP11	O+	2.64331150141545	0.00227346618284906
HMGN3	O+	4.47692728602678	3.33482243058173e-05
GTF3C4	O+	2.87592684097131	0.00133067855840748
RPL23	O+	5.39243054472626	4.05106727329273e-06
PPIG	O+	2.52620703838506	0.00297709683905769
NHERF1	S+	2.95328811619445	0.00111355554232097
OTOF	O+	2.43577562916501	0.00366626937280605
TJP2	S+	2.96490119837086	0.00108417353453384
KCNK6	S+	3.57628801318138	0.000265284567792875
HOMER3	S+	3.77026348286261	0.000169721365459052
THEMIS2	S+	4.26220258340615	5.46760858305702e-05
ATG5	O+	2.09157536413423	0.00809887387838302
PGS1	S+	2.19996017497605	0.00631015206241185
FXR2	S+	2.51385542115993	0.00306298294656947
LITAF	S+	3.23297845128517	0.000584819100832281
TP53I11	S+	4.36236727643681	4.34142920618192e-05
RAB3D	S+	3.1147001544193	0.000767891473988863
ATP6V1G1	O+	2.1363179814995	0.00730603954392817
CHD1L	O+	2.9036650907748	0.00124834581375277
MINPP1	O+	2.67949458548528	0.00209172898532225
GTPBP1	S+	3.7200157713993	0.00019053915224348
CLOCK	O+	2.34316323552967	0.00453771028536779
KIF20B	O+	2.65971112250469	0.00218921733053051
PITPNM1	S+	2.34609763852711	0.00450715362863747
VPS9D1	S+	2.22419246924853	0.00596770753004499
RIN1	S+	4.04128155944716	9.09323553768088e-05
RNF7	O+	2.15761646867991	0.00695638374047588
AATK	S+	4.19828156725797	6.33458886067497e-05
ISG15	S+	2.00214305280212	0.00995077593511295
ZNF592	S+	5.17456766127852	6.69009583008713e-06
PPM1F	S+	2.96177600432861	0.00109200341283827
SKIC3	O+	3.17226479052736	0.000672566465645645
DZIP3	O+	3.07642911405381	0.000838630949569051
EIF5B	O+	3.45012926501662	0.000354707796978696
SLC25A44	S+	4.93702275731442	1.15605166274295e-05
KIAA0040	S+	2.8614837930811	0.00137567614653831
FAM53B	S+	2.02707847422118	0.00939553523943223
N4BP1	S+	4.85475588735831	1.39715346655856e-05
PPP6R2	S+	2.28387513266403	0.00520145526064144
CEP57	O+	2.69616097993106	0.00201297796103777
DHX34	S+	5.24710133534261	5.66107181998151e-06
ZNF646	S+	2.22317376304847	0.00598172215956235
TBKBP1	S+	2.85927695465607	0.00138268434382799
KMT2B	S+	3.44707497907429	0.000357211161857371
KIAA0513	S+	5.6714076786362	2.13104353193324e-06
ATG13	S+	4.60353026114796	2.49155075676857e-05
MATR3	O+	3.56790911857025	0.000270452425966168
IST1	S+	3.19917088570211	0.000632163059625747
TOMM20	O+	5.31716951113666	4.81759723447309e-06
IP6K1	S+	5.55622557727139	2.77826982939482e-06
RNF40	S+	4.87364149743459	1.33769930849056e-05
CTIF	S+	2.77113088238803	0.00169382725846593
SPATA2	S+	3.37780146842527	0.000418985054432947
ARHGEF11	S+	3.18663500730956	0.000650676306374754
PLEKHM1	S+	5.20965778359518	6.17081059343359e-06
ELMO1	S+	2.81054045997747	0.00154689038499588
GAB2	S+	4.56734292377409	2.70805247896544e-05
C2CD5	O+	3.22587172356657	0.000594467719073458
RUSC2	S+	2.15337325375709	0.00702468324995565
LRIG2	O+	2.89917891740224	0.00126130780335692
TOMM70	O+	3.79790680104534	0.000159255044935863
SETDB1	S+	2.39874785182689	0.00399256640543724
TRANK1	S+	2.11363838995101	0.00769771114135255
TBC1D4	O+	2.37414297162873	0.0042252949282392
OSBPL2	S+	3.66879195367815	0.000214391738669349
TECPR2	S+	4.92529271360664	1.18770144921974e-05
KLHL21	S+	4.53540114784457	2.91473349779314e-05
SUPT7L	O+	2.09066855509976	0.00811580203413796
PUM3	O+	2.57287060019924	0.00267380296041651
ARHGAP25	S+	2.71059440667675	0.00194717772759441
EXOG	O+	2.54735993272072	0.00283556800443376
WDR1	S+	6.30489501065638	4.95569978829915e-07
MVP	S+	3.58103630082502	0.000262399920530625
NR1D2	O+	2.69157376842808	0.00203435261526646
RBX1	O+	2.01456192892619	0.00967025822201996
HNRNPDL	O+	3.72228306305874	0.000189547009511941
DMTF1	O+	1.99841606955182	0.0100365379352668
DGCR2	S+	5.53914464640269	2.88971727095612e-06
SCO2	S+	2.79372936393677	0.00160794295072346
ACOT8	S+	2.23821185644228	0.00577814110817685
SRA1	S+	2.81880831522945	0.00151772009651975
HDAC5	S+	4.88296304330238	1.30929333380734e-05
BCL2L11	S+	2.12460766258049	0.00750571962574145
FRAT1	S+	2.59009865992652	0.0025698119248871
MED16	S+	2.73652457718714	0.00183432135798171
PIGK	O+	2.56803752854992	0.00270372471791621
TOM1	S+	5.84050578258556	1.44375738068438e-06
SH2D3C	S+	3.71665252232376	0.000192020447590191
AP1M2	S+	2.35271299773482	0.00443901898321415
SCAMP2	S+	3.93845099159688	0.000115225608000041
KCNK7	S+	3.74137784910086	0.000181393679714253
ARPC4	S+	3.86987997139598	0.000134933575518174
ARPC1B	S+	3.66997550995842	0.000213808265344893
PPIF	S+	5.48311387987958	3.28765411326502e-06
CTDSP2	S+	2.76413183695951	0.00172134595387307
RAD50	O+	3.71213861886314	0.000194026648114003
FEM1B	O+	2.27382136277138	0.00532327175004002
ACTR1A	S+	3.4404282406088	0.000362720214318071
RASGRP1	O+	2.58504180721264	0.0025999092717243
LRPPRC	O+	3.37468294050698	0.000422004478091774
RBM12	O+	3.59355665135527	0.000254943150662124
YAF2	O+	2.42715249658412	0.00373979247501967
CEBPZ	O+	2.85057888314103	0.00141065598848249
LPAR6	O+	3.81868526794272	0.000151815016829364
LPCAT3	S+	5.62895640886414	2.34986867073397e-06
ZNF256	O+	2.26424917856809	0.00544190331407576
PSME3	S+	2.33123423948586	0.00466407752479643
MPHOSPH9	O+	2.2652202573545	0.00542974885801095
MPHOSPH10	O+	3.95023934078724	0.000112140027744946
USPL1	O+	2.15843493105466	0.0069432862294565
FLOT1	S+	5.67882597818535	2.09495173492623e-06
PSMD14	O+	3.23970609541375	0.000575829492542936
CTDSPL	S+	3.2436421481789	0.000570634272281429
GDF11	N+	2.53074836551314	0.00294612815494249
PLIN3	S+	6.08655053904154	8.19312273899647e-07
MFSD10	S+	2.34036602962815	0.00456703111419936
HNRNPR	O+	2.74923815898023	0.00178140161218241
MRPS31	O+	2.04897287120783	0.00893361287011382
SF3B4	S+	3.26344675383843	0.000545196734792654
CDK2AP2	S+	2.43770453166735	0.0036500218841752
BET1	O+	2.00732919635027	0.00983265505395081
RGS19	S+	3.04839348922175	0.000894553894491233
LILRB2	S+	3.71211722192285	0.000194036207707895
BCKDK	S+	6.54693983851829	2.83831218388553e-07
KATNB1	S+	2.54359851901255	0.00286023344761865
SNAPC5	O+	1.99935758123983	0.0100148031845188
APBB3	S+	2.10265505365014	0.00789486933118201
TCIRG1	S+	3.71744083112799	0.000191672218178928
LANCL1	O+	2.95086624850376	0.00111978269454907
TNIP1	S+	2.24442560702268	0.00569605787055997
SIRPB1	S+	5.75316932245146	1.76534941321056e-06
IRAG1	S+	2.56077572933827	0.00274931353837048
TRIM22	O+	2.32567279053865	0.00472418840618735
HMGB1P5	O+	2.05281009396534	0.00885502733219552
HMG20B	S+	2.51774369166515	0.00303568222952708
MICU1	S+	3.77554947195966	0.000167668132840412
TUBA1B	S+	3.84836543981327	0.000141786394908507
IRF9	S+	2.75921039100856	0.00174096327125122
TUBB4B	S+	4.02625337164795	9.41340249183858e-05
BTN3A3	O+	2.60159046874766	0.00250270425077613
NDRG1	S+	2.99837091840487	0.00100375814317311
MYL9	S+	2.66240371930608	0.00217568631822762
BASP1	S+	3.04033448936626	0.000911308687948931
CD2BP2	S+	3.3969063407183	0.00040095317725118
UBAC1	S+	3.60133640834034	0.000250416875033901
CDIPT	S+	4.81109497408249	1.54491655111749e-05
ARIH2	O+	1.98152147235664	0.0104346654045534
CDC42EP2	S+	4.93421137630034	1.16355957325939e-05
EMG1	O+	2.68519042741042	0.00206447473610955
IFI30	S+	4.47016017979808	3.38719204101451e-05
ZER1	S+	2.49851966127513	0.00317307500989725
TACC3	S+	5.05038217224648	8.90466996442013e-06
TADA3	S+	2.02949441284921	0.00934341388379285
EIF3M	O+	2.32714348206639	0.00470821750765538
NXF1	S+	2.41338705980402	0.00386022785471192
CRTAP	S+	2.36674435889253	0.00429789341542646
SEMA4D	S+	2.32881977354955	0.00469007973855229
SEMA4B	S+	4.8440994559877	1.43185995738268e-05
KAT5	S+	2.28605051553235	0.00517546629334279
ATG7	S+	5.50073005100362	3.15696632244993e-06
TM9SF1	S+	3.1521280957757	0.000704485249393107
ARPC1A	S+	2.949401745334	0.00112356513599413
AGPAT1	S+	3.50340088403913	0.00031376111232685
AGPAT2	S+	3.74526410193196	0.000179777732338551
RPP30	O+	2.4506093379382	0.00354315916509189
SLC35A1	O+	2.11167163945344	0.0077326501287279
IFI44	O+	2.60471955453523	0.0024847371052078
MRPL28	S+	3.35370230356396	0.000442891858026654
IFITM2	S+	6.12062109883698	7.57493483646418e-07
SMC2	O+	1.99121092445666	0.0102044376287586
USP16	O+	3.49550431113574	0.000319518264684942
SH2B2	S+	4.08625675363427	8.1986669821727e-05
ST6GALNAC2	S+	2.30241382587741	0.00498409342161089
RBCK1	S+	3.78604178483582	0.00016366590457463
ARID3B	S+	4.21321971451108	6.12040675057764e-05
ATP5MG	O+	2.22630850316305	0.0059387015024296
GAS2L1	S+	4.9343425624171	1.16320815315963e-05
RGS14	S+	5.23808166394661	5.77987353493199e-06
CAMKK2	S+	4.46496191038663	3.42797850168157e-05
SPINT2	S+	2.39222476526238	0.00405298722395747
TNFSF13B	S+	2.23343170924081	0.00584209063990852
CCT8	O+	2.45656314048574	0.00349491694586018
CNPY3	S+	5.19545898321965	6.37589295074571e-06
KIF1C	S+	2.22213751178331	0.00599601192921372
HBS1L	O+	2.20957023271226	0.00617205471326102
ZMYND11	O+	2.75941378047765	0.00174014813150549
ZNF271P	O+	2.73145765123976	0.00185584776734044
ZNF234	O+	2.04468555629516	0.00902224141580466
MTHFD2	O+	3.72108700736192	0.000190069745252421
STARD10	S+	2.81561227451296	0.00152893043375014
ARID5A	S+	3.05395248126955	0.00088317652870486
TSPAN9	S+	2.67803217104425	0.00209878440712144
USP19	S+	3.5870948058775	0.000258764797356176
CD300C	S+	2.50666788453902	0.00311409685171369
MRPS30	N+	2.25074300777311	0.00561380072440905
WDR3	O+	2.20199309108571	0.00628068350273181
MALT1	O+	3.29667894232243	0.000505034512732789
TRAFD1	S+	3.30292951900506	0.000497817868532962
PNPLA6	S+	2.09483039665567	0.0080383998141551
SUGT1	O+	3.62459260013899	0.000237359927065249
TCERG1	O+	3.51764987372523	0.000303633807994437
SUB1	O+	2.85334506624705	0.00140169954947503
EHD1	S+	3.20590346226271	0.000622438629406591
C11orf58	O+	2.67619796970175	0.00210766716752754
KDELR1	S+	2.53544460525034	0.00291444185140018
SF3A3	O+	1.98872614442457	0.0102629888145576
STARD3	S+	2.27220509347787	0.00534311973550958
PDIA5	S+	2.06700805235155	0.00857021954846473
OS9	S+	6.15531268547895	6.99338301664846e-07
LMAN2	S+	3.39932350383759	0.00039872778133776
CKAP4	S+	3.13583439993495	0.000731417926000504
YWHAQ	O+	2.06814056781558	0.00854789998776128
TMED10	O+	2.3247336219948	0.00473441559102525
COPS5	O+	2.34697835246979	0.00449802274855021
METAP2	O+	3.57554926199946	0.000265736210801902
SLC27A3	S+	2.52978420356396	0.00295267601639214
LILRB4	S+	2.99779178643217	0.00100509754815689
RAB35	S+	3.80388772933937	0.000157076881561717
LILRA1	S+	4.87534187586203	1.33247209947812e-05
LILRB3	S+	5.6371370297466	2.30601947254149e-06
LILRA2	S+	7.68843857731632	2.04909183448148e-08
ADAP1	S+	3.04940378210831	0.000892475325490184
ADRM1	S+	2.77597180796453	0.00167505160773638
NUDT21	O+	2.98847446013896	0.00102689381915949
OGFR	S+	3.29031464807107	0.000512489948458265
WWP2	S+	5.32307925296029	4.75248491507372e-06
CNTRL	O+	3.5789726144587	0.000263649763163647
TMEM115	S+	3.54662358393539	0.00028403798043155
TRIOBP	S+	3.95925712535752	0.000109835536228899
HNRNPUL1	S+	2.55812729594386	0.00276613074670462
KRR1	O+	3.89153733615481	0.000128369740668166
CLASRP	S+	2.0272311005392	0.0093922338988473
CDC42EP1	S+	2.96412907437606	0.00108610278075596
CORO1A	S+	4.69288354314671	2.02822651922866e-05
PTP4A3	S+	2.34373219881346	0.00453176938534175
PSIP1	O+	2.69898092661155	0.00199994970169484
BAZ2A	S+	2.02269448810069	0.00949085879254697
RPL35	O+	2.58729985073007	0.00258642654735003
RNF24	S+	3.83360196503336	0.000146689164501043
PMF1	S+	3.00487103636282	0.000988846688838995
PACSIN2	S+	3.33531445994842	0.000462046345986974
DUSP12	O+	2.72832076581718	0.00186930098225991
NRM	S+	2.79227277495769	0.00161334491667429
TREX1	S+	2.40029928893068	0.00397832914193641
KLF12	O+	3.52609708343985	0.000297785067769913
MGAT4B	S+	2.18265715988367	0.0065666344404445
PNKP	S+	2.59387837564052	0.00254754359339152
VPS45	O+	2.406374083431	0.00392306872795012
LYPLA2	S+	3.86370046361102	0.000136867248452878
CD300A	S+	2.12791110989021	0.00744884419043752
COPE	S+	3.88550657889145	0.000130164759747676
MGAT4A	O+	3.70084803965712	0.000199137000068831
CBX3	O+	2.32444564730028	0.00473755595790426
EXOC3	S+	2.78830702987464	0.00162814458864767
GABARAP	S+	4.19671867365092	6.35742618488037e-05
EXOSC8	O+	3.82136858183199	0.000150879910636365
MGLL	S+	2.40176405321526	0.00396493385671077
TWF2	S+	4.26246304172916	5.46433049117254e-05
CASC3	S+	2.26439098567275	0.00544012669795538
COPG1	S+	2.5686273429863	0.00270005528726369
MTF2	O+	2.96852500379357	0.00107516469776405
DLGAP4	S+	2.27803899683183	0.00527182521721221
ZNF507	O+	2.10936723115669	0.00777378936197485
AAK1	O+	2.63800598722389	0.00230141008973749
NLRP1	S+	1.9863031855523	0.010320406757497
FASTKD2	O+	2.32824365761825	0.00469630552027096
PPP6R1	S+	2.89658983961492	0.00126884963879754
MLXIP	S+	2.73696527799373	0.00183246092245092
MON1B	S+	3.51699089975955	0.000304094874528587
ABLIM3	S+	2.3668986170254	0.00429636710710003
KHDC4	O+	2.04469981243595	0.00902194525677402
ZBTB1	O+	2.46925024205836	0.0033942963564318
RPH3A	S+	2.15430044073586	0.0070097020621715
DENND3	S+	3.88913586025908	0.000129081540491139
RUFY3	O+	1.99884498366464	0.0100266306306556
SBNO2	S+	2.90262495418033	0.0012513391888835
RALY	S+	2.2299332944474	0.00588934105867299
NCBP2	O+	3.22076270940938	0.000601502297609515
MAPRE3	S+	2.2197983090646	0.0060283948608708
SIRT2	S+	2.9298484453958	0.00117530762739893
SCAP	S+	2.63956037172135	0.00229318782989752
TCF25	S+	2.48429662881357	0.00327871276246967
ACIN1	S+	2.86892286596247	0.00135231272299862
GOLGA8A	O+	2.69346760615677	0.00202550068243683
RBM34	O+	2.85687839751636	0.00139034187253323
KDM4B	S+	3.70875006029613	0.000195546451637454
MAST3	S+	2.73872161984482	0.00182506518328836
DOP1A	O+	2.63288238857036	0.00232872181419108
WDTC1	S+	5.28765985883228	5.15632331772058e-06
TNIK	O+	3.6918530422571	0.000203304484177389
ZSWIM8	S+	3.43340192977535	0.000368636276068807
CLASP2	O+	2.1616894370299	0.00689144926111863
CAMTA2	S+	4.19670542759275	6.35762009045549e-05
PLXND1	S+	2.31649900102271	0.00482504089928915
ATG2A	S+	2.27451624781548	0.00531476115562106
KDM6B	S+	4.11958998296366	7.59294085622287e-05
DCUN1D4	O+	2.14488044918264	0.00716340574392132
ZC3H3	S+	3.48732428039664	0.000325593495019278
FCHO1	S+	4.05164864370323	8.8787403630077e-05
CIC	S+	2.59750471615202	0.00252636027537435
WDR43	O+	3.4171420060992	0.000382699587313698
GGA3	S+	2.56525991395052	0.00272107232966736
MPRIP	O+	2.34413822665651	0.00452753455215529
STAB1	S+	2.94470340508979	0.00113578621905009
CEP68	O+	2.07435991007755	0.0084263615587911
ATG4B	S+	2.69529293522602	0.00201700541788404
MDN1	O+	3.28196344106164	0.000522440166196011
ARL6IP1	O+	2.34622077683164	0.00450587586756795
ACSBG1	S+	2.79637131014366	0.00159819103382092
PLEKHM2	S+	3.56378408407446	0.000273033487179892
JMJD6	S+	2.25805688302391	0.00552005134015618
XPO6	S+	5.30129993544118	4.99689316910491e-06
NBEAL2	S+	3.07450672751348	0.000842351342748762
RRP12	S+	3.26609720428615	0.000541879592719311
VPS13A	O+	2.70241781944059	0.00198418508415618
ANKRD12	O+	2.44290618367822	0.00360656543656939
KAZN	S+	2.30752678555195	0.00492575962291422
DDHD2	O+	2.57768792884095	0.00264430819639505
TSPYL4	O+	3.68362210832944	0.000207194342008066
TASOR	O+	2.28520645969134	0.00518553464669953
IQCE	S+	2.10055355716093	0.00793316419026955
MGRN1	S+	4.00187269213165	9.95697250479795e-05
NEMP1	O+	2.6510260361201	0.0022334383233362
FKBP15	S+	2.10770527693306	0.0078035950229453
SIN3B	S+	2.38014123893967	0.00416733833471048
KIAA0930	S+	2.43455156994924	0.00367661733089029
SLC9A8	S+	3.71057209599925	0.000194727776103262
VPS39	S+	3.02679422262326	0.000940168675691716
SUN1	O+	2.48155603041634	0.00329946837139092
USP24	O+	3.20748124700131	0.000620181422742157
PPP1R13B	N+	2.03875980265684	0.00914618954323946
ICE1	O+	2.48070712858175	0.00330592404627267
SRGAP2	S+	2.84590309060837	0.00142592574219853
SMG5	S+	2.15134876878003	0.00705750559668895
MAU2	S+	3.34504746900257	0.000451806558578622
NCSTN	S+	8.21754866016124	6.0597030128874e-09
ECPAS	O+	2.90703260798907	0.00123870357786736
PIP5K1C	S+	3.14029320598094	0.000723947035441422
PPWD1	O+	2.62357304349399	0.00237917811604797
CTDNEP1	S+	2.67803423629888	0.00209877442653433
FRAT2	S+	3.75585931685793	0.000175444873698747
EXOSC2	O+	2.32173556728666	0.00476721163876675
COTL1	S+	7.08050025117921	8.30806238195425e-08
SIRT5	O+	3.59686768024299	0.000253006873404368
CBX7	S+	2.17328454251827	0.00670989087992559
HAAO	S+	3.38480995565102	0.000412277889666033
KCTD2	S+	3.35516793256247	0.000441399734335391
MTREX	O+	3.19398810158608	0.00063975236260873
CABIN1	S+	3.41321397999179	0.000386176658175675
SRRM2	S+	2.12163875091369	0.00755720579783122
PIK3R5	S+	2.32693160495941	0.00471051504290825
ATP6V0A2	O+	3.17383125976892	0.000670144936109287
PSD4	S+	2.74915993807283	0.0017817224898487
WBP2	S+	6.20106683989239	6.2940930645285e-07
DDAH2	S+	2.88715281877085	0.00129672290214411
PADI4	S+	2.70521529635188	0.00197144517320401
KLHDC2	O+	2.81432433204916	0.0015334713553818
CARHSP1	S+	2.56617909300596	0.00271531930301284
DAPK2	S+	3.28621636308856	0.000517349027337636
CD2AP	O+	2.44457446001181	0.0035927379379828
SH3BP1	S+	2.43257252526829	0.00369340960892022
SNHG1	O+	3.16052905236242	0.000690988703798668
PPP1R15A	S+	8.3767099889401	4.20039382217769e-09
PLD3	S+	3.01216224690387	0.000972383885639353
PISD	S+	3.42296858448887	0.000377599504310427
IL17RA	S+	4.31673719273373	4.82239529892682e-05
TFIP11	S+	3.00399150390581	0.00099085132870772
TBC1D22A	S+	4.04699094290075	8.97447510341615e-05
PGLS	S+	3.26376695413162	0.000544794915698932
BRI3	S+	4.76949852760141	1.70020571787921e-05
TNFAIP8	O+	3.57127207675238	0.000268366265826601
TMEM184B	S+	3.92542883872711	0.00011873292348021
YIPF3	S+	5.25074350641286	5.61379427886871e-06
ZNF345	O+	3.00821833458094	0.000981254509040754
BRMS1	S+	3.30141377276584	0.000499558355447958
PRKD2	S+	2.37158469693055	0.00425025809384951
NEPRO	O+	3.49510100924375	0.000319815118957157
POT1	O+	2.37556562639788	0.00421147642171391
THUMPD3	O+	2.45215115255182	0.00353060268740581
ZDHHC5	S+	2.55688538242841	0.00277405212676667
ATL3	O+	2.54231556527358	0.00286869538488369
ZNF385A	S+	4.19624354001706	6.36438524162783e-05
PNKD	S+	3.94976923225161	0.000112261481112208
DHRS7B	S+	2.93451135768869	0.00116275614215516
NGDN	O+	2.23235733922183	0.00585656086063268
TBC1D10B	S+	5.78327945685502	1.64710218436027e-06
RNF167	S+	4.55233636631186	2.80326163700731e-05
LRP10	S+	5.70114478049472	1.99000981999746e-06
PLEKHG3	S+	3.11800690536816	0.000762066892914757
SIPA1L1	S+	2.5585613385194	0.00276336760141416
SS18L1	O+	3.37181020076179	0.000424805175521661
POLDIP2	S+	3.04802891943425	0.000895305145680022
GGA1	S+	2.45318910432034	0.00352217472020414
CCDC9	S+	2.80298093611327	0.00157405195788299
EDRF1	O+	3.31782342726992	0.000481034884847386
SZRD1	S+	2.55073392099679	0.00281362412425598
WIPI2	S+	3.66231618164839	0.000217612490008318
CCDC69	S+	2.81291648992828	0.00153845043903034
FGFR1OP2	O+	2.8791388420654	0.00132087328920796
TRPC4AP	S+	4.52029087331917	3.017929753013e-05
SERBP1	O+	2.20042452964644	0.00630340875163967
ZNF337	O+	3.21922372351426	0.0006036375899342
GIMAP2	O+	6.93014798841072	1.17449726985948e-07
MTG2	S+	5.41750634718918	3.82378665174805e-06
INTS1	S+	2.02391895097439	0.00946413766779273
KLHL3	O+	2.53927745369557	0.0028888337302467
BLOC1S6	O+	2.15473461157807	0.0070026978573965
FBXO3	O+	2.72966002932766	0.00186354537039184
HIBCH	O+	2.73398910849344	0.00184506169020146
TINF2	S+	2.18653909583354	0.00650820020419518
GBGT1	S+	2.84022213773465	0.00144470063030749
GNL3	O+	3.45513859012856	0.000350639961427929
PTPN18	S+	3.84753322674648	0.000142058352353478
NARF	S+	2.80274368749606	0.00157491207397325
RANBP6	O+	2.33178403322432	0.00465817678626806
CHORDC1	O+	3.68330278591978	0.000207346741194726
AKAP8L	S+	2.06864461388806	0.00853798497317843
DNAJC2	O+	3.5467120570534	0.00028398012299309
USP21	S+	2.02463076512428	0.00944863853153889
SIGLEC7	S+	3.50892250719587	0.000309797203274847
UTP25	O+	2.97849522321063	0.00105076301210653
LAMP3	S+	2.12224232446677	0.00754671024333656
CYTH4	S+	6.1762624168651	6.6640398148588e-07
SNX5	O+	2.57848047894537	0.00263948696170688
CIDEB	S+	4.59374063119966	2.54835172160196e-05
SLC39A1	S+	3.29297938811741	0.000509355044786506
SIGLEC9	S+	5.01055918137622	9.75979776452961e-06
C5AR2	S+	3.25481110570009	0.000556146097748146
GPR162	S+	3.03634460407988	0.000919719502912839
CHMP2A	S+	5.23171053603389	5.86528964857767e-06
SESN1	O+	3.30547267820526	0.000494911245182158
ERLEC1	O+	2.27855006416221	0.00526562510851877
PDCD4	O+	2.89493494868933	0.00127369384846293
LSM1	O+	2.15182244683365	0.00704981228432638
LSM3	O+	2.69072167678163	0.00203834796078743
SMPDL3B	S+	4.19606829935918	6.36695383079663e-05
TNRC6A	O+	2.1581432815839	0.00694795054349871
MAT2B	O+	2.00828318154088	0.00981108003330571
TOR2A	S+	3.95230990412213	0.000111606656010508
EML4	O+	2.325386324524	0.00472730556726784
SLCO3A1	S+	3.73188061178849	0.000185404123211113
IGHV1-46	N+	2.85166726743861	0.00140712517322569
NKIRAS2	S+	3.90695582643658	0.000123892259513728
TRBV18	N+	2.05422858978998	0.00882615215874667
TRAV26-1	N+	2.72925148354022	0.00186529925366035
IGLV4-69	N+	2.78342213230653	0.00164656116332434
IGLV4-60	N+	2.78399922648159	0.0016443746519948
IGKV2-30	N+	2.45350106579322	0.00351964558774672
TRIB2	O+	2.98454691945408	0.0010362226489966
MRPL42	O+	3.12455144611734	0.000750669125291717
DBNL	S+	5.10719098174691	7.81284157979275e-06
MRPL13	O+	2.90108045971793	0.00125579728642189
SLC43A3	S+	2.01412992182927	0.00967988233389057
THYN1	O+	2.78795432335985	0.00162946740180374
MRPL15	O+	2.40208848707294	0.00396197301221183
DROSHA	O+	2.22038735925783	0.00602022386124491
PYCARD	S+	3.74007824058035	0.000181937305884929
SAP30BP	S+	3.62144799916296	0.000239084818964766
CLEC2D	O+	3.06403507527818	0.000862908853143633
PARVB	S+	4.9022547856827	1.25240621558698e-05
CYP2S1	S+	2.38356343666391	0.0041346291610442
OLA1	O+	2.96044390299425	0.00109535803157718
ICOS	O+	3.755462560548	0.000175605227259263
UBN1	S+	4.42373164536856	3.7693663972235e-05
CNOT7	O+	2.8783163648777	0.00132337716056036
STRN4	S+	5.27389058485914	5.32242334271605e-06
GNL2	O+	2.03738656738112	0.00917515548383479
SNX11	S+	2.82696720197584	0.00148947355886645
EPN1	S+	3.15607500060876	0.000698111833045392
ANAPC4	O+	2.66105226839179	0.00218246723082387
OSGIN1	S+	3.2078158239557	0.000619703823985549
CERS2	S+	1.98758276772726	0.0102900440112015
NRBP1	S+	3.69849110544705	0.000200220662729194
SLC39A3	S+	2.10806829168272	0.00779707493898498
PILRA	S+	5.1460893843165	7.14349287149862e-06
NOP53	N+	2.0734487857986	0.00844405812641277
DNTTIP2	O+	2.97267660758567	0.00106493571524073
TAX1BP3	S+	5.1721652861718	6.7272057987632e-06
CHST11	S+	2.82686319417643	0.00148983031085238
DEF6	S+	2.63259245870554	0.00233027696040064
ZFTRAF1	S+	3.44131553840177	0.000361979904897317
ARHGEF3	O+	4.0680728511351	8.54923290946709e-05
AK3	O+	2.33489905050746	0.00462488511954091
COPS7A	S+	2.80682072435886	0.00156019641496815
F11R	S+	2.21412023224768	0.00610772912082264
MTERF3	O+	2.84121734976259	0.00144139380192781
RRP15	O+	2.95953142362375	0.001097661865453
HDDC2	O+	2.45076138470207	0.00354191892001804
VPS36	O+	2.43743834233047	0.00365225975447665
TVP23B	O+	3.01867327578982	0.000957914449189724
ZBTB7B	S+	4.24960403965816	5.62854263781271e-05
PLEKHA8P1	N+	2.32483870539605	0.00473327017396527
MEMO1	O+	2.50177786659227	0.00314935873960343
SEPSECS	O+	2.281811697357	0.00522622740142934
UTP18	O+	2.24019779451659	0.00575177919388167
RMDN1	O+	2.27569647338773	0.00530033752864574
SBDS	O+	3.48690820367137	0.00032590558001254
PHF11	O+	2.47259258389691	0.00336827402446448
JPT1	S+	6.5235384980818	2.99544604901628e-07
EGFL7	S+	2.59947488647547	0.00251492543693767
PLEKHO1	S+	3.01802112376374	0.000959353968110659
CRBN	O+	2.4868294587759	0.00325964677534257
SS18L2	O+	2.87532715574077	0.00133251726349496
RAPGEFL1	S+	2.37315911274911	0.00423487784131945
DDX47	O+	2.94867961608701	0.00112543491376695
GP6	S+	2.9900134969906	0.00102326119090665
VRK3	S+	2.76895160925375	0.00170234817994956
COX16	O+	4.25904534494467	5.5075018924907e-05
SHISA5	S+	4.45289428580776	3.52456654163422e-05
MARCHF2	S+	2.6862120100795	0.00205962421848791
UBAP1	S+	3.7702467922661	0.000169727888234223
C1RL	S+	2.94352625266668	0.00113886893630776
SCAND1	S+	2.05867090617621	0.00873633127573037
GMIP	S+	5.45531534628352	3.50497281372588e-06
SLC15A3	S+	4.32494646946224	4.73209582526254e-05
GCNT4	O+	2.17796671729984	0.00663793939130449
FKBP11	N+	3.20988969514517	0.000616751628443158
FAM53C	S+	3.11275492262404	0.000771338621536288
PLAC8	O+	2.41101818140426	0.00388134116714425
PHF21A	S+	3.34858468873133	0.000448141652504229
AMZ2	O+	2.12391061236405	0.00751777610946641
SPG21	S+	3.35376239735131	0.000442830578850994
FZR1	S+	2.50314178479596	0.00313948357445656
KLRF1	O+	3.74917367050108	0.000178166615252356
HOOK1	O+	2.11635780438447	0.00764966110735359
CHST15	S+	2.14879093218479	0.00709919438403915
TMA7	O+	2.13223177319843	0.00737510532298897
COMMD10	O+	3.93048456480989	0.000117358739203023
WDR83OS	S+	3.28731506981843	0.000516041857937633
ANAPC7	O+	1.99162374118348	0.0101947424536316
PCYOX1	O+	2.32182766985451	0.0047662007443228
HACD3	O+	3.15122866763288	0.000705945757113312
TRIAP1	O+	2.76039692053887	0.0017362133028624
CWC15	O+	2.76200434606807	0.00172979904869807
RTF2	S+	2.39123789181724	0.00406220754231811
CHMP5	O+	2.51254200124437	0.00307226022819124
TMEM14C	O+	2.90853971243171	0.00123441243378977
VTA1	O+	2.03344614748432	0.00925878186897986
PPHLN1	O+	2.45691006455728	0.00349212624341825
SIRT7	S+	2.38147989199213	0.00415451286356951
SIRT6	S+	2.43811213510397	0.00364659779388384
IL23A	O+	2.51875043942996	0.00302865329667568
HDAC7	S+	2.82343821284853	0.00150162602715385
PIGT	S+	2.08589632094167	0.00820547410112927
RTRAF	O+	2.82128561239683	0.00150908738119436
PPIL1	O+	3.27835690670839	0.000526796757658358
MRPS23	O+	2.13954646138426	0.00725192891869527
MRPS33	O+	5.17621476592892	6.66477103565604e-06
MPC1	O+	2.17487924323349	0.00668529778258108
IFT25	O+	2.8414705779471	0.00144055359980906
LSM8	O+	2.95292175923253	0.00111449529854938
CYB5R1	S+	2.51039273064223	0.00308750215473804
CMPK1	O+	2.66210900702051	0.00217716324027745
MSRB1	S+	5.66308268102108	2.17228757919694e-06
LUC7L3	O+	2.17087246906536	0.00674726132497837
ERAP1	O+	2.21822139187777	0.00605032366575636
INPP5K	S+	3.53803568342411	0.000289710553979353
TUBA8	S+	5.66080835527663	2.1836933157001e-06
PTOV1	S+	3.35932007447914	0.00043719977071952
FXYD6	S+	3.59501966502783	0.000254085765189386
RAB4B	S+	3.44875821205996	0.000355829366916693
RAB24	S+	3.23273873539877	0.000585141990328442
TREM1	S+	3.88496071842315	0.000130328465414086
DNAJC10	O+	2.83707523958114	0.00145520695063144
YIPF1	S+	2.354608224791	0.00441968965903784
GAR1	O+	2.46183012713629	0.00345278767584901
PRR13	S+	4.62755859438737	2.35744411153235e-05
RETREG1	O+	4.3027290057378	4.98047763542471e-05
ETAA1	O+	2.73010966562305	0.00186161699215474
TOLLIP	S+	3.56615735172837	0.00027154552383997
CHPF2	S+	4.91540329838043	1.21505713948046e-05
SMOX	S+	2.73792626980925	0.00182841059913224
ADAMTSL4	S+	5.05116349032576	8.88866440751676e-06
APBB1IP	S+	4.64369363053989	2.27146667425102e-05
MRPL50	O+	2.52443478943889	0.00298927046078985
SHLD2	O+	2.31587064922331	0.00483202698266676
FAM193B	S+	2.40292888276566	0.00395431368030685
TOMM7	O+	3.55492514023725	0.000278660145644132
NECAB2	S+	3.16693715348189	0.000680867879585407
PAF1	S+	1.98960593498325	0.0102422191720999
PARP14	S+	2.13859417879441	0.00726784775438235
GTPBP2	S+	2.45035131217501	0.00354526487451837
MANSC1	S+	2.35696271336636	0.00439579354187527
RRN3	O+	1.99082812791354	0.0102134360057409
XAF1	S+	2.16932587842998	0.00677133221344873
PPP1R12C	S+	2.94359956749595	0.00113867669593201
DNAJB12	S+	3.84034150513382	0.000144430360371174
TRPM4	S+	2.04384676161902	0.00903968377647675
GATAD2A	S+	5.22621448356928	5.93998729989867e-06
NDE1	S+	2.73829572026296	0.00182685584789535
DEF8	S+	3.60177583537893	0.000250163626837211
TOR4A	S+	2.31487224172425	0.00484314819603854
DCAF16	O+	3.17548279148879	0.00066760135351724
ALKBH5	S+	2.1287645350762	0.00743422095771856
TTC19	O+	3.49561131941489	0.000319439546466862
DUSP23	S+	2.0917161682962	0.00809624853922359
ADPRS	S+	2.92645292130835	0.00118453276658015
OCIAD1	O+	3.05562463525487	0.000879782592560632
COMMD8	O+	2.47707965387063	0.00333365264694268
SSH3	S+	3.46750888901858	0.000340793349465556
HPF1	O+	6.20159178400546	6.28648981098666e-07
TTC12	O+	2.74174004769848	0.00181242461704664
BANP	S+	2.07906921507541	0.00833548328434447
ADISSP	S+	2.22942570301259	0.00589622838244875
SLC35F6	S+	2.96589060351267	0.00108170639311323
NMRK1	O+	2.20147288199417	0.00628821117436053
CLN6	S+	3.40011370017119	0.000398002958018964
ULK4	N+	1.98783559794446	0.0102840552707731
ZNF770	O+	2.10925873969625	0.00777573158124977
AURKAIP1	S+	2.20447075111844	0.00624495407405104
LAMTOR1	S+	5.9957695123147	1.00978865641239e-06
MCUB	O+	2.68452241543853	0.0020676526604686
PRPF39	O+	3.14461242382896	0.000716782801272098
HEATR3	O+	2.89126497075229	0.00128450272296852
USP47	O+	3.24092014911875	0.000574222030944918
FKBP14	O+	2.72962074478426	0.00186371394688361
NOL8	O+	3.46417882735507	0.000343416511813286
PTCD3	O+	3.94352945061711	0.00011388605502169
VPS37C	S+	4.98846697043398	1.02691152879751e-05
GABPB1-IT1	O+	2.11706086754818	0.00763728737424908
WIPI1	S+	2.85710557408413	0.0013896147840901
RNF31	S+	3.65061484921361	0.000223555392811397
TAPBPL	S+	2.23872628449245	0.00577130086904207
ARGLU1	O+	2.37817945043176	0.00418620555409511
SAMD4B	S+	4.60729228631753	2.47006119942734e-05
RALGPS2	O+	2.41552850516038	0.00384124046155465
XKR8	S+	3.36999604452119	0.000426583404031551
PRPF38B	O+	2.42392464955724	0.00376769163066951
LARP1B	O+	2.95836268858612	0.00110061977458128
RBM23	S+	2.81872542175428	0.00151800981031001
SDAD1	O+	1.99253162246482	0.0101734528709796
SHQ1	O+	2.01478535579838	0.00966528454640638
RIC8B	O+	2.97379927527624	0.00106218637117811
NADSYN1	S+	2.89099581572643	0.00128529904328518
MAP1S	S+	2.59979956559091	0.0025130459780642
SMU1	O+	2.210282901111	0.00616193480274839
UBA6	O+	2.36954616289707	0.00427025526777538
CCDC25	O+	3.34392865031548	0.000452971991979667
ELP2	O+	4.01309232622277	9.70303669446459e-05
TYW1	O+	2.54169697322312	0.0028727843536269
TRAPPC14	S+	4.86555582311585	1.36283781921772e-05
TMEM140	S+	2.75865458135266	0.00174319278071166
TBC1D19	O+	2.53813139826181	0.00289646711254315
BRIX1	O+	3.047368394578	0.000896667864452736
SYNJ2BP	O+	3.3778338573841	0.000418953808390856
STRBP	N+	2.08901160983655	0.00814682505118399
TBC1D2	S+	3.03077475030919	0.000931590925952199
PI4K2A	S+	2.13510811039019	0.00732642131360047
TMCO6	S+	2.58990331974393	0.0025709680538786
NAGK	S+	2.36246950923549	0.0043404073552464
KIF21A	O+	2.11174060217214	0.00773142233914988
ANKRD10	O+	2.04479336570461	0.00902000200950324
OTUB1	S+	2.88977877764434	0.00128890593165921
DOCK10	O+	3.31114106219388	0.000488493667065172
TTC27	O+	2.17371772287354	0.00670320153905232
ZDHHC7	S+	2.88281530471968	0.00130973880584159
PNRC2	O+	2.30659188434587	0.0049363746756883
RAB20	S+	2.72458497351701	0.00188545002859583
TMEM127	S+	6.01920725610592	9.56737383506584e-07
NPLOC4	S+	3.14692572013528	0.000712974963877314
PACS1	S+	4.64893737955895	2.24420548996257e-05
MAP7D1	S+	3.82560990642555	0.000149413587519927
ARHGEF40	S+	5.10685743820532	7.81884424366675e-06
SLF2	O+	2.11602323881268	0.00765555641435337
EDEM2	S+	3.65574210477239	0.000220931629237007
NUP133	O+	2.43036099953092	0.00371226525394167
CCAR1	O+	4.78825708603183	1.62833183595712e-05
NGLY1	O+	2.07567592720827	0.00840086629682243
ZNF83	O+	4.59148871697948	2.56159981388082e-05
EXOC2	O+	3.21903879909205	0.000603894676096386
MINDY1	S+	5.36425383693824	4.32261108716549e-06
ADAP2	S+	2.27690932535291	0.00528555595312149
BDP1	O+	2.65761924133399	0.00219978764571915
CAND1	O+	4.12317418432417	7.53053472816878e-05
PSENEN	S+	3.9111579424861	0.000122699292211222
ZC3H15	O+	2.61146196702321	0.0024464595133204
ECHDC1	O+	3.77367662095474	0.000168392745983635
TMEM126B	O+	2.24946929946364	0.00563028916837966
ACSS2	S+	4.04054335652021	9.10870513631335e-05
BIN3	S+	3.60278097524867	0.000249585312605046
APOBR	S+	5.33750031162422	4.59726658657898e-06
INKA2	S+	2.53060582635099	0.00294709525808926
ZMAT5	S+	2.50739617914734	0.0031088790111753
LIN37	S+	3.11454572745924	0.000768164570324167
NSFL1C	S+	4.79107453488452	1.61780236186036e-05
TMEM234	S+	2.22755125729327	0.00592173191937311
ZNF253	O+	2.50973599333473	0.00309217458745436
MEPCE	S+	2.17019625902382	0.00675777520421004
BCCIP	O+	2.90906208506895	0.00123292856590369
CLDND1	O+	2.61865142782301	0.0024062933573469
PANX2	S+	3.42391868378859	0.000376774338663673
CFAP298	O+	1.98575487214988	0.010333444894798
RETN	S+	2.57387706622762	0.00266761366697987
GPR137	S+	3.19050463241651	0.000644904440936791
BDH2	O+	2.10726510820946	0.00781150817835356
C15orf39	S+	6.26795373535189	5.3956809872005e-07
SMARCAD1	O+	3.35280518116302	0.000443807685620364
MCCC1	O+	3.07360922019683	0.000844093935045386
NCLN	S+	2.40242604101011	0.00395889477833449
GPR108	S+	3.95258572309208	0.000111535797500699
CMC2	O+	2.29751253195073	0.00504066073621192
NIT2	O+	2.54384871758028	0.00285858613169837
ATXN7L3	S+	2.63172100814411	0.00233495756313686
POGLUT1	O+	2.58477910312309	0.00260148242874831
ADPRM	O+	5.01683014380537	9.61988446523674e-06
TULP4	O+	2.34594716836851	0.00450871549426071
SLC12A9	S+	4.61870838104031	2.40597781761875e-05
COQ8A	S+	2.55540904018878	0.00278349829621964
CHRNA10	S+	2.35609896440937	0.00440454483956531
AGTRAP	S+	4.40837446187846	3.90504046156095e-05
PCNP	O+	2.13743208640723	0.00728732122420134
AVEN	N+	2.67166899971969	0.00212976163884393
PNPLA2	S+	2.37485303763907	0.00421839226864452
GOPC	O+	2.77278274021272	0.00168739695004034
NUP107	O+	2.93215231018398	0.001169089311124
MRPL47	O+	2.0856553016882	0.00821002913509671
APMAP	S+	2.26694629321099	0.00540821199167494
RGL3	S+	2.00784958730547	0.00982088018553927
RNPEPL1	S+	2.48069024143066	0.00330605259666096
SLC44A2	S+	5.20806546355646	6.19347710409691e-06
PHTF2	O+	2.05583221822239	0.00879362176806128
ZNFX1	S+	5.4932365637763	3.21191050798437e-06
DENND11	O+	2.02941775238383	0.00934506330304006
SELENON	S+	2.71787248798826	0.00191481804697072
SLC45A4	S+	2.69466572275649	0.00201992050193515
TTC7A	S+	2.23653162398843	0.00580053933241481
ERGIC1	S+	3.66250477907931	0.000217518009769098
PBXIP1	S+	2.68411390392261	0.0020695984768209
RCN3	S+	4.44118825571011	3.62086009236278e-05
ZNF286A	N+	2.36578467861823	0.00430740116702014
SCYL1	S+	5.49717422613642	3.18292037179438e-06
RHBDD2	S+	3.7735610312716	0.00016843757053351
SLC24A3	S+	3.45832080228327	0.000348080102134753
ODF2L	O+	2.78359091623747	0.00164592136917478
COG6	O+	2.04245416319614	0.00906871673618264
ELAPOR1	S+	3.02578944946403	0.000942346345222379
PREX1	S+	3.26984546357872	0.000537222924147852
TMEM181	O+	3.48660318219272	0.000326134556256329
MRTFA	S+	4.02039071458289	9.54133809886548e-05
ZNF687	S+	5.68438789558763	2.06829320143723e-06
VPS18	S+	3.96538981205705	0.000108295444435123
LRFN1	S+	3.46128351971535	0.000345713612521527
PHF12	S+	3.29044352033571	0.000512337895082505
GRAMD1A	S+	4.16230357178074	6.88171096686454e-05
CALCOCO1	S+	3.97112743591333	0.000106874123029418
FBRSL1	S+	2.13883002453657	0.00726390198559989
ZFP14	O+	3.33141191697105	0.000466216975920236
GPAM	O+	2.54033668123868	0.00288179656103276
TNRC6C	O+	2.05522353850888	0.00880595499359615
NCKAP5L	S+	2.48426576453075	0.00327894578111975
GBA2	S+	2.90826461503196	0.001235194601742
WDFY4	S+	2.55839284047241	0.00276443994380236
DENND1A	S+	2.97437319683768	0.00106078361553291
METTL14	O+	2.63460349841335	0.00231951134789374
ANKRA2	O+	2.11247888634431	0.00771829037904809
GATAD1	O+	2.64576491583488	0.00226065913680266
RAB40C	S+	3.0801184318958	0.000831536980447619
NFE4	S+	2.5750896853162	0.00266017565532639
CTDSP1	S+	4.83033296140695	1.47797483181165e-05
CXCL16	S+	4.46878541066293	3.39793126370433e-05
TP53INP2	S+	2.73197023597457	0.0018536586580772
ENOPH1	O+	2.82647720515681	0.0014911550197509
TRAPPC1	S+	2.916849226214	0.00121101848922849
CREBZF	O+	2.27350598489745	0.00532713883083177
OSTC	O+	2.83128799953451	0.00147472825258248
SCAF1	S+	2.88824025007958	0.00129348009515371
EPS15L1	S+	5.37804270243007	4.18752388855043e-06
SINHCAF	O+	2.70247955648401	0.00198390304277782
PGAP6	S+	3.54409835880074	0.000285694343095522
MRPS35	O+	3.26254055543192	0.000546335529413366
PPCDC	S+	2.865978690274	0.00136151148673389
NIF3L1	O+	2.37394293709618	0.00422724153269808
CCDC90B	O+	3.35649884330024	0.000440049119861088
LDAH	O+	2.43402923378845	0.00368104194505817
RINT1	O+	3.64950200736488	0.000224128968622959
RIC8A	S+	2.82985923685519	0.00147958787317665
MIIP	S+	3.09123538470252	0.000810521641479261
GAS5	O+	4.71894320175349	1.91010305084872e-05
ZFAND3	S+	5.13476805169116	7.33216025126787e-06
ABHD4	S+	5.21322310047933	6.12035903313477e-06
FAM111A	O+	4.34737463898243	4.4939202494007e-05
NAPB	O+	2.36428308299117	0.00432232000574168
PCIF1	S+	2.86527292863179	0.00136372584546034
GPSM3	S+	4.57013379550208	2.69070573563385e-05
RBM26	O+	2.8611052599279	0.00137687571516397
PARVG	S+	5.13590489573793	7.31299209987399e-06
LRRC4	S+	2.39206530079436	0.00405447567510939
MOAP1	O+	4.24639497754288	5.67028675602235e-05
TMBIM1	S+	2.48645566183227	0.00326245355866819
VSIR	S+	6.33810448354922	4.59087551227903e-07
SLC39A8	O+	2.53475083643876	0.00291910128134285
C17orf75	O+	2.3394649343178	0.00457651684977488
DPEP2	S+	4.29956415732714	5.01690459981808e-05
DPEP3	S+	3.87302385754691	0.000133960309560547
SEMA4A	S+	4.99017798585841	1.02287370450938e-05
PDLIM2	S+	2.61604445145164	0.00242078125922625
NOC3L	O+	2.37303905733445	0.00423604868349259
FBRS	S+	4.82148267239657	1.50840279201889e-05
ARHGAP9	S+	3.42860902844022	0.000372727101078571
HS1BP3	S+	4.19861999005249	6.32965457228907e-05
SIL1	S+	3.05653634228543	0.000877937617145109
MMP25	S+	3.45551109221737	0.000350339340249265
ZMAT3	O+	3.44747908844521	0.000356878932816776
ARAP3	S+	3.78795433820235	0.000162946734611485
MTMR14	S+	3.66839719086306	0.000214586703990157
ACTR6	O+	3.8306208953002	0.000147699527064943
MRPS25	O+	3.45066356695565	0.000354271676931529
MOSPD3	S+	2.79858176422573	0.00159007729323963
GIGYF1	S+	2.16500496434319	0.00683903829653374
CSRNP1	S+	5.00107296459042	9.97532457130075e-06
GORASP1	S+	2.80659545015854	0.00156100591908731
SMAP2	S+	3.59862769558364	0.000251983616340957
PLPPR2	S+	4.30245579144491	4.98361183546956e-05
MICAL1	S+	2.87145814422773	0.00134444133294721
ELOVL1	S+	2.39134250723625	0.00406122913162821
ISL2	S+	3.03911839731705	0.000913864069978346
AIDA	O+	3.65535767682681	0.000221127279647215
MRPS9	O+	3.13658071263747	0.000730162101304186
MRPS6	O+	2.39380109421324	0.00403830303889407
MRPL32	O+	3.2330557130072	0.000584715069780158
MRPL1	O+	2.71949835020663	0.00190766297078662
MARCKSL1	S+	3.04198791934639	0.000907845783130635
INTS3	S+	2.52244458716134	0.00300300055759629
NADK	S+	4.94497777914109	1.13506889046139e-05
CAPRIN2	O+	2.01110326073292	0.00974757845279829
ZBTB10	O+	3.0073373366485	0.000983247075505295
YIPF2	S+	2.12964586318857	0.00741914974542252
PRR14	S+	5.94048235064639	1.14687912865521e-06
MIS12	O+	2.65443990070158	0.00221595072666441
CUEDC2	S+	2.24142901350493	0.00573549606970492
DDX50	O+	3.45099941670167	0.000353997816535471
KXD1	S+	2.23594078428854	0.00580843609692213
TSEN34	S+	5.50986807528275	3.09123430762122e-06
ATG9A	S+	2.98073528700939	0.00104535719556865
C2orf49	O+	2.26163720921618	0.00547473107229309
ZNF426	O+	2.23972926443254	0.00575798773643619
TMUB2	S+	5.55886910325937	2.7614100222272e-06
BBLN	S+	2.57681424227344	0.00264963320525958
TAF1D	O+	3.15145996829921	0.00070556987794284
PHF23	S+	2.875258041953	0.00133272933766954
MBOAT7	S+	6.60261719490449	2.49679453513661e-07
GNPTAB	O+	3.1896217205548	0.00064621685216865
LILRA6	S+	3.18568445046915	0.000652102026033462
RBM42	S+	2.50030802789306	0.00316003557694469
EFHD2	S+	5.39982631180676	3.98266418130523e-06
CYBC1	S+	4.42411817444071	3.76601309298895e-05
HAUS3	O+	3.0169678321839	0.000961683506810079
WDR25	S+	2.196436534706	0.00636155762183731
RIPOR1	S+	3.25123030548857	0.000560750532295272
TTC13	O+	2.90987950350319	0.00123061016046935
ABHD8	S+	1.99386420914544	0.0101422845497353
CORO7	S+	4.2381141130644	5.77944169709269e-05
OBI1	O+	2.11323805385822	0.00770481022393679
CERS4	S+	3.07334018172268	0.00084461699971414
RIC3	O+	3.27143899656992	0.000535255333446613
NAA16	O+	3.09693562141538	0.000799952828961187
CCNJL	S+	4.30600018128329	4.94310480651608e-05
RNASEH2B	O+	2.98917984035771	0.00102522729404596
GALNT14	S+	2.79818256421218	0.00159153955151255
ARMC7	S+	2.73135822059928	0.0018562727077094
USB1	S+	5.17491022515965	6.68482088033353e-06
RHBDF2	S+	2.27573091290844	0.00529991722893176
NLRX1	S+	6.82893617290495	1.48273598286374e-07
SMC6	O+	3.13927936377402	0.000725639033536161
LRRK1	S+	4.99195866932359	1.01868832936031e-05
COLGALT1	S+	4.89506524635524	1.27331177028956e-05
IGFLR1	S+	2.61642546082788	0.00241865842339324
NPEPL1	S+	3.76607755162785	0.000171365127480993
VPS37B	S+	3.94857253066126	0.000112571245018833
ZNF768	S+	3.31029313005838	0.000489448351311892
PALB2	N+	2.23337241459593	0.00584288832063632
NSUN7	S+	3.64847751608728	0.000224658308110858
TBC1D17	S+	2.27218749066758	0.00534333630705983
DHRS12	S+	2.12441806724057	0.00750899703356288
MICALL2	S+	2.26920493962676	0.00538015837810087
CCDC82	O+	2.70437651306082	0.00197525644237603
CAMKMT	O+	2.26907778322068	0.00538173385693657
TREML2	S+	3.17411802387693	0.000669702586296345
ZC3H14	O+	2.01683849342808	0.0096196995178404
RIN3	S+	4.5056654090844	3.12129337750412e-05
NAA60	S+	2.73313050595107	0.00184871299528943
DOK3	S+	6.50977180223785	3.09191963875004e-07
KIAA0319L	S+	4.684838766244	2.06614707972312e-05
COQ8B	S+	3.81205535036759	0.0001541503977395
SLC35E1	S+	2.85407021518911	0.0013993610605571
ERMP1	O+	4.32659676426377	4.7141482466297e-05
PAQR6	S+	2.01461545366742	0.00966906648186196
TRAPPC13	O+	2.0457750263474	0.00899963660856643
PHC3	O+	2.23286907446105	0.00584966405746643
DGLUCY	S+	2.73504848858939	0.00184056649239861
UBTD1	S+	4.89966280031386	1.25990326004037e-05
MYO15B	S+	2.8141611260619	0.00153404773557615
SLC8B1	S+	2.75686628157143	0.0017503855459782
RPF1	O+	2.13364061547256	0.00735121939825337
SIKE1	O+	2.40847405260513	0.00390414507549074
THOC7	O+	2.39355768029425	0.00404056706648803
SLC66A2	S+	2.11252666183186	0.00771744135881015
GOLGA2P10	N+	2.26042496497761	0.00549003401214674
NAA15	O+	2.78128206149695	0.00165469493869719
PGGHG	S+	2.62874676642323	0.00235100327212823
IFT74	O+	4.0027453184235	9.93698608291676e-05
FUZ	S+	2.09522950310524	0.0080310161063823
ORAI2	S+	2.32032916823216	0.0047826745789714
RUFY1	S+	2.08535016147772	0.00821579962130667
ATOSB	S+	4.5646184931172	2.72509412148613e-05
PLEKHO2	S+	6.7480122445874	1.78643720696622e-07
ABTB1	S+	5.27537550868036	5.30425618327348e-06
DNAJC5	S+	4.45983777526721	3.4686639342888e-05
REEP4	S+	2.17903685229659	0.00662160313341008
SKIC8	O+	2.72243516450398	0.0018948063674577
AKNA	S+	3.06050760396471	0.000869946201238943
MPIG6B	S+	4.10050877552828	7.93398224892778e-05
LY6G5C	S+	2.49823578103948	0.00317514979505396
THUMPD2	O+	2.93975009216532	0.00114881449831806
STARD5	N+	4.02875626435335	9.35930791793143e-05
CPTP	S+	2.39498826156012	0.00402727919413297
LIMD2	S+	2.26248668544862	0.00546403301196022
B9D2	S+	3.9628290892076	0.000108935871155959
CYB5B	O+	2.21472409642696	0.00609924253851268
CMIP	S+	3.3468383355235	0.000449947314907494
EEPD1	S+	3.23255861324511	0.000585384726304695
SH3BP5L	S+	5.71214982527378	1.94021641570446e-06
POLR1HASP	O+	2.35481483201579	0.00441758757696448
ZBP1	S+	2.24189289474402	0.00572937310771028
HM13	S+	3.99912868665885	0.000100200828702315
SLC38A1	O+	3.46171808452868	0.000345367856730082
TMX1	O+	2.07413274897884	0.00843077018547237
TRIM11	S+	2.68625397922343	0.00205942519111752
NDEL1	S+	3.47901941476924	0.0003318796208219
TRIM8	S+	5.5755978655155	2.65706472935022e-06
ANP32E	O+	2.77510915211855	0.00167838213390092
ITM2C	N+	2.16580847881557	0.00682639667650685
TSC22D4	S+	4.04866921880338	8.93986130684823e-05
NUAK2	S+	6.85335940875532	1.40165325932801e-07
RNF170	O+	2.02329769306798	0.00947768579708413
TMEM14B	O+	2.82941150547728	0.00148111402545174
MED25	S+	5.37749960220319	4.19276380725241e-06
ISG20L2	S+	2.09700099336724	0.00799832425538151
RAB1B	S+	5.45073494992208	3.54213451727035e-06
SLIRP	O+	2.17152898563058	0.006737069295024
SH3BGRL3	S+	3.89001071054831	0.000128821778134031
PUS7L	O+	2.26015282920858	0.0054934752320581
FAM110A	S+	3.342073507109	0.000454911057037858
RASSF5	S+	2.6965494700399	0.00201117809391457
BCL2L12	S+	2.257014275428	0.00553331920682047
CCM2	S+	2.60312361840238	0.00249388476183145
C19orf12	O+	2.00933381344378	0.0097873740550713
C11orf68	S+	4.60500252225115	2.48311868405052e-05
DYNLRB1	S+	2.19751212021662	0.00634582190922193
SESN2	S+	2.63029478733252	0.00234263815619697
FERMT3	S+	4.60223201616358	2.49900994153961e-05
YPEL3	S+	4.51345171893612	3.06583149282488e-05
FRMD8	S+	2.19223850943772	0.00642334857659703
ARMC10	O+	2.28391726401304	0.005200950686656
KLF16	S+	3.05297259553777	0.000885171463367136
TMEM120A	S+	5.34005684919372	4.57028360638295e-06
RAB34	S+	3.14237301886845	0.000720488380339106
SNX25	O+	3.4841725893238	0.0003279649334216
STK40	S+	5.74400054281609	1.80301548730472e-06
TATDN1	O+	4.8589892735398	1.38360055152886e-05
SPNS1	S+	2.00550955003113	0.00987393922953425
FAM234A	S+	2.00943560239448	0.00978508038145392
EMILIN2	S+	3.041866857857	0.000908098884394692
TMEM222	S+	3.15691065396481	0.000696769843631126
FHIP1B	S+	2.9839535709799	0.00103763934055848
PRAM1	S+	4.91556246866312	1.21461189884367e-05
WDR75	O+	3.36317173078226	0.000433339491349055
KAT8	S+	3.15720727466509	0.000696294116206017
ZCCHC7	O+	2.35148344862731	0.00445160428080985
DRC7	S+	2.2608485778968	0.00548468161745813
LRRC8C	O+	2.1479929453182	0.00711225066703143
TRAF7	S+	3.59003888847794	0.000257016562947739
ZDHHC18	S+	3.88236479433343	0.000131109815325914
MED10	O+	2.39726107743035	0.00400625807816789
CAMKK1	S+	2.69415419151087	0.00202230105531006
DCUN1D5	O+	2.67028830969891	0.00213654325809191
POLR3GL	O+	2.71831539563878	0.00191286624861501
RPAIN	O+	2.42584059463466	0.00375110659254425
CARD19	S+	3.20766106779719	0.000619924688114007
POLDIP3	S+	2.61115375062586	0.00244819636838262
UTP23	O+	2.86460593706366	0.00136582187134822
UQCC2	O+	2.28855135961082	0.00514574949846448
NUDT22	S+	2.16369336147944	0.00685972394057508
VPS25	S+	2.33914595301353	0.00457987945190912
SARNP	O+	2.11688985699201	0.00764029527324453
ARFGAP2	S+	2.73388328560365	0.00184551132416608
NIFK	O+	2.10975439126348	0.00776686235710667
CYSTM1	S+	2.80558720079149	0.00156463412911082
RAB11FIP4	S+	2.37790849326281	0.00418881815077078
ZNF527	O+	2.86153578713959	0.00137551145942495
ACRBP	S+	3.73217471555815	0.000185278610235893
ZC3H8	O+	2.14000159201274	0.00724433304482499
ZNF559	O+	3.45446082428573	0.000351187602111153
MAK16	O+	2.44470061222472	0.00359169448465791
MAP1LC3A	S+	2.56069663041746	0.00274981432193562
NTNG2	S+	2.87018247652711	0.00134839621097479
TNRC18	S+	2.46385694370776	0.00343671134283334
DGAT2	S+	6.03757999940721	9.17106983731604e-07
GLYR1	S+	2.39961861435447	0.00398456931035409
DPY30	O+	2.24624105253391	0.00567229680603566
GLIS2	S+	3.22705190199968	0.000592854469037322
PPP1R9B	S+	5.38667659265591	4.10509684642725e-06
HDGFL2	S+	2.09670162837997	0.0080038395077749
PSRC1	S+	3.82019420197483	0.000151288458574256
PLEKHA8	O+	2.11794628782382	0.00762173267390138
TUBA1C	S+	5.20990537539581	6.16729360958903e-06
NFKBID	S+	3.36446166081729	0.000432054307356468
TRIM52	O+	5.16579912370954	6.82654372500782e-06
ORAI1	S+	2.44066951297737	0.00362518761009141
ZDHHC12	S+	3.53567356541513	0.000291290576184052
ATAD1	O+	3.33674540708128	0.000460526465146174
ZNF341	S+	2.30829724387667	0.00491702884616996
FAM136A	O+	2.83241345363909	0.00147091150997554
SPRYD3	S+	3.40906392840745	0.000389884591207344
HSH2D	S+	4.52583935753045	2.97961836546147e-05
RELT	S+	2.4904173520844	0.00323282836457187
RBM17	O+	2.03176373743965	0.00929471895592873
UBL7	S+	2.02000037867661	0.00954991753330234
SMIM3	S+	2.16280282183747	0.0068738045330696
H2BC12	S+	2.42883794323921	0.00372530689955949
LGALS12	S+	3.75111337443381	0.000177372638158015
STON2	S+	2.32692086182529	0.00471063156826821
ITPRIP	S+	3.63683111715041	0.000230764438131648
GFM1	O+	2.90537922852959	0.00124342836852228
CCDC65	O+	2.33250217823593	0.00465048043678077
FGD3	S+	4.39784611525809	4.00086488379069e-05
FCHSD1	S+	2.84907905646801	0.00141553608046141
ATG16L2	S+	4.34589935484385	4.50921190730728e-05
AQP10	S+	3.19591513722424	0.000636919965306652
ZNF628	S+	1.99036156363261	0.0102244142363912
MIDN	S+	5.07979204267376	8.32162147772135e-06
TMEM250	S+	2.40319399770795	0.00395190050728685
KIAA2013	S+	3.76824615735651	0.000170511565847073
ZNF766	O+	4.5821912426423	2.61703033870668e-05
TMEM41A	O+	2.69828132932061	0.00200317398152705
BMF	S+	2.47932624097223	0.00331645232853063
YIF1B	S+	2.94565249859245	0.00113330681775582
LRSAM1	S+	2.54696844821188	0.00283812521266982
CEP95	O+	2.98439172716573	0.00103659300254043
PRMT9	O+	2.66606686218674	0.00215741223729584
CFAP119	S+	4.12853787562286	7.43810191020023e-05
SPOCD1	S+	3.38547301291291	0.000411648926398824
DMAC1	O+	3.23464838798018	0.000582574689025916
ESAM	S+	4.87633185259842	1.32943818099567e-05
AP5B1	S+	5.57071192180919	2.68712629145427e-06
BOD1	O+	3.06720818824158	0.000856627104476615
RLIG1	O+	2.2697867942095	0.00537295503147671
R3HDM4	S+	4.17611640625363	6.66628065408831e-05
CDKN2AIPNL	N+	2.33123131773496	0.00466410890285693
RNF185	S+	2.73109040889152	0.00185741774845143
UBXN11	S+	2.62939411948185	0.00234750151121946
SLFN11	O+	2.12997062365962	0.00741360386350913
NLRP12	S+	6.42324092157167	3.77362793700813e-07
MYADM	S+	3.36716272435957	0.00042937551533279
NXPE3	O+	2.55579441236567	0.00278102944833077
CHMP7	O+	2.01650901448298	0.00962700030372887
FDXACB1	O+	2.15850010280597	0.00694224437377649
NDUFAF2	O+	2.01676380646608	0.00962135398950478
OXNAD1	O+	3.08309897154423	0.000825849724904585
TMEM88	S+	4.52194154535427	3.0064809380974e-05
ZNF585B	O+	2.26395530361874	0.00544558694426162
STRADA	S+	3.81266022999207	0.000153935848544657
METTL18	O+	2.91313350400899	0.00122142413136811
MRRF	O+	2.64584725436595	0.00226023057573124
G6PC3	S+	3.65591652828536	0.000220842915391689
ARRDC1	S+	2.74165175698924	0.00181279311475607
SHKBP1	S+	5.32992349463608	4.67817544819263e-06
UBE2Q2	O+	3.76866293972569	0.000170348008334943
ZBTB47	S+	2.95065038020235	0.00112033942663692
ORAI3	S+	3.80668883767831	0.000156067028783994
MVB12A	S+	2.3037871178367	0.00496835800394051
TBC1D31	O+	2.78089522553371	0.00165616946967932
PIGS	S+	2.04598966826927	0.00899518980552437
ZNF101	O+	2.61037491776309	0.00245259072886946
SFXN5	S+	3.97124053411291	0.000106846294683301
ORMDL1	O+	2.51426420630042	0.00306010123180496
SYTL3	S+	2.04618159774535	0.00899121540403404
EPSTI1	S+	2.12450902689106	0.00750742449637216
CMTM7	S+	3.28292836492232	0.000521280687106476
TP53RK	O+	2.69950529435242	0.00199753641693314
NACC1	S+	3.01936320077547	0.000956393903868174
KTI12	N+	3.44504220923777	0.000358887052587494
RPUSD1	S+	2.05433906090499	0.00882390734350735
SCAMP4	S+	3.02012163237986	0.000954725159744526
MISP3	S+	2.13954425024087	0.0072519658408673
HELQ	O+	2.35868598565138	0.00437838567617424
HENMT1	O+	2.31615316230436	0.00482888472096574
DTX2	S+	3.74114280094893	0.000181491879877523
NLRP3	S+	2.2987776366774	0.00502599860045655
MBD6	S+	5.66001332701191	2.1876944900598e-06
STK11IP	S+	2.33098892001637	0.00466671286162663
SMYD4	O+	2.30265152226361	0.00498136629312944
TMEM123	O+	2.35326541156176	0.00443337623003945
HAUS1	O+	3.44004385363637	0.000363041394186585
OMA1	O+	2.76079676036133	0.00173461556727166
UHRF2	O+	3.24705058878052	0.000566173334512009
RASGRP4	S+	7.48082634710611	3.30501665897738e-08
DHRS1	S+	2.1693504540514	0.00677094905180225
BATF2	S+	2.31228772634062	0.00487205602437348
DNTTIP1	S+	3.22657662217966	0.000593503627649615
KLHDC3	S+	2.76183251151519	0.00173048360277285
CMTM5	S+	3.4833269283737	0.000328604170966999
PABIR1	O+	2.06022811876921	0.00870506225243567
SLC26A8	S+	2.84811007956792	0.00141869788220476
LRG1	S+	5.68817449029298	2.05033823098789e-06
ARAP1	S+	4.91724128184603	1.20992574594332e-05
SSX2IP	O+	2.55035505965269	0.00281607968967007
FRA10AC1	O+	3.2848957695266	0.000518924565639272
CYP2R1	O+	2.99330943457371	0.00101552487414032
JAML	S+	2.47468409308606	0.00335209182511728
DNAJC24	O+	2.05489317633239	0.00881265611768974
ARL14EP	O+	3.54972121991716	0.00028201926739458
AEBP2	O+	3.17567079009145	0.000667312422928455
TDRD9	S+	2.4952345375992	0.00319716803587335
TRAPPC6B	O+	2.24795477539472	0.00564995806741006
JDP2	S+	2.023002503011	0.00948412997205642
TC2N	O+	4.09611829676233	8.01459725351277e-05
TARS3	O+	3.11217976981216	0.000772360811521253
SPATA2L	S+	3.48292396599423	0.000328909209539186
ZC3H18	S+	2.30668379923633	0.00493533004273501
UBALD1	S+	2.22532389043274	0.00595218073080397
SNX20	S+	2.5773853060936	0.00264615143114608
METTL23	O+	3.13880296052369	0.000726435466568376
CANT1	S+	4.32794587864795	4.69952669996658e-05
CD300LB	S+	4.13733572140653	7.28893837721555e-05
HEXIM2	S+	3.46969253033911	0.000339084134289449
SLC43A2	S+	6.16451277625998	6.84679340606498e-07
SPNS2	S+	2.12913556989119	0.00742787232341024
ZSWIM7	O+	2.57728171290945	0.00264678269854669
LOXHD1	S+	2.29268532730203	0.00509700045899711
ZNF816	O+	3.4432353973543	0.000360383254263447
RAVER1	S+	4.24278549431679	5.71760969740878e-05
OSCAR	S+	4.89637394913243	1.26948054862998e-05
CCDC159	S+	3.17575696158065	0.000667180029809962
ZNF787	S+	2.03403624862207	0.00924620996729606
MOB3A	S+	5.42031004442991	3.79918074570807e-06
LRRC25	S+	5.16858680851575	6.78286528326791e-06
TYW3	O+	3.39293925765392	0.000404632481427477
TPRG1L	S+	3.39298763340697	0.000404587412213695
RNF19B	S+	4.28666923767119	5.16809826131755e-05
ARL8A	S+	7.13316758312923	7.35923068814742e-08
UHMK1	O+	2.11167640316178	0.00773256531096158
FITM2	O+	2.76642136495149	0.00171229518346407
TSHZ2	O+	2.13363053813248	0.0073513899774351
CHMP4B	S+	3.0063182810675	0.000985556936532098
TANGO2	S+	3.2395924655747	0.000575980173649528
MITD1	O+	2.27175466887885	0.00534866417856768
CMPK2	S+	2.25022882094942	0.00562045116997545
ZFAND2B	S+	2.45775906799311	0.00348530614503872
SLC66A3	O+	2.8146913948399	0.00153217582321558
ZDHHC19	S+	2.43165022248501	0.00370126156597587
PPM1M	S+	3.75320765734647	0.000176519359382872
JMY	O+	3.18781008688408	0.000648918137645576
GRPEL2	O+	2.3699641681941	0.00426614715530377
LSM11	O+	2.64390358988748	0.00227036880076386
NUDCD2	O+	2.74677149166044	0.0017915482469287
PM20D2	O+	2.07009974037143	0.00850942587695686
NDUFAF6	O+	2.27688291175572	0.00528587742805906
SELENOM	N+	2.37291609675415	0.00423724819389112
SIRPA	S+	4.94945163024821	1.12343608592819e-05
SESN3	O+	2.71975277247807	0.00190654573391727
POGLUT3	O+	2.06876626615908	0.00853559369296165
ZNF664	O+	2.02744955172872	0.00938751077013353
IFITM3P2	S+	2.25020678530569	0.00562073635297179
GLT1D1	S+	4.28079818758417	5.23843805150028e-05
TTC7B	S+	3.22855759860771	0.000590802604772206
ZSCAN29	O+	2.77350804868939	0.0016845812064913
ZFP90	O+	3.24965796938184	0.000562784374129014
B3GNTL1	S+	3.95940671317568	0.000109797711136347
CD300LF	S+	3.55165398185806	0.000280766971919655
PIK3R6	S+	2.26637839376303	0.00541528859451943
DHRS13	S+	4.03289599975555	9.27051797349605e-05
LINC02210	O+	2.01412271675694	0.00968004292729859
ZNF582	O+	2.60942777182495	0.00245794538185461
ZNF570	O+	2.23205220318924	0.00586067713601382
PDIK1L	O+	2.29640929475136	0.00505348179197978
CCDC17	S+	2.48752889217015	0.00325440132326224
NFAM1	S+	6.5979087173836	2.52401122853469e-07
FAM117B	O+	2.79427937730379	0.00160590785617265
PLB1	S+	4.67553180071491	2.110902621728e-05
GPBAR1	S+	2.05224900571997	0.00886647500846693
ASPRV1	S+	2.16916076249497	0.00677390711932899
TTC14	O+	4.16742473504468	6.80103899492519e-05
BTLA	O+	2.03809600301792	0.00916017977277578
GLIPR2	S+	6.3773228594231	4.19447046384565e-07
CIDECP1	S+	2.35354963829808	0.00443047572850367
PPM1K	O+	2.62735792590815	0.0023585336350067
CEP120	O+	3.58039470163604	0.000262787860058805
ZNF746	S+	3.86574481272279	0.000136224488939324
TTC39B	O+	3.45261640312008	0.000352682245201327
ZFPM1	N+	2.0995244952422	0.0079519841318581
SLFN5	O+	4.35991689391187	4.36599371396044e-05
PHOSPHO1	S+	2.24515412022286	0.00568651095016499
ZNF600	O+	2.68359829187585	0.00207205704735304
DEDD2	S+	5.66389265136059	2.16823998279582e-06
ZNF564	O+	2.00864604051228	0.00980288616545527
ZNF567	O+	2.17919670230423	0.00661916638004087
ZNF383	O+	3.55740022875427	0.00027707654989521
GBP6	S+	2.1167981045916	0.00764190959144694
DENND1B	O+	2.05480260532975	0.00881449416622091
CNST	O+	1.98408198394603	0.010373325748644
OXER1	S+	3.525025192153	0.000298520945062416
MIER3	O+	2.06534694788494	0.00860306198726714
ZNF92	O+	2.06579797493765	0.00859413210283212
GIMAP7	O+	5.8825751538526	1.31046324951485e-06
ZNF467	S+	3.75244152590094	0.00017683102898137
PWWP2B	S+	2.05784476101247	0.00875296594939624
COMMD6	O+	4.21349592687122	6.11651539439722e-05
PPP1R18	S+	5.44152086947008	3.61808804051853e-06
ASXL1	O+	2.25252576749449	0.00559080355315438
NLRP6	S+	3.69781032621996	0.000200534765171154
CYP2T1P	S+	5.18911390959179	6.46972901216662e-06
METTL15	O+	2.15808400759374	0.00694889888816985
RILPL2	S+	2.16432491796632	0.0068497556936486
ADCY4	S+	2.11103013097338	0.00774408068180536
UBR1	O+	2.57422334896504	0.00266548750506448
FAAP20	S+	2.25359131132568	0.00557710330046686
SLC5A9	S+	3.128255079289	0.000744294690141543
CRTC2	S+	6.48433985456225	3.27838644526558e-07
LINC00528	S+	2.3447818378088	0.00452082985359425
APOBEC3A	S+	3.23953602549431	0.000576055031795593
RPL22L1	O+	2.02098568777609	0.00952827564046696
KLHDC8B	S+	3.33682812595977	0.000460438758286713
ARHGAP27	S+	3.08980214283353	0.000813200912264966
SAMD14	S+	2.18543875366164	0.00652471049178523
UNC13D	S+	4.54072552323626	2.87921752288224e-05
STT3B	O+	2.72994814499882	0.00186230948417011
PRIMPOL	O+	2.0722337947645	0.00846771446966563
TPCN2	S+	2.89066019052529	0.00128629271347168
SAXO4	S+	2.02085981344805	0.00953103768136363
DDIAS	O+	2.00745728850106	0.009829755408051
OAF	S+	4.00352315975355	9.91920441386431e-05
TIGD3	S+	3.14770261710189	0.000711700683475653
HNRNPA3	O+	2.86259971171063	0.00137214588741801
NSUN6	O+	2.52251107525929	0.00300254084990802
MICU2	O+	2.0473758335051	0.00896652505773252
CPNE2	S+	4.03091160039451	9.31297419544059e-05
OARD1	O+	2.19175319865915	0.0064305304838803
C6orf89	S+	2.81133233582271	0.00154407241446747
SMIM29	S+	2.18078364495587	0.00659502361602677
POLR1F	O+	2.04530063557749	0.00900947250868269
EEF1A1P6	O+	2.5218191772848	0.00300732817221714
ADGRG3	S+	3.58888094603603	0.000257702750558368
CNOT6L	O+	2.06591688430163	0.00859177936077135
PELI3	S+	2.51281700918632	0.00307031539916908
GPATCH11	O+	2.77077690509215	0.00169520839691061
KCTD13	S+	3.47882404626901	0.00033202895131681
EHBP1L1	S+	2.80711765761387	0.00155913005128682
INAFM1	S+	2.78306269878622	0.00164792446466551
C19orf38	S+	7.09711005040201	7.99631602351981e-08
NATD1	S+	3.78820040575153	0.000162854436531613
KANK3	N+	2.2890626471813	0.00513969505894153
ARHGAP30	S+	5.00788432609784	9.82009465432137e-06
SVIP	O+	2.27006516130288	0.00536951226462254
LY6G6F	S+	3.01676790621546	0.000962126316414204
PRSS33	S+	2.03845632380456	0.00915258300493017
PDCD4-AS1	S+	2.27250143635075	0.00533947507636084
KCTD21	S+	2.02449663102739	0.00945155724312378
CCDC88B	S+	2.79453505022939	0.00160496272253051
SNHG10	O+	2.87638996738411	0.00132926029513901
C16orf54	S+	2.95169809157785	0.00111763992734803
UBALD2	S+	4.31185037786964	4.87696481227412e-05
GDPD1	O+	2.63178873080276	0.00233459348481647
ZNF615	O+	2.66025945059503	0.00218645503000557
TMEM150B	S+	2.44875603624967	0.00355831149622135
LINC00663	O+	2.3354962757245	0.00461852952480363
MIR23AHG	S+	2.17476543978612	0.00668704984174117
THEM5	S+	2.49941895695355	0.0031665113062612
SIRPB2	S+	3.01771980436869	0.00096001981184937
NT5DC4	S+	2.69688171067704	0.00200964010622284
ZNF621	O+	2.64867593976778	0.002245556880033
RABL3	O+	2.5981881188619	0.00252238793904151
GPRIN3	O+	3.15352612156223	0.000702221105888563
ARL10	O+	2.46649569735799	0.0034158933486293
SREK1IP1	O+	2.51442277469295	0.00305898414010701
ZNF789	O+	2.54891074439937	0.0028254605999996
DPY19L4	O+	2.60686095005161	0.00247251565436256
RAB37	S+	3.51704482543453	0.000304057117881884
ANKRD13D	S+	4.33817635078647	4.59011587508336e-05
RAB43	S+	2.96033209868406	0.00109564005568597
ZNF181	O+	2.9546255578812	0.00111013154135216
CLEC4G	S+	2.4868823615576	0.00325924973166282
C2orf74-DT	N+	2.29357710187918	0.00508654508343115
TREML1	S+	2.73168043096773	0.00185489601857607
TSPAN33	S+	4.38053435314061	4.16356785472205e-05
PRORSD1P	O+	2.46916791570803	0.00339493985187115
ZNF879	O+	2.37793222987623	0.00418858921477416
MTX3	O+	2.36366033832068	0.00432852232382014
GARIN1A	S+	2.48291089391355	0.00328919109716622
SKA2	O+	2.51142234811596	0.00308019103064317
RILPL1	S+	2.192774604795	0.00641542445364886
LILRA5	S+	3.71520849435106	0.00019265997768558
TMEM179B	S+	2.20201283285826	0.00628039800749246
ZNF710	S+	4.75585772998924	1.75445514757978e-05
PEAK3	S+	4.16519937013984	6.83597758263735e-05
TMEM205	S+	2.27489396783576	0.00531014074472997
B3GNT8	S+	5.16382034280506	6.8577185512691e-06
PEAR1	S+	2.92136012127154	0.00119850507875365
SFT2D2	O+	2.13120796799483	0.00739251189500488
ANKRD36	O+	2.43011957931471	0.0037143294409455
SLC27A1	S+	3.44251840132298	0.000360978718373175
C6orf120	O+	2.08760145166784	0.00817332085968483
THEMIS	O+	2.47929020191052	0.00331672754913419
TPTEP1	S+	2.4562115170943	0.00349774772593594
LINC01550	O+	2.30616064984883	0.00494127870361683
DIPK1A	O+	2.22277766033669	0.00598718033898385
COA6	O+	2.81516947769277	0.00153049009156222
BOLA3	O+	2.87304597022804	0.00133953488966866
RPL27AP6	O+	2.31448957489097	0.00484741748565269
LAMTOR4	S+	2.10292294897579	0.00789000086867026
RBM12B	O+	3.22759847088734	0.000592108818324047
LINC01002	S+	4.77858917725001	1.66498690725617e-05
GSEC	S+	3.72673831737074	0.000187612461992388
FAM174B	S+	2.55382480972645	0.00279367055416548
KNOP1	O+	2.08244052043512	0.00827102778127449
LINC01061	S+	3.2339117928037	0.000583563616678661
C5orf63	O+	3.18952610306687	0.00064635914371775
RBIS	O+	3.24845102418673	0.000564350580123334
TOMM5	O+	4.56613201922676	2.71561363617667e-05
LINC02908	S+	3.63527620798316	0.000231592127319686
LINC01000	S+	2.87479417652325	0.00133415357251612
IFITM10	S+	3.09847404414014	0.000797124129749445
PLPP6	O+	2.52192775684081	0.00300657639305412
CUEDC1	S+	3.25717893731764	0.000553122165750676
RAB43P1	S+	2.25519789633755	0.00555651004327281
RNASEK	S+	3.56004319988369	0.000275395474995599
PLIN5	S+	2.69635961830246	0.00201205747217289
ZNF506	O+	2.0996817147607	0.00794910594458852
NUDT4B	S+	2.35141948060392	0.0044522600139842
GIMAP6	O+	2.17058122438259	0.00675178766166488
COA5	O+	2.85758125156229	0.00138809358909803
C8orf58	S+	3.40914413856571	0.000389812589792738
ATXN7L3B	O+	3.22089663799532	0.000601316833747044
PEF1	S+	2.81520353736693	0.00153037006712724
LEF1-AS1	O+	2.22974944097148	0.00589183476995006
TMEM91	S+	3.59380707587784	0.000254796186756306
MROH6	S+	2.1265647680178	0.00747197193470865
ZFP62	O+	4.54756564044935	2.83422522860474e-05
PGA4	S+	4.41141792509215	3.87777025417551e-05
RPL23AP53	O+	2.56373150050721	0.00273066547567555
PIK3CD-AS1	S+	3.18399410280157	0.000654645063302085
NCF1	S+	3.99597522052558	0.000100931047250845
MZT2A	N+	2.01811281052712	0.00959151453964895
SCARNA17	O+	2.67558328748826	0.00211065238340523
FAM157A	S+	3.52675461508304	0.000297334555588206
CDK11A	S+	2.15779418402406	0.00695353773787725
PLIN4	S+	3.46533400512655	0.000342504273677355
RPL36AP37	O+	5.3265424775219	4.71473755124914e-06
RPL21P16	O+	2.00830116879786	0.00981067369435682
CASTOR2	S+	2.07937583140824	0.00832960042507053
BORCS8	S+	3.49597260673063	0.000319173916876491
RRN3P1	O+	2.93966431602438	0.00114904141947482
SIGLEC14	S+	2.14229680914033	0.0072061482228986
ERCC6L2-AS1	O+	2.35013856233854	0.00446541099779703
SMIM10L1	O+	2.97526787709556	0.00105860056854891
LINC01001	S+	2.296184889217	0.00505609366563547
TPT1-AS1	N+	2.12222182384149	0.00754706648993157
PPM1F-AS1	S+	2.45056882926984	0.00354348966745735
LINC00173	S+	3.56039771947649	0.000275170758226099
TIMM23	O+	2.22640070376365	0.00593744085153563
DDX11L9	S+	2.12178832513682	0.00755460348856189
SAP25	S+	2.48476433261225	0.00327518372616442
THAP9-AS1	O+	2.51529089367539	0.00305287558945345
LINC00674	O+	2.20978013768769	0.00616907233145945
SNHG21	O+	2.07021374569735	0.0085071923865708
PELATON	S+	6.22723783751722	5.92600703186285e-07
LINC01503	S+	3.68864613581118	0.000204811276424356
LINC00963	S+	4.13032834668777	7.40749988333668e-05
PTPRN2-AS1	S+	3.08762709779782	0.000817283821975079
IQCH-AS1	O+	2.65010669308904	0.00223817121968551
CHASERR	O+	2.14758496953142	0.00711893504710467
ZNF865	S+	3.21165336585372	0.000614252077694347
SNHG19	O+	2.18069484102462	0.00659637229516067
SENCR	S+	5.43768792338839	3.65016147089185e-06
SDCBP2-AS1	O+	2.15383567102446	0.00701720766313391
ARPC4-TTLL3	S+	2.0461427881199	0.00899201891710748
MMP24OS	S+	2.60774378162185	0.00246749464243717
CAPN10-DT	O+	2.72882578821058	0.00186712851584151
FAM111A-DT	O+	2.06761900087861	0.00855817177424711
LINC02648	O+	2.17811138497742	0.0066357285979566
C5orf67	S+	2.70646629648236	0.0019657745290205
C3orf86P	S+	4.75997770708822	1.73789003466033e-05
LINC02887	S+	2.41966677850886	0.00380481216495575
LINC02723	S+	2.50277294165065	0.00314215104759861
CORO1A-AS1	S+	2.00349983336582	0.00991973719848793
CSRP1-AS1	O+	2.45630985105772	0.0034969558474399
